policy_id,date,nav_units,cash_units,n_positions,spy_close,soxx_close,sleeve_units,sleeve_income_units
v1_flat10,2026-04-20,1000000,900000,1,706.8988037109375,417.351806640625,,
v1_flat10,2026-04-21,1000502,900000,1,702.2708129882812,420.5003356933594,,
v1_flat10,2026-04-22,1005789,900000,1,709.3825073242188,431.5650634765625,,
v1_flat10,2026-04-23,1003294,749132,3,706.6295776367188,440.7906799316406,,
v1_flat10,2026-04-24,1011394,798228,2,712.10546875,461.38092041015625,,
v1_flat10,2026-04-27,1009766,747658,3,713.332275390625,455.19384765625,,
v1_flat10,2026-04-28,1003589,846333,2,709.8612060546875,438.50177001953125,,
v1_flat10,2026-04-29,1003870,846333,2,709.7515258789062,449.7763977050781,,
v1_flat10,2026-04-30,1004863,846333,2,716.8132934570312,461.2209777832031,,
v1_flat10,2026-05-01,1005600,846333,2,718.7982177734375,465.5289306640625,,
v1_flat10,2026-05-04,1006608,796053,3,716.1649780273438,461.8406982421875,,
v1_flat10,2026-05-05,1003041,796053,3,721.9102172851562,482.5008850097656,,
v1_flat10,2026-05-06,1010907,796053,3,731.9443359375,506.6294250488281,,
v1_flat10,2026-05-07,1007371,796053,3,729.7001342773438,492.12628173828125,,
v1_flat10,2026-05-08,1007502,796053,3,735.724609375,520.0530395507812,,
v1_flat10,2026-05-11,1008548,796053,3,737.4002685546875,532.5071411132812,,
v1_flat10,2026-05-12,1005810,796053,3,736.2831420898438,515.7450561523438,,
v1_flat10,2026-05-13,1004345,842164,2,740.4025268554688,528.0392456054688,,
v1_flat10,2026-05-14,1009357,842164,2,746.2474975585938,529.7784423828125,,
v1_flat10,2026-05-15,1005486,842164,2,737.2706298828125,508.27862548828125,,
v1_flat10,2026-05-18,1003248,842164,2,736.751953125,495.6346435546875,,
v1_flat10,2026-05-19,1003355,842164,2,731.8446044921875,496.50421142578125,,
v1_flat10,2026-05-20,1005224,842164,2,739.3452758789062,520.0630493164062,,
v1_flat10,2026-05-21,1007117,842164,2,740.8114624023438,524.4609985351562,,
v1_flat10,2026-05-22,1006863,842164,2,743.7239990234375,537.0750122070312,,
v1_flat10,2026-05-26,1008613,842164,2,748.6613159179688,569.8194580078125,,
v1_flat10,2026-05-27,1011483,842164,2,748.5316162109375,563.7122802734375,,
v1_flat10,2026-05-28,1011556,842164,2,752.6609497070312,569.19970703125,,
v1_flat10,2026-05-29,1010462,842164,2,754.5361328125,568.8099365234375,,
v1_flat10,2026-06-01,1015095,842164,2,756.5908203125,571.6585083007812,,
v1_flat10,2026-06-02,1019620,842164,2,757.6182250976562,604.7328491210938,,
v1_flat10,2026-06-03,1017861,842164,2,752.3018798828125,615.3877563476562,,
v1_flat10,2026-06-04,1018656,791271,3,755.1445922851562,602.4338989257812,,
v1_flat10,2026-06-05,1008876,740338,3,735.65478515625,539.5138549804688,,
v1_flat10,2026-06-08,1009386,740338,3,737.3204345703125,571.1787719726562,,
v1_flat10,2026-06-09,1009386,838146,2,735.1560668945312,561.8732299804688,,
v1_flat10,2026-06-10,1002907,838146,2,723.56591796875,541.2529907226562,,
v1_flat10,2026-06-11,1006585,537273,5,735.8642578125,586.6514282226562,,
v1_flat10,2026-06-12,1013078,537273,5,739.843994140625,595.9669799804688,,
v1_flat10,2026-06-15,1030282,537273,5,752.890380859375,628.4500122070312,,
v1_flat10,2026-06-16,1028467,537273,5,748.4019775390625,591.239990234375,,
v1_flat10,2026-06-17,1028802,485850,6,739.0560302734375,599.72998046875,,
v1_flat10,2026-06-18,1063901,434410,7,746.739990234375,639.4500122070312,,
v1_flat10,2026-06-22,1064853,381272,7,744.3900146484375,655.010009765625,,
v1_flat10,2026-06-23,1035260,427123,7,733.5800170898438,603.3900146484375,,
v1_flat10,2026-06-24,1034561,478911,6,733.239990234375,601.5,,
v1_flat10,2026-06-25,1021892,574130,5,734.2999877929688,625.2000122070312,,
v1_flat10,2026-06-26,992651,622220,4,728.989990234375,589.9400024414062,,
v1_flat10,2026-06-29,1012842,522955,5,741.0,614.3499755859375,,
v1_flat10,2026-06-30,1033135,472313,6,746.77001953125,640.760009765625,,
v1_flat10,2026-07-01,1019740,420656,6,745.760009765625,599.7000122070312,,
v1_flat10,2026-07-02,1010173,420656,6,744.780029296875,566.3200073242188,,
v1_flat10,2026-07-06,1027645,420656,6,751.280029296875,581.510009765625,,
v1_flat10,2026-07-07,1014965,420656,6,747.7100219726562,551.6900024414062,,
v1_flat10,2026-07-08,1011742,420656,6,745.4000244140625,562.030029296875,,
v1_flat10,2026-07-09,1012952,420656,6,751.7100219726562,581.7000122070312,,
v1_flat10,2026-07-10,1011511,420656,6,754.9500122070312,581.3400268554688,,
v1_flat10,2026-07-13,1000273,420656,6,749.1699829101562,553.6099853515625,,
v1_flat10,2026-07-14,1009219,420656,6,751.8300170898438,567.9199829101562,,
v1_flat10,2026-07-15,1015476,420656,6,754.8099975585938,555.27001953125,,
v1_flat10,2026-07-16,998752,507713,5,750.719970703125,530.5,,
v1_flat10,2026-07-17,988592,507713,5,743.2899780273438,521.8099975585938,,
v1_flat10,2026-07-20,993860,507713,5,742.0900268554688,524.1400146484375,,
v1_flat10,2026-07-21,999275,507713,5,748.280029296875,552.6900024414062,,
v1_flat10,2026-07-22,998747,507713,5,747.4099731445312,555.52001953125,,
v1_flat10,2026-07-23,986224,597473,4,738.1799926757812,551.239990234375,,
v1_flat10,2026-07-24,982294,597473,4,738.9299926757812,527.010009765625,,
v1_flat10,2026-07-27,978491,597473,4,739.0900268554688,516.22998046875,,
v1_flat10,2026-07-28,977119,597473,4,740.8599853515625,491.4599914550781,,
v1_flat10,2026-07-29,970166,694427,3,729.4600219726562,465.0,,
v1_flat10,2026-07-30,992978,694427,3,741.6900024414062,504.5299987792969,,
v1_flat10,2026-07-31,997322,644778,4,747.030029296875,504.8900146484375,,
v1_flat10,2026-08-03,1001134,592597,5,757.6699829101562,507.67999267578125,,
v1_flat10,2026-08-04,1009246,542540,6,771.3300170898438,542.2100219726562,,
v1_flat10,2026-08-05,1003385,492078,7,769.7899780273438,530.7000122070312,,
v1_flat10,2026-08-06,1010186,492078,7,768.5599975585938,532.52001953125,,
v1_flat10,2026-08-07,1020595,340551,9,773.260009765625,543.27001953125,,
v1_flat10,2026-08-10,1015424,289521,9,773.030029296875,529.3900146484375,,
v1_flat10,2026-08-11,1024453,287934,9,770.5599975585938,534.2000122070312,,
v1_flat10,2026-08-12,1048758,287934,9,772.489990234375,546.6099853515625,,
v1_flat10,2026-08-13,1056966,183058,11,777.8800048828125,550.739990234375,,
v1_flat10,2026-08-14,1063813,183058,11,776.3400268554688,550.4199829101562,,
v1_flat10,2026-08-17,1067692,183058,11,772.6699829101562,559.1199951171875,,
v1_flat10,2026-08-18,1035597,183058,11,767.4500122070312,531.3900146484375,,
v1_flat10,2026-08-19,1016439,233249,10,769.0599975585938,519.6699829101562,,
v1_flat10,2026-08-20,1034760,233249,10,762.5999755859375,522.3499755859375,,
v1_flat10,2026-08-21,1039365,233249,10,765.719970703125,520.0499877929688,,
v1_flat10,2026-08-24,1022404,179019,10,763.469970703125,506.17999267578125,,
v1_flat10,2026-08-25,1038867,179019,10,765.9099731445312,514.0599975585938,,
v1_flat10,2026-08-26,1040907,179019,10,766.0800170898438,515.4000244140625,,
v1_flat10,2026-08-27,1055278,126974,10,771.0999755859375,525.4299926757812,,
v1_flat10,2026-08-28,1036317,126974,10,769.3499755859375,508.6199951171875,,
v1_flat10,2026-08-31,1031144,126974,10,767.0499877929688,511.0400085449219,,
v1_flat10,2026-09-01,1024390,126974,10,761.780029296875,500.30999755859375,,
v1_flat10,2026-09-02,1022786,126974,10,765.1599731445312,501.44000244140625,,
v1_flat10,2026-09-03,1029861,126974,10,773.1699829101562,502.20001220703125,,
v1_flat10,2026-09-04,1050773,126974,10,770.1900024414062,519.8599853515625,,
v1_flat10,2026-09-08,1083960,126974,10,765.9600219726562,528.4000244140625,,
v1_flat10,2026-09-09,1079883,72776,11,762.4000244140625,532.0,,
v1_flat10,2026-09-10,1067264,72776,11,757.8300170898438,517.4299926757812,,
v1_flat10,2026-09-11,1086958,19413,11,764.2899780273438,527.0700073242188,,
v1_flat10,2026-09-14,1019135,260761,8,760.8800048828125,497.3999938964844,,
v1_flat10,2026-09-15,1015299,260761,8,757.3900146484375,498.8500061035156,,
v1_flat10,2026-09-16,1026698,209996,9,754.0499877929688,502.05999755859375,,
v1_flat10,2026-09-17,1038986,0,11,762.5999755859375,519.0999755859375,,
v1_flat10,2026-09-18,1053000,0,11,761.6900024414062,533.0700073242188,,
v1_flat10,2026-09-21,1088716,0,11,773.5,559.3400268554688,,
v1_flat10,2026-09-22,1093931,0,11,773.3800048828125,572.780029296875,,
v1_flat10,2026-09-23,1089117,0,11,767.8099975585938,565.719970703125,,
v1_flat10,2026-09-24,1084385,0,11,767.1799926757812,566.0700073242188,,
v1_ladder10,2026-04-20,1000000,900000,1,706.8988037109375,417.351806640625,,
v1_ladder10,2026-04-21,1000502,900000,1,702.2708129882812,420.5003356933594,,
v1_ladder10,2026-04-22,1005789,900000,1,709.3825073242188,431.5650634765625,,
v1_ladder10,2026-04-23,1003294,749132,3,706.6295776367188,440.7906799316406,,
v1_ladder10,2026-04-24,1011394,798228,2,712.10546875,461.38092041015625,,
v1_ladder10,2026-04-27,1009766,747658,3,713.332275390625,455.19384765625,,
v1_ladder10,2026-04-28,1003589,846333,2,709.8612060546875,438.50177001953125,,
v1_ladder10,2026-04-29,1003870,846333,2,709.7515258789062,449.7763977050781,,
v1_ladder10,2026-04-30,1004863,846333,2,716.8132934570312,461.2209777832031,,
v1_ladder10,2026-05-01,1005600,846333,2,718.7982177734375,465.5289306640625,,
v1_ladder10,2026-05-04,1006608,796053,3,716.1649780273438,461.8406982421875,,
v1_ladder10,2026-05-05,1003041,796053,3,721.9102172851562,482.5008850097656,,
v1_ladder10,2026-05-06,1010907,796053,3,731.9443359375,506.6294250488281,,
v1_ladder10,2026-05-07,1007371,796053,3,729.7001342773438,492.12628173828125,,
v1_ladder10,2026-05-08,1007502,796053,3,735.724609375,520.0530395507812,,
v1_ladder10,2026-05-11,1008548,796053,3,737.4002685546875,532.5071411132812,,
v1_ladder10,2026-05-12,1005810,796053,3,736.2831420898438,515.7450561523438,,
v1_ladder10,2026-05-13,1004345,842164,2,740.4025268554688,528.0392456054688,,
v1_ladder10,2026-05-14,1009357,842164,2,746.2474975585938,529.7784423828125,,
v1_ladder10,2026-05-15,1005486,842164,2,737.2706298828125,508.27862548828125,,
v1_ladder10,2026-05-18,1003248,842164,2,736.751953125,495.6346435546875,,
v1_ladder10,2026-05-19,1003355,842164,2,731.8446044921875,496.50421142578125,,
v1_ladder10,2026-05-20,1005224,842164,2,739.3452758789062,520.0630493164062,,
v1_ladder10,2026-05-21,1007117,842164,2,740.8114624023438,524.4609985351562,,
v1_ladder10,2026-05-22,1006863,842164,2,743.7239990234375,537.0750122070312,,
v1_ladder10,2026-05-26,1008613,842164,2,748.6613159179688,569.8194580078125,,
v1_ladder10,2026-05-27,1011483,842164,2,748.5316162109375,563.7122802734375,,
v1_ladder10,2026-05-28,1011556,842164,2,752.6609497070312,569.19970703125,,
v1_ladder10,2026-05-29,1010462,842164,2,754.5361328125,568.8099365234375,,
v1_ladder10,2026-06-01,1015095,842164,2,756.5908203125,571.6585083007812,,
v1_ladder10,2026-06-02,1019620,842164,2,757.6182250976562,604.7328491210938,,
v1_ladder10,2026-06-03,1017861,842164,2,752.3018798828125,615.3877563476562,,
v1_ladder10,2026-06-04,1018656,791271,3,755.1445922851562,602.4338989257812,,
v1_ladder10,2026-06-05,1008876,740338,3,735.65478515625,539.5138549804688,,
v1_ladder10,2026-06-08,1009386,740338,3,737.3204345703125,571.1787719726562,,
v1_ladder10,2026-06-09,1009386,838146,2,735.1560668945312,561.8732299804688,,
v1_ladder10,2026-06-10,1002907,838146,2,723.56591796875,541.2529907226562,,
v1_ladder10,2026-06-11,1006617,537274,5,735.8642578125,586.6514282226562,,
v1_ladder10,2026-06-12,1015169,537274,5,739.843994140625,595.9669799804688,,
v1_ladder10,2026-06-15,1033994,537274,5,752.890380859375,628.4500122070312,,
v1_ladder10,2026-06-16,1032903,537274,5,748.4019775390625,591.239990234375,,
v1_ladder10,2026-06-17,1035332,485629,6,739.0560302734375,599.72998046875,,
v1_ladder10,2026-06-18,1078542,433862,7,746.739990234375,639.4500122070312,,
v1_ladder10,2026-06-22,1085490,326251,7,744.3900146484375,655.010009765625,,
v1_ladder10,2026-06-23,1051009,371958,7,733.5800170898438,603.3900146484375,,
v1_ladder10,2026-06-24,1051113,424752,6,733.239990234375,601.5,,
v1_ladder10,2026-06-25,1034973,519971,5,734.2999877929688,625.2000122070312,,
v1_ladder10,2026-06-26,994099,568269,4,728.989990234375,589.9400024414062,,
v1_ladder10,2026-06-29,1019149,468859,5,741.0,614.3499755859375,,
v1_ladder10,2026-06-30,1045054,417902,6,746.77001953125,640.760009765625,,
v1_ladder10,2026-07-01,1029068,365649,6,745.760009765625,599.7000122070312,,
v1_ladder10,2026-07-02,1015742,365649,6,744.780029296875,566.3200073242188,,
v1_ladder10,2026-07-06,1038194,365649,6,751.280029296875,581.510009765625,,
v1_ladder10,2026-07-07,1020368,365649,6,747.7100219726562,551.6900024414062,,
v1_ladder10,2026-07-08,1013991,365649,6,745.4000244140625,562.030029296875,,
v1_ladder10,2026-07-09,1015718,365649,6,751.7100219726562,581.7000122070312,,
v1_ladder10,2026-07-10,1011767,365649,6,754.9500122070312,581.3400268554688,,
v1_ladder10,2026-07-13,998238,365649,6,749.1699829101562,553.6099853515625,,
v1_ladder10,2026-07-14,1009263,365649,6,751.8300170898438,567.9199829101562,,
v1_ladder10,2026-07-15,1014915,365649,6,754.8099975585938,555.27001953125,,
v1_ladder10,2026-07-16,993272,496235,5,750.719970703125,530.5,,
v1_ladder10,2026-07-17,982986,496235,5,743.2899780273438,521.8099975585938,,
v1_ladder10,2026-07-20,988345,496235,5,742.0900268554688,524.1400146484375,,
v1_ladder10,2026-07-21,993681,496235,5,748.280029296875,552.6900024414062,,
v1_ladder10,2026-07-22,993080,496235,5,747.4099731445312,555.52001953125,,
v1_ladder10,2026-07-23,980223,590404,4,738.1799926757812,551.239990234375,,
v1_ladder10,2026-07-24,976290,590404,4,738.9299926757812,527.010009765625,,
v1_ladder10,2026-07-27,972499,590404,4,739.0900268554688,516.22998046875,,
v1_ladder10,2026-07-28,971136,590404,4,740.8599853515625,491.4599914550781,,
v1_ladder10,2026-07-29,964172,687499,3,729.4600219726562,465.0,,
v1_ladder10,2026-07-30,987128,687499,3,741.6900024414062,504.5299987792969,,
v1_ladder10,2026-07-31,991505,638143,4,747.030029296875,504.8900146484375,,
v1_ladder10,2026-08-03,995385,586264,5,757.6699829101562,507.67999267578125,,
v1_ladder10,2026-08-04,1003486,536495,6,771.3300170898438,542.2100219726562,,
v1_ladder10,2026-08-05,997631,486321,7,769.7899780273438,530.7000122070312,,
v1_ladder10,2026-08-06,1004458,486321,7,768.5599975585938,532.52001953125,,
v1_ladder10,2026-08-07,1014823,335652,9,773.260009765625,543.27001953125,,
v1_ladder10,2026-08-10,1009706,284911,9,773.030029296875,529.3900146484375,,
v1_ladder10,2026-08-11,1018692,283332,9,770.5599975585938,534.2000122070312,,
v1_ladder10,2026-08-12,1042822,283332,9,772.489990234375,546.6099853515625,,
v1_ladder10,2026-08-13,1051007,179050,11,777.8800048828125,550.739990234375,,
v1_ladder10,2026-08-14,1057806,179050,11,776.3400268554688,550.4199829101562,,
v1_ladder10,2026-08-17,1061616,179050,11,772.6699829101562,559.1199951171875,,
v1_ladder10,2026-08-18,1029675,179050,11,767.4500122070312,531.3900146484375,,
v1_ladder10,2026-08-19,1010634,228957,10,769.0599975585938,519.6699829101562,,
v1_ladder10,2026-08-20,1028846,228957,10,762.5999755859375,522.3499755859375,,
v1_ladder10,2026-08-21,1033441,228957,10,765.719970703125,520.0499877929688,,
v1_ladder10,2026-08-24,1016582,175037,10,763.469970703125,506.17999267578125,,
v1_ladder10,2026-08-25,1032986,175037,10,765.9099731445312,514.0599975585938,,
v1_ladder10,2026-08-26,1035034,175037,10,766.0800170898438,515.4000244140625,,
v1_ladder10,2026-08-27,1049363,123285,10,771.0999755859375,525.4299926757812,,
v1_ladder10,2026-08-28,1030531,123285,10,769.3499755859375,508.6199951171875,,
v1_ladder10,2026-08-31,1025365,123285,10,767.0499877929688,511.0400085449219,,
v1_ladder10,2026-09-01,1018620,123285,10,761.780029296875,500.30999755859375,,
v1_ladder10,2026-09-02,1017016,123285,10,765.1599731445312,501.44000244140625,,
v1_ladder10,2026-09-03,1024108,123285,10,773.1699829101562,502.20001220703125,,
v1_ladder10,2026-09-04,1044885,123285,10,770.1900024414062,519.8599853515625,,
v1_ladder10,2026-09-08,1077868,123285,10,765.9600219726562,528.4000244140625,,
v1_ladder10,2026-09-09,1073795,69392,11,762.4000244140625,532.0,,
v1_ladder10,2026-09-10,1061243,69392,11,757.8300170898438,517.4299926757812,,
v1_ladder10,2026-09-11,1080846,16330,11,764.2899780273438,527.0700073242188,,
v1_ladder10,2026-09-14,1013427,256311,8,760.8800048828125,497.3999938964844,,
v1_ladder10,2026-09-15,1009561,256311,8,757.3900146484375,498.8500061035156,,
v1_ladder10,2026-09-16,1020876,205833,9,754.0499877929688,502.05999755859375,,
v1_ladder10,2026-09-17,1033142,1571,11,762.5999755859375,519.0999755859375,,
v1_ladder10,2026-09-18,1045606,1571,11,761.6900024414062,533.0700073242188,,
v1_ladder10,2026-09-21,1081587,1571,11,773.5,559.3400268554688,,
v1_ladder10,2026-09-22,1086892,1571,11,773.3800048828125,572.780029296875,,
v1_ladder10,2026-09-23,1082419,1571,11,767.8099975585938,565.719970703125,,
v1_ladder10,2026-09-24,1078384,1571,11,767.1799926757812,566.0700073242188,,
v1_nostop10,2026-04-20,1000000,900000,1,706.8988037109375,417.351806640625,,
v1_nostop10,2026-04-21,1000502,900000,1,702.2708129882812,420.5003356933594,,
v1_nostop10,2026-04-22,1005789,900000,1,709.3825073242188,431.5650634765625,,
v1_nostop10,2026-04-23,1003294,749132,3,706.6295776367188,440.7906799316406,,
v1_nostop10,2026-04-24,1011190,749132,3,712.10546875,461.38092041015625,,
v1_nostop10,2026-04-27,1009453,698572,4,713.332275390625,455.19384765625,,
v1_nostop10,2026-04-28,1003111,698572,4,709.8612060546875,438.50177001953125,,
v1_nostop10,2026-04-29,1003745,698572,4,709.7515258789062,449.7763977050781,,
v1_nostop10,2026-04-30,1008265,698572,4,716.8132934570312,461.2209777832031,,
v1_nostop10,2026-05-01,1008441,698572,4,718.7982177734375,465.5289306640625,,
v1_nostop10,2026-05-04,1006579,648150,5,716.1649780273438,461.8406982421875,,
v1_nostop10,2026-05-05,1007027,648150,5,721.9102172851562,482.5008850097656,,
v1_nostop10,2026-05-06,1022737,648150,5,731.9443359375,506.6294250488281,,
v1_nostop10,2026-05-07,1017516,648150,5,729.7001342773438,492.12628173828125,,
v1_nostop10,2026-05-08,1022755,648150,5,735.724609375,520.0530395507812,,
v1_nostop10,2026-05-11,1022577,648150,5,737.4002685546875,532.5071411132812,,
v1_nostop10,2026-05-12,1016778,648150,5,736.2831420898438,515.7450561523438,,
v1_nostop10,2026-05-13,1022783,648150,5,740.4025268554688,528.0392456054688,,
v1_nostop10,2026-05-14,1027689,648150,5,746.2474975585938,529.7784423828125,,
v1_nostop10,2026-05-15,1014725,648150,5,737.2706298828125,508.27862548828125,,
v1_nostop10,2026-05-18,1009361,648150,5,736.751953125,495.6346435546875,,
v1_nostop10,2026-05-19,1006971,648150,5,731.8446044921875,496.50421142578125,,
v1_nostop10,2026-05-20,1018067,648150,5,739.3452758789062,520.0630493164062,,
v1_nostop10,2026-05-21,1024780,648150,5,740.8114624023438,524.4609985351562,,
v1_nostop10,2026-05-22,1027190,648150,5,743.7239990234375,537.0750122070312,,
v1_nostop10,2026-05-26,1029110,648150,5,748.6613159179688,569.8194580078125,,
v1_nostop10,2026-05-27,1029065,648150,5,748.5316162109375,563.7122802734375,,
v1_nostop10,2026-05-28,1030451,648150,5,752.6609497070312,569.19970703125,,
v1_nostop10,2026-05-29,1030662,648150,5,754.5361328125,568.8099365234375,,
v1_nostop10,2026-06-01,1038035,648150,5,756.5908203125,571.6585083007812,,
v1_nostop10,2026-06-02,1048656,648150,5,757.6182250976562,604.7328491210938,,
v1_nostop10,2026-06-03,1050219,648150,5,752.3018798828125,615.3877563476562,,
v1_nostop10,2026-06-04,1047861,595639,6,755.1445922851562,602.4338989257812,,
v1_nostop10,2026-06-05,1025892,543246,6,735.65478515625,539.5138549804688,,
v1_nostop10,2026-06-08,1032472,543246,6,737.3204345703125,571.1787719726562,,
v1_nostop10,2026-06-09,1034021,543246,6,735.1560668945312,561.8732299804688,,
v1_nostop10,2026-06-10,1019948,543246,6,723.56591796875,541.2529907226562,,
v1_nostop10,2026-06-11,1035055,237261,9,735.8642578125,586.6514282226562,,
v1_nostop10,2026-06-12,1038708,237261,9,739.843994140625,595.9669799804688,,
v1_nostop10,2026-06-15,1062919,237261,9,752.890380859375,628.4500122070312,,
v1_nostop10,2026-06-16,1052893,237261,9,748.4019775390625,591.239990234375,,
v1_nostop10,2026-06-17,1054572,184616,10,739.0560302734375,599.72998046875,,
v1_nostop10,2026-06-18,1095145,184616,10,746.739990234375,639.4500122070312,,
v1_nostop10,2026-06-22,1093158,184616,10,744.3900146484375,655.010009765625,,
v1_nostop10,2026-06-23,1055874,129958,11,733.5800170898438,603.3900146484375,,
v1_nostop10,2026-06-24,1046778,129958,11,733.239990234375,601.5,,
v1_nostop10,2026-06-25,1034926,129958,11,734.2999877929688,625.2000122070312,,
v1_nostop10,2026-06-26,1009452,129958,11,728.989990234375,589.9400024414062,,
v1_nostop10,2026-06-29,1041867,129958,11,741.0,614.3499755859375,,
v1_nostop10,2026-06-30,1074831,129958,11,746.77001953125,640.760009765625,,
v1_nostop10,2026-07-01,1043237,129958,11,745.760009765625,599.7000122070312,,
v1_nostop10,2026-07-02,1013637,129958,11,744.780029296875,566.3200073242188,,
v1_nostop10,2026-07-06,1042734,129958,11,751.280029296875,581.510009765625,,
v1_nostop10,2026-07-07,1018997,129958,11,747.7100219726562,551.6900024414062,,
v1_nostop10,2026-07-08,1021928,129958,11,745.4000244140625,562.030029296875,,
v1_nostop10,2026-07-09,1032628,129958,11,751.7100219726562,581.7000122070312,,
v1_nostop10,2026-07-10,1025506,129958,11,754.9500122070312,581.3400268554688,,
v1_nostop10,2026-07-13,1002811,129958,11,749.1699829101562,553.6099853515625,,
v1_nostop10,2026-07-14,1024965,129958,11,751.8300170898438,567.9199829101562,,
v1_nostop10,2026-07-15,1031338,129958,11,754.8099975585938,555.27001953125,,
v1_nostop10,2026-07-16,997082,129958,11,750.719970703125,530.5,,
v1_nostop10,2026-07-17,984720,129958,11,743.2899780273438,521.8099975585938,,
v1_nostop10,2026-07-20,983947,129958,11,742.0900268554688,524.1400146484375,,
v1_nostop10,2026-07-21,1013849,129958,11,748.280029296875,552.6900024414062,,
v1_nostop10,2026-07-22,1007249,129958,11,747.4099731445312,555.52001953125,,
v1_nostop10,2026-07-23,992594,129958,11,738.1799926757812,551.239990234375,,
v1_nostop10,2026-07-24,964494,129958,11,738.9299926757812,527.010009765625,,
v1_nostop10,2026-07-27,957283,129958,11,739.0900268554688,516.22998046875,,
v1_nostop10,2026-07-28,938342,129958,11,740.8599853515625,491.4599914550781,,
v1_nostop10,2026-07-29,922996,129958,11,729.4600219726562,465.0,,
v1_nostop10,2026-07-30,984688,129958,11,741.6900024414062,504.5299987792969,,
v1_nostop10,2026-07-31,1004864,80724,12,747.030029296875,504.8900146484375,,
v1_nostop10,2026-08-03,1035622,0,14,757.6699829101562,507.67999267578125,,
v1_nostop10,2026-08-04,1060594,0,14,771.3300170898438,542.2100219726562,,
v1_nostop10,2026-08-05,1052991,0,14,769.7899780273438,530.7000122070312,,
v1_nostop10,2026-08-06,1075894,0,14,768.5599975585938,532.52001953125,,
v1_nostop10,2026-08-07,1097685,0,14,773.260009765625,543.27001953125,,
v1_nostop10,2026-08-10,1074246,0,14,773.030029296875,529.3900146484375,,
v1_nostop10,2026-08-11,1078482,0,14,770.5599975585938,534.2000122070312,,
v1_nostop10,2026-08-12,1103771,0,14,772.489990234375,546.6099853515625,,
v1_nostop10,2026-08-13,1105822,0,14,777.8800048828125,550.739990234375,,
v1_nostop10,2026-08-14,1109258,0,14,776.3400268554688,550.4199829101562,,
v1_nostop10,2026-08-17,1129633,0,14,772.6699829101562,559.1199951171875,,
v1_nostop10,2026-08-18,1077422,0,14,767.4500122070312,531.3900146484375,,
v1_nostop10,2026-08-19,1055429,0,14,769.0599975585938,519.6699829101562,,
v1_nostop10,2026-08-20,1054929,0,14,762.5999755859375,522.3499755859375,,
v1_nostop10,2026-08-21,1059557,0,14,765.719970703125,520.0499877929688,,
v1_nostop10,2026-08-24,1041496,0,14,763.469970703125,506.17999267578125,,
v1_nostop10,2026-08-25,1062945,0,14,765.9099731445312,514.0599975585938,,
v1_nostop10,2026-08-26,1062286,0,14,766.0800170898438,515.4000244140625,,
v1_nostop10,2026-08-27,1077119,0,14,771.0999755859375,525.4299926757812,,
v1_nostop10,2026-08-28,1052903,0,14,769.3499755859375,508.6199951171875,,
v1_nostop10,2026-08-31,1050000,0,14,767.0499877929688,511.0400085449219,,
v1_nostop10,2026-09-01,1036481,0,14,761.780029296875,500.30999755859375,,
v1_nostop10,2026-09-02,1047183,0,14,765.1599731445312,501.44000244140625,,
v1_nostop10,2026-09-03,1058143,0,14,773.1699829101562,502.20001220703125,,
v1_nostop10,2026-09-04,1084026,0,14,770.1900024414062,519.8599853515625,,
v1_nostop10,2026-09-08,1111695,0,14,765.9600219726562,528.4000244140625,,
v1_nostop10,2026-09-09,1097619,0,14,762.4000244140625,532.0,,
v1_nostop10,2026-09-10,1078030,0,14,757.8300170898438,517.4299926757812,,
v1_nostop10,2026-09-11,1094870,0,14,764.2899780273438,527.0700073242188,,
v1_nostop10,2026-09-14,1049460,0,14,760.8800048828125,497.3999938964844,,
v1_nostop10,2026-09-15,1043823,0,14,757.3900146484375,498.8500061035156,,
v1_nostop10,2026-09-16,1060231,0,14,754.0499877929688,502.05999755859375,,
v1_nostop10,2026-09-17,1082837,0,14,762.5999755859375,519.0999755859375,,
v1_nostop10,2026-09-18,1088311,0,14,761.6900024414062,533.0700073242188,,
v1_nostop10,2026-09-21,1119171,0,14,773.5,559.3400268554688,,
v1_nostop10,2026-09-22,1123883,0,14,773.3800048828125,572.780029296875,,
v1_nostop10,2026-09-23,1108487,0,14,767.8099975585938,565.719970703125,,
v1_nostop10,2026-09-24,1105190,0,14,767.1799926757812,566.0700073242188,,
v1_soxx_breadth,2026-04-20,1000000,0,1,706.8988037109375,417.351806640625,,
v1_soxx_breadth,2026-04-21,1007544,0,1,702.2708129882812,420.5003356933594,,
v1_soxx_breadth,2026-04-22,1034056,0,1,709.3825073242188,431.5650634765625,,
v1_soxx_breadth,2026-04-23,1056161,0,1,706.6295776367188,440.7906799316406,,
v1_soxx_breadth,2026-04-24,1105496,0,1,712.10546875,461.38092041015625,,
v1_soxx_breadth,2026-04-27,1090672,0,1,713.332275390625,455.19384765625,,
v1_soxx_breadth,2026-04-28,1050677,0,1,709.8612060546875,438.50177001953125,,
v1_soxx_breadth,2026-04-29,1077691,0,1,709.7515258789062,449.7763977050781,,
v1_soxx_breadth,2026-04-30,1105113,0,1,716.8132934570312,461.2209777832031,,
v1_soxx_breadth,2026-05-01,1115435,0,1,718.7982177734375,465.5289306640625,,
v1_soxx_breadth,2026-05-04,1106598,0,1,716.1649780273438,461.8406982421875,,
v1_soxx_breadth,2026-05-05,1156101,0,1,721.9102172851562,482.5008850097656,,
v1_soxx_breadth,2026-05-06,1213915,0,1,731.9443359375,506.6294250488281,,
v1_soxx_breadth,2026-05-07,1179164,0,1,729.7001342773438,492.12628173828125,,
v1_soxx_breadth,2026-05-08,1246078,0,1,735.724609375,520.0530395507812,,
v1_soxx_breadth,2026-05-11,1275919,0,1,737.4002685546875,532.5071411132812,,
v1_soxx_breadth,2026-05-12,1235756,0,1,736.2831420898438,515.7450561523438,,
v1_soxx_breadth,2026-05-13,1265214,0,1,740.4025268554688,528.0392456054688,,
v1_soxx_breadth,2026-05-14,1269381,0,1,746.2474975585938,529.7784423828125,,
v1_soxx_breadth,2026-05-15,1217866,0,1,737.2706298828125,508.27862548828125,,
v1_soxx_breadth,2026-05-18,1187570,0,1,736.751953125,495.6346435546875,,
v1_soxx_breadth,2026-05-19,1189654,0,1,731.8446044921875,496.50421142578125,,
v1_soxx_breadth,2026-05-20,1201847,0,1,739.3452758789062,520.0630493164062,,
v1_soxx_breadth,2026-05-21,1204230,0,1,740.8114624023438,524.4609985351562,,
v1_soxx_breadth,2026-05-22,1208965,0,1,743.7239990234375,537.0750122070312,,
v1_soxx_breadth,2026-05-26,1216990,0,1,748.6613159179688,569.8194580078125,,
v1_soxx_breadth,2026-05-27,1216780,0,1,748.5316162109375,563.7122802734375,,
v1_soxx_breadth,2026-05-28,1223492,0,1,752.6609497070312,569.19970703125,,
v1_soxx_breadth,2026-05-29,1226540,0,1,754.5361328125,568.8099365234375,,
v1_soxx_breadth,2026-06-01,1229880,0,1,756.5908203125,571.6585083007812,,
v1_soxx_breadth,2026-06-02,1231550,0,1,757.6182250976562,604.7328491210938,,
v1_soxx_breadth,2026-06-03,1222908,0,1,752.3018798828125,615.3877563476562,,
v1_soxx_breadth,2026-06-04,1227529,0,1,755.1445922851562,602.4338989257812,,
v1_soxx_breadth,2026-06-05,1195848,0,1,735.65478515625,539.5138549804688,,
v1_soxx_breadth,2026-06-08,1198555,0,1,737.3204345703125,571.1787719726562,,
v1_soxx_breadth,2026-06-09,1179028,0,1,735.1560668945312,561.8732299804688,,
v1_soxx_breadth,2026-06-10,1135759,0,1,723.56591796875,541.2529907226562,,
v1_soxx_breadth,2026-06-11,1231023,0,1,735.8642578125,586.6514282226562,,
v1_soxx_breadth,2026-06-12,1250570,0,1,739.843994140625,595.9669799804688,,
v1_soxx_breadth,2026-06-15,1272623,0,1,752.890380859375,628.4500122070312,,
v1_soxx_breadth,2026-06-16,1265036,0,1,748.4019775390625,591.239990234375,,
v1_soxx_breadth,2026-06-17,1249238,0,1,739.0560302734375,599.72998046875,,
v1_soxx_breadth,2026-06-18,1262226,0,1,746.739990234375,639.4500122070312,,
v1_soxx_breadth,2026-06-22,1258254,0,1,744.3900146484375,655.010009765625,,
v1_soxx_breadth,2026-06-23,1239982,0,1,733.5800170898438,603.3900146484375,,
v1_soxx_breadth,2026-06-24,1239407,0,1,733.239990234375,601.5,,
v1_soxx_breadth,2026-06-25,1241199,0,1,734.2999877929688,625.2000122070312,,
v1_soxx_breadth,2026-06-26,1232223,0,1,728.989990234375,589.9400024414062,,
v1_soxx_breadth,2026-06-29,1252524,0,1,741.0,614.3499755859375,,
v1_soxx_breadth,2026-06-30,1306368,0,1,746.77001953125,640.760009765625,,
v1_soxx_breadth,2026-07-01,1222656,0,1,745.760009765625,599.7000122070312,,
v1_soxx_breadth,2026-07-02,1221049,0,1,744.780029296875,566.3200073242188,,
v1_soxx_breadth,2026-07-06,1253800,0,1,751.280029296875,581.510009765625,,
v1_soxx_breadth,2026-07-07,1189505,0,1,747.7100219726562,551.6900024414062,,
v1_soxx_breadth,2026-07-08,1211799,0,1,745.4000244140625,562.030029296875,,
v1_soxx_breadth,2026-07-09,1254210,0,1,751.7100219726562,581.7000122070312,,
v1_soxx_breadth,2026-07-10,1253434,0,1,754.9500122070312,581.3400268554688,,
v1_soxx_breadth,2026-07-13,1193645,0,1,749.1699829101562,553.6099853515625,,
v1_soxx_breadth,2026-07-14,1224499,0,1,751.8300170898438,567.9199829101562,,
v1_soxx_breadth,2026-07-15,1197224,0,1,754.8099975585938,555.27001953125,,
v1_soxx_breadth,2026-07-16,1143817,0,1,750.719970703125,530.5,,
v1_soxx_breadth,2026-07-17,1125080,0,1,743.2899780273438,521.8099975585938,,
v1_soxx_breadth,2026-07-20,1130104,0,1,742.0900268554688,524.1400146484375,,
v1_soxx_breadth,2026-07-21,1191661,0,1,748.280029296875,552.6900024414062,,
v1_soxx_breadth,2026-07-22,1197763,0,1,747.4099731445312,555.52001953125,,
v1_soxx_breadth,2026-07-23,1188535,0,1,738.1799926757812,551.239990234375,,
v1_soxx_breadth,2026-07-24,1136292,0,1,738.9299926757812,527.010009765625,,
v1_soxx_breadth,2026-07-27,1113049,0,1,739.0900268554688,516.22998046875,,
v1_soxx_breadth,2026-07-28,1059642,0,1,740.8599853515625,491.4599914550781,,
v1_soxx_breadth,2026-07-29,1002592,0,1,729.4600219726562,465.0,,
v1_soxx_breadth,2026-07-30,1087823,0,1,741.6900024414062,504.5299987792969,,
v1_soxx_breadth,2026-07-31,1088599,0,1,747.030029296875,504.8900146484375,,
v1_soxx_breadth,2026-08-03,1094615,0,1,757.6699829101562,507.67999267578125,,
v1_soxx_breadth,2026-08-04,1169065,0,1,771.3300170898438,542.2100219726562,,
v1_soxx_breadth,2026-08-05,1144248,0,1,769.7899780273438,530.7000122070312,,
v1_soxx_breadth,2026-08-06,1142420,0,1,768.5599975585938,532.52001953125,,
v1_soxx_breadth,2026-08-07,1149406,0,1,773.260009765625,543.27001953125,,
v1_soxx_breadth,2026-08-10,1120040,0,1,773.030029296875,529.3900146484375,,
v1_soxx_breadth,2026-08-11,1116461,0,1,770.5599975585938,534.2000122070312,,
v1_soxx_breadth,2026-08-12,1142397,0,1,772.489990234375,546.6099853515625,,
v1_soxx_breadth,2026-08-13,1151029,0,1,777.8800048828125,550.739990234375,,
v1_soxx_breadth,2026-08-14,1150360,0,1,776.3400268554688,550.4199829101562,,
v1_soxx_breadth,2026-08-17,1144922,0,1,772.6699829101562,559.1199951171875,,
v1_soxx_breadth,2026-08-18,1137187,0,1,767.4500122070312,531.3900146484375,,
v1_soxx_breadth,2026-08-19,1139573,0,1,769.0599975585938,519.6699829101562,,
v1_soxx_breadth,2026-08-20,1145450,0,1,762.5999755859375,522.3499755859375,,
v1_soxx_breadth,2026-08-21,1140406,0,1,765.719970703125,520.0499877929688,,
v1_soxx_breadth,2026-08-24,1109991,0,1,763.469970703125,506.17999267578125,,
v1_soxx_breadth,2026-08-25,1127271,0,1,765.9099731445312,514.0599975585938,,
v1_soxx_breadth,2026-08-26,1130210,0,1,766.0800170898438,515.4000244140625,,
v1_soxx_breadth,2026-08-27,1152204,0,1,771.0999755859375,525.4299926757812,,
v1_soxx_breadth,2026-08-28,1115342,0,1,769.3499755859375,508.6199951171875,,
v1_soxx_breadth,2026-08-31,1120649,0,1,767.0499877929688,511.0400085449219,,
v1_soxx_breadth,2026-09-01,1097119,0,1,761.780029296875,500.30999755859375,,
v1_soxx_breadth,2026-09-02,1099597,0,1,765.1599731445312,501.44000244140625,,
v1_soxx_breadth,2026-09-03,1101263,0,1,773.1699829101562,502.20001220703125,,
v1_soxx_breadth,2026-09-04,1139990,0,1,770.1900024414062,519.8599853515625,,
v1_soxx_breadth,2026-09-08,1158717,0,1,765.9600219726562,528.4000244140625,,
v1_soxx_breadth,2026-09-09,1166611,0,1,762.4000244140625,532.0,,
v1_soxx_breadth,2026-09-10,1159618,0,1,757.8300170898438,517.4299926757812,,
v1_soxx_breadth,2026-09-11,1169503,0,1,764.2899780273438,527.0700073242188,,
v1_soxx_breadth,2026-09-14,1103669,0,1,760.8800048828125,497.3999938964844,,
v1_soxx_breadth,2026-09-15,1106886,0,1,757.3900146484375,498.8500061035156,,
v1_soxx_breadth,2026-09-16,1114009,0,1,754.0499877929688,502.05999755859375,,
v1_soxx_breadth,2026-09-17,1151818,0,1,762.5999755859375,519.0999755859375,,
v1_soxx_breadth,2026-09-18,1182816,0,1,761.6900024414062,533.0700073242188,,
v1_soxx_breadth,2026-09-21,1241106,0,1,773.5,559.3400268554688,,
v1_soxx_breadth,2026-09-22,1270928,0,1,773.3800048828125,572.780029296875,,
v1_soxx_breadth,2026-09-23,1261775,0,1,767.8099975585938,565.719970703125,,
v1_soxx_breadth,2026-09-24,1260739,0,1,767.1799926757812,566.0700073242188,,
v1_soxx_trend,2026-04-20,1000000,0,1,706.8988037109375,417.351806640625,,
v1_soxx_trend,2026-04-21,1007544,0,1,702.2708129882812,420.5003356933594,,
v1_soxx_trend,2026-04-22,1034056,0,1,709.3825073242188,431.5650634765625,,
v1_soxx_trend,2026-04-23,1056161,0,1,706.6295776367188,440.7906799316406,,
v1_soxx_trend,2026-04-24,1105496,0,1,712.10546875,461.38092041015625,,
v1_soxx_trend,2026-04-27,1090672,0,1,713.332275390625,455.19384765625,,
v1_soxx_trend,2026-04-28,1050677,0,1,709.8612060546875,438.50177001953125,,
v1_soxx_trend,2026-04-29,1077691,0,1,709.7515258789062,449.7763977050781,,
v1_soxx_trend,2026-04-30,1105113,0,1,716.8132934570312,461.2209777832031,,
v1_soxx_trend,2026-05-01,1115435,0,1,718.7982177734375,465.5289306640625,,
v1_soxx_trend,2026-05-04,1106598,0,1,716.1649780273438,461.8406982421875,,
v1_soxx_trend,2026-05-05,1156101,0,1,721.9102172851562,482.5008850097656,,
v1_soxx_trend,2026-05-06,1213915,0,1,731.9443359375,506.6294250488281,,
v1_soxx_trend,2026-05-07,1179164,0,1,729.7001342773438,492.12628173828125,,
v1_soxx_trend,2026-05-08,1246078,0,1,735.724609375,520.0530395507812,,
v1_soxx_trend,2026-05-11,1275919,0,1,737.4002685546875,532.5071411132812,,
v1_soxx_trend,2026-05-12,1235756,0,1,736.2831420898438,515.7450561523438,,
v1_soxx_trend,2026-05-13,1265214,0,1,740.4025268554688,528.0392456054688,,
v1_soxx_trend,2026-05-14,1269381,0,1,746.2474975585938,529.7784423828125,,
v1_soxx_trend,2026-05-15,1217866,0,1,737.2706298828125,508.27862548828125,,
v1_soxx_trend,2026-05-18,1187570,0,1,736.751953125,495.6346435546875,,
v1_soxx_trend,2026-05-19,1189654,0,1,731.8446044921875,496.50421142578125,,
v1_soxx_trend,2026-05-20,1246102,0,1,739.3452758789062,520.0630493164062,,
v1_soxx_trend,2026-05-21,1256640,0,1,740.8114624023438,524.4609985351562,,
v1_soxx_trend,2026-05-22,1286864,0,1,743.7239990234375,537.0750122070312,,
v1_soxx_trend,2026-05-26,1365322,0,1,748.6613159179688,569.8194580078125,,
v1_soxx_trend,2026-05-27,1350688,0,1,748.5316162109375,563.7122802734375,,
v1_soxx_trend,2026-05-28,1363837,0,1,752.6609497070312,569.19970703125,,
v1_soxx_trend,2026-05-29,1362903,0,1,754.5361328125,568.8099365234375,,
v1_soxx_trend,2026-06-01,1369728,0,1,756.5908203125,571.6585083007812,,
v1_soxx_trend,2026-06-02,1448976,0,1,757.6182250976562,604.7328491210938,,
v1_soxx_trend,2026-06-03,1474506,0,1,752.3018798828125,615.3877563476562,,
v1_soxx_trend,2026-06-04,1443468,0,1,755.1445922851562,602.4338989257812,,
v1_soxx_trend,2026-06-05,1292708,0,1,735.65478515625,539.5138549804688,,
v1_soxx_trend,2026-06-08,1368579,0,1,737.3204345703125,571.1787719726562,,
v1_soxx_trend,2026-06-09,1346282,0,1,735.1560668945312,561.8732299804688,,
v1_soxx_trend,2026-06-10,1296875,0,1,723.56591796875,541.2529907226562,,
v1_soxx_trend,2026-06-11,1405652,0,1,735.8642578125,586.6514282226562,,
v1_soxx_trend,2026-06-12,1427973,0,1,739.843994140625,595.9669799804688,,
v1_soxx_trend,2026-06-15,1505804,0,1,752.890380859375,628.4500122070312,,
v1_soxx_trend,2026-06-16,1416647,0,1,748.4019775390625,591.239990234375,,
v1_soxx_trend,2026-06-17,1436989,0,1,739.0560302734375,599.72998046875,,
v1_soxx_trend,2026-06-18,1532161,0,1,746.739990234375,639.4500122070312,,
v1_soxx_trend,2026-06-22,1569443,0,1,744.3900146484375,655.010009765625,,
v1_soxx_trend,2026-06-23,1445759,0,1,733.5800170898438,603.3900146484375,,
v1_soxx_trend,2026-06-24,1441230,0,1,733.239990234375,601.5,,
v1_soxx_trend,2026-06-25,1498017,0,1,734.2999877929688,625.2000122070312,,
v1_soxx_trend,2026-06-26,1413532,0,1,728.989990234375,589.9400024414062,,
v1_soxx_trend,2026-06-29,1472019,0,1,741.0,614.3499755859375,,
v1_soxx_trend,2026-06-30,1535299,0,1,746.77001953125,640.760009765625,,
v1_soxx_trend,2026-07-01,1436917,0,1,745.760009765625,599.7000122070312,,
v1_soxx_trend,2026-07-02,1356937,0,1,744.780029296875,566.3200073242188,,
v1_soxx_trend,2026-07-06,1393333,0,1,751.280029296875,581.510009765625,,
v1_soxx_trend,2026-07-07,1321882,0,1,747.7100219726562,551.6900024414062,,
v1_soxx_trend,2026-07-08,1346658,0,1,745.4000244140625,562.030029296875,,
v1_soxx_trend,2026-07-09,1393788,0,1,751.7100219726562,581.7000122070312,,
v1_soxx_trend,2026-07-10,1392926,0,1,754.9500122070312,581.3400268554688,,
v1_soxx_trend,2026-07-13,1326483,0,1,749.1699829101562,553.6099853515625,,
v1_soxx_trend,2026-07-14,1360770,0,1,751.8300170898438,567.9199829101562,,
v1_soxx_trend,2026-07-15,1330460,0,1,754.8099975585938,555.27001953125,,
v1_soxx_trend,2026-07-16,1271110,0,1,750.719970703125,530.5,,
v1_soxx_trend,2026-07-17,1250288,0,1,743.2899780273438,521.8099975585938,,
v1_soxx_trend,2026-07-20,1255871,0,1,742.0900268554688,524.1400146484375,,
v1_soxx_trend,2026-07-21,1324278,0,1,748.280029296875,552.6900024414062,,
v1_soxx_trend,2026-07-22,1331059,0,1,747.4099731445312,555.52001953125,,
v1_soxx_trend,2026-07-23,1320804,0,1,738.1799926757812,551.239990234375,,
v1_soxx_trend,2026-07-24,1262748,0,1,738.9299926757812,527.010009765625,,
v1_soxx_trend,2026-07-27,1236918,0,1,739.0900268554688,516.22998046875,,
v1_soxx_trend,2026-07-28,1177568,0,1,740.8599853515625,491.4599914550781,,
v1_soxx_trend,2026-07-29,1114168,0,1,729.4600219726562,465.0,,
v1_soxx_trend,2026-07-30,1208884,0,1,741.6900024414062,504.5299987792969,,
v1_soxx_trend,2026-07-31,1209747,0,1,747.030029296875,504.8900146484375,,
v1_soxx_trend,2026-08-03,1216432,0,1,757.6699829101562,507.67999267578125,,
v1_soxx_trend,2026-08-04,1299168,0,1,771.3300170898438,542.2100219726562,,
v1_soxx_trend,2026-08-05,1271589,0,1,769.7899780273438,530.7000122070312,,
v1_soxx_trend,2026-08-06,1275950,0,1,768.5599975585938,532.52001953125,,
v1_soxx_trend,2026-08-07,1301708,0,1,773.260009765625,543.27001953125,,
v1_soxx_trend,2026-08-10,1268450,0,1,773.030029296875,529.3900146484375,,
v1_soxx_trend,2026-08-11,1279975,0,1,770.5599975585938,534.2000122070312,,
v1_soxx_trend,2026-08-12,1309710,0,1,772.489990234375,546.6099853515625,,
v1_soxx_trend,2026-08-13,1319606,0,1,777.8800048828125,550.739990234375,,
v1_soxx_trend,2026-08-14,1318839,0,1,776.3400268554688,550.4199829101562,,
v1_soxx_trend,2026-08-17,1339685,0,1,772.6699829101562,559.1199951171875,,
v1_soxx_trend,2026-08-18,1273242,0,1,767.4500122070312,531.3900146484375,,
v1_soxx_trend,2026-08-19,1245160,0,1,769.0599975585938,519.6699829101562,,
v1_soxx_trend,2026-08-20,1251582,0,1,762.5999755859375,522.3499755859375,,
v1_soxx_trend,2026-08-21,1246071,0,1,765.719970703125,520.0499877929688,,
v1_soxx_trend,2026-08-24,1212838,0,1,763.469970703125,506.17999267578125,,
v1_soxx_trend,2026-08-25,1231719,0,1,765.9099731445312,514.0599975585938,,
v1_soxx_trend,2026-08-26,1234929,0,1,766.0800170898438,515.4000244140625,,
v1_soxx_trend,2026-08-27,1258962,0,1,771.0999755859375,525.4299926757812,,
v1_soxx_trend,2026-08-28,1218684,0,1,769.3499755859375,508.6199951171875,,
v1_soxx_trend,2026-08-31,1224483,0,1,767.0499877929688,511.0400085449219,,
v1_soxx_trend,2026-09-01,1198773,0,1,761.780029296875,500.30999755859375,,
v1_soxx_trend,2026-09-02,1201480,0,1,765.1599731445312,501.44000244140625,,
v1_soxx_trend,2026-09-03,1203301,0,1,773.1699829101562,502.20001220703125,,
v1_soxx_trend,2026-09-04,1245616,0,1,770.1900024414062,519.8599853515625,,
v1_soxx_trend,2026-09-08,1266078,0,1,765.9600219726562,528.4000244140625,,
v1_soxx_trend,2026-09-09,1274704,0,1,762.4000244140625,532.0,,
v1_soxx_trend,2026-09-10,1239793,0,1,757.8300170898438,517.4299926757812,,
v1_soxx_trend,2026-09-11,1262891,0,1,764.2899780273438,527.0700073242188,,
v1_soxx_trend,2026-09-14,1191800,0,1,760.8800048828125,497.3999938964844,,
v1_soxx_trend,2026-09-15,1195275,0,1,757.3900146484375,498.8500061035156,,
v1_soxx_trend,2026-09-16,1202966,0,1,754.0499877929688,502.05999755859375,,
v1_soxx_trend,2026-09-17,1243795,0,1,762.5999755859375,519.0999755859375,,
v1_soxx_trend,2026-09-18,1277268,0,1,761.6900024414062,533.0700073242188,,
v1_soxx_trend,2026-09-21,1340212,0,1,773.5,559.3400268554688,,
v1_soxx_trend,2026-09-22,1372415,0,1,773.3800048828125,572.780029296875,,
v1_soxx_trend,2026-09-23,1355499,0,1,767.8099975585938,565.719970703125,,
v1_soxx_trend,2026-09-24,1356338,0,1,767.1799926757812,566.0700073242188,,
v1_soxx_vol,2026-04-20,1000000,0,2,706.8988037109375,417.351806640625,,
v1_soxx_vol,2026-04-21,999856,0,2,702.2708129882812,420.5003356933594,,
v1_soxx_vol,2026-04-22,1017629,0,2,709.3825073242188,431.5650634765625,,
v1_soxx_vol,2026-04-23,1025925,0,2,706.6295776367188,440.7906799316406,,
v1_soxx_vol,2026-04-24,1052607,0,2,712.10546875,461.38092041015625,,
v1_soxx_vol,2026-04-27,1046978,0,2,713.332275390625,455.19384765625,,
v1_soxx_vol,2026-04-28,1024376,0,2,709.8612060546875,438.50177001953125,,
v1_soxx_vol,2026-04-29,1038271,0,2,709.7515258789062,449.7763977050781,,
v1_soxx_vol,2026-04-30,1057403,0,2,716.8132934570312,461.2209777832031,,
v1_soxx_vol,2026-05-01,1064540,0,2,718.7982177734375,465.5289306640625,,
v1_soxx_vol,2026-05-04,1057886,0,2,716.1649780273438,461.8406982421875,,
v1_soxx_vol,2026-05-05,1090236,0,2,721.9102172851562,482.5008850097656,,
v1_soxx_vol,2026-05-06,1128790,0,2,731.9443359375,506.6294250488281,,
v1_soxx_vol,2026-05-07,1108931,0,2,729.7001342773438,492.12628173828125,,
v1_soxx_vol,2026-05-08,1150908,0,2,735.724609375,520.0530395507812,,
v1_soxx_vol,2026-05-11,1167280,0,2,737.4002685546875,532.5071411132812,,
v1_soxx_vol,2026-05-12,1147733,0,2,736.2831420898438,515.7450561523438,,
v1_soxx_vol,2026-05-13,1164767,0,2,740.4025268554688,528.0392456054688,,
v1_soxx_vol,2026-05-14,1171457,0,2,746.2474975585938,529.7784423828125,,
v1_soxx_vol,2026-05-15,1141767,0,2,737.2706298828125,508.27862548828125,,
v1_soxx_vol,2026-05-18,1128091,0,2,736.751953125,495.6346435546875,,
v1_soxx_vol,2026-05-19,1124635,0,2,731.8446044921875,496.50421142578125,,
v1_soxx_vol,2026-05-20,1153443,0,2,739.3452758789062,520.0630493164062,,
v1_soxx_vol,2026-05-21,1158810,0,2,740.8114624023438,524.4609985351562,,
v1_soxx_vol,2026-05-22,1172682,0,2,743.7239990234375,537.0750122070312,,
v1_soxx_vol,2026-05-26,1206227,0,2,748.6613159179688,569.8194580078125,,
v1_soxx_vol,2026-05-27,1200713,0,2,748.5316162109375,563.7122802734375,,
v1_soxx_vol,2026-05-28,1209324,0,2,752.6609497070312,569.19970703125,,
v1_soxx_vol,2026-05-29,1210752,0,2,754.5361328125,568.8099365234375,,
v1_soxx_vol,2026-06-01,1215189,0,2,756.5908203125,571.6585083007812,,
v1_soxx_vol,2026-06-02,1245143,0,2,757.6182250976562,604.7328491210938,,
v1_soxx_vol,2026-06-03,1249120,0,2,752.3018798828125,615.3877563476562,,
v1_soxx_vol,2026-06-04,1241551,0,2,755.1445922851562,602.4338989257812,,
v1_soxx_vol,2026-06-05,1169815,0,2,735.65478515625,539.5138549804688,,
v1_soxx_vol,2026-06-08,1199682,0,2,737.3204345703125,571.1787719726562,,
v1_soxx_vol,2026-06-09,1190987,0,2,735.1560668945312,561.8732299804688,,
v1_soxx_vol,2026-06-10,1164233,0,2,723.56591796875,541.2529907226562,,
v1_soxx_vol,2026-06-11,1209054,0,2,735.8642578125,586.6514282226562,,
v1_soxx_vol,2026-06-12,1219637,0,2,739.843994140625,595.9669799804688,,
v1_soxx_vol,2026-06-15,1254256,0,2,752.890380859375,628.4500122070312,,
v1_soxx_vol,2026-06-16,1227326,0,2,748.4019775390625,591.239990234375,,
v1_soxx_vol,2026-06-17,1221654,0,2,739.0560302734375,599.72998046875,,
v1_soxx_vol,2026-06-18,1253384,0,2,746.739990234375,639.4500122070312,,
v1_soxx_vol,2026-06-22,1259055,0,2,744.3900146484375,655.010009765625,,
v1_soxx_vol,2026-06-23,1218663,0,2,733.5800170898438,603.3900146484375,,
v1_soxx_vol,2026-06-24,1217212,0,2,733.239990234375,601.5,,
v1_soxx_vol,2026-06-25,1230530,0,2,734.2999877929688,625.2000122070312,,
v1_soxx_vol,2026-06-26,1206069,0,2,728.989990234375,589.9400024414062,,
v1_soxx_vol,2026-06-29,1233620,0,2,741.0,614.3499755859375,,
v1_soxx_vol,2026-06-30,1253912,0,2,746.77001953125,640.760009765625,,
v1_soxx_vol,2026-07-01,1233122,0,2,745.760009765625,599.7000122070312,,
v1_soxx_vol,2026-07-02,1215444,0,2,744.780029296875,566.3200073242188,,
v1_soxx_vol,2026-07-06,1231236,0,2,751.280029296875,581.510009765625,,
v1_soxx_vol,2026-07-07,1212200,0,2,747.7100219726562,551.6900024414062,,
v1_soxx_vol,2026-07-08,1214524,0,2,745.4000244140625,562.030029296875,,
v1_soxx_vol,2026-07-09,1232803,0,2,751.7100219726562,581.7000122070312,,
v1_soxx_vol,2026-07-10,1236578,0,2,754.9500122070312,581.3400268554688,,
v1_soxx_vol,2026-07-13,1214626,0,2,749.1699829101562,553.6099853515625,,
v1_soxx_vol,2026-07-14,1225939,0,2,751.8300170898438,567.9199829101562,,
v1_soxx_vol,2026-07-15,1222049,0,2,754.8099975585938,555.27001953125,,
v1_soxx_vol,2026-07-16,1202650,0,2,750.719970703125,530.5,,
v1_soxx_vol,2026-07-17,1188557,0,2,743.2899780273438,521.8099975585938,,
v1_soxx_vol,2026-07-20,1188705,0,2,742.0900268554688,524.1400146484375,,
v1_soxx_vol,2026-07-21,1214373,0,2,748.280029296875,552.6900024414062,,
v1_soxx_vol,2026-07-22,1215331,0,2,747.4099731445312,555.52001953125,,
v1_soxx_vol,2026-07-23,1201999,0,2,738.1799926757812,551.239990234375,,
v1_soxx_vol,2026-07-24,1185762,0,2,738.9299926757812,527.010009765625,,
v1_soxx_vol,2026-07-27,1178104,0,2,739.0900268554688,516.22998046875,,
v1_soxx_vol,2026-07-28,1161572,0,2,740.8599853515625,491.4599914550781,,
v1_soxx_vol,2026-07-29,1128513,0,2,729.4600219726562,465.0,,
v1_soxx_vol,2026-07-30,1174070,0,2,741.6900024414062,504.5299987792969,,
v1_soxx_vol,2026-07-31,1179776,0,2,747.030029296875,504.8900146484375,,
v1_soxx_vol,2026-08-03,1193338,0,2,757.6699829101562,507.67999267578125,,
v1_soxx_vol,2026-08-04,1234440,0,2,771.3300170898438,542.2100219726562,,
v1_soxx_vol,2026-08-05,1224047,0,2,769.7899780273438,530.7000122070312,,
v1_soxx_vol,2026-08-06,1224050,0,2,768.5599975585938,532.52001953125,,
v1_soxx_vol,2026-08-07,1237035,0,2,773.260009765625,543.27001953125,,
v1_soxx_vol,2026-08-10,1226599,0,2,773.030029296875,529.3900146484375,,
v1_soxx_vol,2026-08-11,1227543,0,2,770.5599975585938,534.2000122070312,,
v1_soxx_vol,2026-08-12,1239057,0,2,772.489990234375,546.6099853515625,,
v1_soxx_vol,2026-08-13,1247943,0,2,777.8800048828125,550.739990234375,,
v1_soxx_vol,2026-08-14,1246060,0,2,776.3400268554688,550.4199829101562,,
v1_soxx_vol,2026-08-17,1249082,0,2,772.6699829101562,559.1199951171875,,
v1_soxx_vol,2026-08-18,1221755,0,2,767.4500122070312,531.3900146484375,,
v1_soxx_vol,2026-08-19,1213995,0,2,769.0599975585938,519.6699829101562,,
v1_soxx_vol,2026-08-20,1209585,0,2,762.5999755859375,522.3499755859375,,
v1_soxx_vol,2026-08-21,1210946,0,2,765.719970703125,520.0499877929688,,
v1_soxx_vol,2026-08-24,1197411,0,2,763.469970703125,506.17999267578125,,
v1_soxx_vol,2026-08-25,1206608,0,2,765.9099731445312,514.0599975585938,,
v1_soxx_vol,2026-08-26,1207912,0,2,766.0800170898438,515.4000244140625,,
v1_soxx_vol,2026-08-27,1221733,0,2,771.0999755859375,525.4299926757812,,
v1_soxx_vol,2026-08-28,1203955,0,2,769.3499755859375,508.6199951171875,,
v1_soxx_vol,2026-08-31,1205167,0,2,767.0499877929688,511.0400085449219,,
v1_soxx_vol,2026-09-01,1188510,0,2,761.780029296875,500.30999755859375,,
v1_soxx_vol,2026-09-02,1192518,0,2,765.1599731445312,501.44000244140625,,
v1_soxx_vol,2026-09-03,1198438,0,2,773.1699829101562,502.20001220703125,,
v1_soxx_vol,2026-09-04,1223112,0,2,770.1900024414062,519.8599853515625,,
v1_soxx_vol,2026-09-08,1233210,0,2,765.9600219726562,528.4000244140625,,
v1_soxx_vol,2026-09-09,1235865,0,2,762.4000244140625,532.0,,
v1_soxx_vol,2026-09-10,1212482,0,2,757.8300170898438,517.4299926757812,,
v1_soxx_vol,2026-09-11,1230238,0,2,764.2899780273438,527.0700073242188,,
v1_soxx_vol,2026-09-14,1186331,0,2,760.8800048828125,497.3999938964844,,
v1_soxx_vol,2026-09-15,1186137,0,2,757.3900146484375,498.8500061035156,,
v1_soxx_vol,2026-09-16,1187511,0,2,754.0499877929688,502.05999755859375,,
v1_soxx_vol,2026-09-17,1214978,0,2,762.5999755859375,519.0999755859375,,
v1_soxx_vol,2026-09-18,1233179,0,2,761.6900024414062,533.0700073242188,,
v1_soxx_vol,2026-09-21,1275284,0,2,773.5,559.3400268554688,,
v1_soxx_vol,2026-09-22,1291562,0,2,773.3800048828125,572.780029296875,,
v1_soxx_vol,2026-09-23,1279035,0,2,767.8099975585938,565.719970703125,,
v1_soxx_vol,2026-09-24,1278907,0,2,767.1799926757812,566.0700073242188,,
v1_tc_any_100,2026-04-20,1000000,900000,1,706.8988037109375,417.351806640625,,
v1_tc_any_100,2026-04-21,1000502,900000,1,702.2708129882812,420.5003356933594,,
v1_tc_any_100,2026-04-22,1005789,900000,1,709.3825073242188,431.5650634765625,,
v1_tc_any_100,2026-04-23,1003294,853615,2,706.6295776367188,440.7906799316406,,
v1_tc_any_100,2026-04-24,1005987,902711,1,712.10546875,461.38092041015625,,
v1_tc_any_100,2026-04-27,1003675,852412,2,713.332275390625,455.19384765625,,
v1_tc_any_100,2026-04-28,1000948,951087,1,709.8612060546875,438.50177001953125,,
v1_tc_any_100,2026-04-29,1000823,951087,1,709.7515258789062,449.7763977050781,,
v1_tc_any_100,2026-04-30,1001205,951087,1,716.8132934570312,461.2209777832031,,
v1_tc_any_100,2026-05-01,1001500,951087,1,718.7982177734375,465.5289306640625,,
v1_tc_any_100,2026-05-04,1001432,901012,2,716.1649780273438,461.8406982421875,,
v1_tc_any_100,2026-05-05,999839,949746,1,721.9102172851562,482.5008850097656,,
v1_tc_any_100,2026-05-06,1000339,949746,1,731.9443359375,506.6294250488281,,
v1_tc_any_100,2026-05-07,1000316,949746,1,729.7001342773438,492.12628173828125,,
v1_tc_any_100,2026-05-08,1000351,949746,1,735.724609375,520.0530395507812,,
v1_tc_any_100,2026-05-11,1002516,1002516,0,737.4002685546875,532.5071411132812,,
v1_tc_any_100,2026-05-12,1002516,1002516,0,736.2831420898438,515.7450561523438,,
v1_tc_any_100,2026-05-13,1002516,1002516,0,740.4025268554688,528.0392456054688,,
v1_tc_any_100,2026-05-14,1002516,1002516,0,746.2474975585938,529.7784423828125,,
v1_tc_any_100,2026-05-15,1002516,1002516,0,737.2706298828125,508.27862548828125,,
v1_tc_any_100,2026-05-18,1002516,1002516,0,736.751953125,495.6346435546875,,
v1_tc_any_100,2026-05-19,1002516,1002516,0,731.8446044921875,496.50421142578125,,
v1_tc_any_100,2026-05-20,1002516,1002516,0,739.3452758789062,520.0630493164062,,
v1_tc_any_100,2026-05-21,1002516,1002516,0,740.8114624023438,524.4609985351562,,
v1_tc_any_100,2026-05-22,1002516,1002516,0,743.7239990234375,537.0750122070312,,
v1_tc_any_100,2026-05-26,1002516,1002516,0,748.6613159179688,569.8194580078125,,
v1_tc_any_100,2026-05-27,1002516,1002516,0,748.5316162109375,563.7122802734375,,
v1_tc_any_100,2026-05-28,1002516,1002516,0,752.6609497070312,569.19970703125,,
v1_tc_any_100,2026-05-29,1002516,1002516,0,754.5361328125,568.8099365234375,,
v1_tc_any_100,2026-06-01,1002516,1002516,0,756.5908203125,571.6585083007812,,
v1_tc_any_100,2026-06-02,1002516,1002516,0,757.6182250976562,604.7328491210938,,
v1_tc_any_100,2026-06-03,1002516,1002516,0,752.3018798828125,615.3877563476562,,
v1_tc_any_100,2026-06-04,1002422,952390,1,755.1445922851562,602.4338989257812,,
v1_tc_any_100,2026-06-05,1000998,902269,1,735.65478515625,539.5138549804688,,
v1_tc_any_100,2026-06-08,999829,902269,1,737.3204345703125,571.1787719726562,,
v1_tc_any_100,2026-06-09,998560,998560,0,735.1560668945312,561.8732299804688,,
v1_tc_any_100,2026-06-10,998560,998560,0,723.56591796875,541.2529907226562,,
v1_tc_any_100,2026-06-11,998383,698992,3,735.8642578125,586.6514282226562,,
v1_tc_any_100,2026-06-12,1003537,698992,3,739.843994140625,595.9669799804688,,
v1_tc_any_100,2026-06-15,1015306,809127,2,752.890380859375,628.4500122070312,,
v1_tc_any_100,2026-06-16,1013969,809127,2,748.4019775390625,591.239990234375,,
v1_tc_any_100,2026-06-17,1010106,758429,3,739.0560302734375,599.72998046875,,
v1_tc_any_100,2026-06-18,1018427,762502,3,746.739990234375,639.4500122070312,,
v1_tc_any_100,2026-06-22,1009661,711581,3,744.3900146484375,655.010009765625,,
v1_tc_any_100,2026-06-23,1001761,757175,3,733.5800170898438,603.3900146484375,,
v1_tc_any_100,2026-06-24,999729,806276,2,733.239990234375,601.5,,
v1_tc_any_100,2026-06-25,996851,901082,1,734.2999877929688,625.2000122070312,,
v1_tc_any_100,2026-06-26,994752,901082,1,728.989990234375,589.9400024414062,,
v1_tc_any_100,2026-06-29,999284,801607,2,741.0,614.3499755859375,,
v1_tc_any_100,2026-06-30,1002551,952681,1,746.77001953125,640.760009765625,,
v1_tc_any_100,2026-07-01,1003962,902553,1,745.760009765625,599.7000122070312,,
v1_tc_any_100,2026-07-02,1005739,955597,1,744.780029296875,566.3200073242188,,
v1_tc_any_100,2026-07-06,1005633,1005633,0,751.280029296875,581.510009765625,,
v1_tc_any_100,2026-07-07,1005633,1005633,0,747.7100219726562,551.6900024414062,,
v1_tc_any_100,2026-07-08,1005633,1005633,0,745.4000244140625,562.030029296875,,
v1_tc_any_100,2026-07-09,1005633,1005633,0,751.7100219726562,581.7000122070312,,
v1_tc_any_100,2026-07-10,1005633,1005633,0,754.9500122070312,581.3400268554688,,
v1_tc_any_100,2026-07-13,1005633,1005633,0,749.1699829101562,553.6099853515625,,
v1_tc_any_100,2026-07-14,1005521,905070,1,751.8300170898438,567.9199829101562,,
v1_tc_any_100,2026-07-15,1005853,905070,1,754.8099975585938,555.27001953125,,
v1_tc_any_100,2026-07-16,1003434,905070,1,750.719970703125,530.5,,
v1_tc_any_100,2026-07-17,999717,999717,0,743.2899780273438,521.8099975585938,,
v1_tc_any_100,2026-07-20,999717,999717,0,742.0900268554688,524.1400146484375,,
v1_tc_any_100,2026-07-21,999717,999717,0,748.280029296875,552.6900024414062,,
v1_tc_any_100,2026-07-22,999717,999717,0,747.4099731445312,555.52001953125,,
v1_tc_any_100,2026-07-23,999717,999717,0,738.1799926757812,551.239990234375,,
v1_tc_any_100,2026-07-24,999717,999717,0,738.9299926757812,527.010009765625,,
v1_tc_any_100,2026-07-27,999717,999717,0,739.0900268554688,516.22998046875,,
v1_tc_any_100,2026-07-28,999717,999717,0,740.8599853515625,491.4599914550781,,
v1_tc_any_100,2026-07-29,999717,999717,0,729.4600219726562,465.0,,
v1_tc_any_100,2026-07-30,999717,999717,0,741.6900024414062,504.5299987792969,,
v1_tc_any_100,2026-07-31,999717,949731,1,747.030029296875,504.8900146484375,,
v1_tc_any_100,2026-08-03,997371,897633,2,757.6699829101562,507.67999267578125,,
v1_tc_any_100,2026-08-04,1001470,847764,3,771.3300170898438,542.2100219726562,,
v1_tc_any_100,2026-08-05,998111,897264,2,769.7899780273438,530.7000122070312,,
v1_tc_any_100,2026-08-06,999410,999410,0,768.5599975585938,532.52001953125,,
v1_tc_any_100,2026-08-07,999399,849500,3,773.260009765625,543.27001953125,,
v1_tc_any_100,2026-08-10,998330,848942,2,773.030029296875,529.3900146484375,,
v1_tc_any_100,2026-08-11,997564,847685,2,770.5599975585938,534.2000122070312,,
v1_tc_any_100,2026-08-12,1009622,847685,2,772.489990234375,546.6099853515625,,
v1_tc_any_100,2026-08-13,1015327,746723,4,777.8800048828125,550.739990234375,,
v1_tc_any_100,2026-08-14,1018474,862134,3,776.3400268554688,550.4199829101562,,
v1_tc_any_100,2026-08-17,1022195,915906,2,772.6699829101562,559.1199951171875,,
v1_tc_any_100,2026-08-18,1014537,965160,1,767.4500122070312,531.3900146484375,,
v1_tc_any_100,2026-08-19,1013964,914433,2,769.0599975585938,519.6699829101562,,
v1_tc_any_100,2026-08-20,1020449,972614,1,762.5999755859375,522.3499755859375,,
v1_tc_any_100,2026-08-21,1020205,972614,1,765.719970703125,520.0499877929688,,
v1_tc_any_100,2026-08-24,1020812,921604,2,763.469970703125,506.17999267578125,,
v1_tc_any_100,2026-08-25,1024576,921604,2,765.9099731445312,514.0599975585938,,
v1_tc_any_100,2026-08-26,1025105,921604,2,766.0800170898438,515.4000244140625,,
v1_tc_any_100,2026-08-27,1026787,870349,2,771.0999755859375,525.4299926757812,,
v1_tc_any_100,2026-08-28,1024967,870349,2,769.3499755859375,508.6199951171875,,
v1_tc_any_100,2026-08-31,1021863,870349,2,767.0499877929688,511.0400085449219,,
v1_tc_any_100,2026-09-01,1022476,819256,3,761.780029296875,500.30999755859375,,
v1_tc_any_100,2026-09-02,1022793,869577,2,765.1599731445312,501.44000244140625,,
v1_tc_any_100,2026-09-03,1026581,869577,2,773.1699829101562,502.20001220703125,,
v1_tc_any_100,2026-09-04,1033486,869577,2,770.1900024414062,519.8599853515625,,
v1_tc_any_100,2026-09-08,1042144,935068,1,765.9600219726562,528.4000244140625,,
v1_tc_any_100,2026-09-09,1039394,882961,2,762.4000244140625,532.0,,
v1_tc_any_100,2026-09-10,1038440,1038440,0,757.8300170898438,517.4299926757812,,
v1_tc_any_100,2026-09-11,1038440,986518,1,764.2899780273438,527.0700073242188,,
v1_tc_any_100,2026-09-14,1032587,1032587,0,760.8800048828125,497.3999938964844,,
v1_tc_any_100,2026-09-15,1032587,1032587,0,757.3900146484375,498.8500061035156,,
v1_tc_any_100,2026-09-16,1032587,980958,1,754.0499877929688,502.05999755859375,,
v1_tc_any_100,2026-09-17,1033472,722723,3,762.5999755859375,519.0999755859375,,
v1_tc_any_100,2026-09-18,1039283,832589,2,761.6900024414062,533.0700073242188,,
v1_tc_any_100,2026-09-21,1044288,834524,2,773.5,559.3400268554688,,
v1_tc_any_100,2026-09-22,1045171,941991,1,773.3800048828125,572.780029296875,,
v1_tc_any_100,2026-09-23,1045708,941991,1,767.8099975585938,565.719970703125,,
v1_tc_any_100,2026-09-24,1045157,889706,2,767.1799926757812,566.0700073242188,,
v1_tc_any_33r,2026-04-20,1000000,900000,1,706.8988037109375,417.351806640625,,
v1_tc_any_33r,2026-04-21,1000502,900000,1,702.2708129882812,420.5003356933594,,
v1_tc_any_33r,2026-04-22,1005789,900000,1,709.3825073242188,431.5650634765625,,
v1_tc_any_33r,2026-04-23,1003295,783612,3,706.6295776367188,440.7906799316406,,
v1_tc_any_33r,2026-04-24,1009610,832708,2,712.10546875,461.38092041015625,,
v1_tc_any_33r,2026-04-27,1007757,782228,3,713.332275390625,455.19384765625,,
v1_tc_any_33r,2026-04-28,1002719,880903,2,709.8612060546875,438.50177001953125,,
v1_tc_any_33r,2026-04-29,1002865,880903,2,709.7515258789062,449.7763977050781,,
v1_tc_any_33r,2026-04-30,1003657,880903,2,716.8132934570312,461.2209777832031,,
v1_tc_any_33r,2026-05-01,1004248,880903,2,718.7982177734375,465.5289306640625,,
v1_tc_any_33r,2026-05-04,1004901,830691,3,716.1649780273438,461.8406982421875,,
v1_tc_any_33r,2026-05-05,1001984,846817,3,721.9102172851562,482.5008850097656,,
v1_tc_any_33r,2026-05-06,1007420,846817,3,731.9443359375,506.6294250488281,,
v1_tc_any_33r,2026-05-07,1005045,857282,3,729.7001342773438,492.12628173828125,,
v1_tc_any_33r,2026-05-08,1004973,857282,3,735.724609375,520.0530395507812,,
v1_tc_any_33r,2026-05-11,1006035,874759,3,737.4002685546875,532.5071411132812,,
v1_tc_any_33r,2026-05-12,1004271,874759,3,736.2831420898438,515.7450561523438,,
v1_tc_any_33r,2026-05-13,1004028,895430,2,740.4025268554688,528.0392456054688,,
v1_tc_any_33r,2026-05-14,1007387,895430,2,746.2474975585938,529.7784423828125,,
v1_tc_any_33r,2026-05-15,1004793,895430,2,737.2706298828125,508.27862548828125,,
v1_tc_any_33r,2026-05-18,1003293,895430,2,736.751953125,495.6346435546875,,
v1_tc_any_33r,2026-05-19,1003364,895430,2,731.8446044921875,496.50421142578125,,
v1_tc_any_33r,2026-05-20,1004616,895430,2,739.3452758789062,520.0630493164062,,
v1_tc_any_33r,2026-05-21,1005884,895430,2,740.8114624023438,524.4609985351562,,
v1_tc_any_33r,2026-05-22,1005714,895430,2,743.7239990234375,537.0750122070312,,
v1_tc_any_33r,2026-05-26,1006887,895430,2,748.6613159179688,569.8194580078125,,
v1_tc_any_33r,2026-05-27,1008809,895430,2,748.5316162109375,563.7122802734375,,
v1_tc_any_33r,2026-05-28,1008859,895430,2,752.6609497070312,569.19970703125,,
v1_tc_any_33r,2026-05-29,1008125,895430,2,754.5361328125,568.8099365234375,,
v1_tc_any_33r,2026-06-01,1011229,895430,2,756.5908203125,571.6585083007812,,
v1_tc_any_33r,2026-06-02,1014260,895430,2,757.6182250976562,604.7328491210938,,
v1_tc_any_33r,2026-06-03,1013080,895430,2,752.3018798828125,615.3877563476562,,
v1_tc_any_33r,2026-06-04,1013584,844776,3,755.1445922851562,602.4338989257812,,
v1_tc_any_33r,2026-06-05,1006559,794097,3,735.65478515625,539.5138549804688,,
v1_tc_any_33r,2026-06-08,1006518,794097,3,737.3204345703125,571.1787719726562,,
v1_tc_any_33r,2026-06-09,1006099,891432,2,735.1560668945312,561.8732299804688,,
v1_tc_any_33r,2026-06-10,1001758,916108,2,723.56591796875,541.2529907226562,,
v1_tc_any_33r,2026-06-11,1003360,615580,5,735.8642578125,586.6514282226562,,
v1_tc_any_33r,2026-06-12,1009239,615580,5,739.843994140625,595.9669799804688,,
v1_tc_any_33r,2026-06-15,1023595,652041,5,752.890380859375,628.4500122070312,,
v1_tc_any_33r,2026-06-16,1022876,669305,5,748.4019775390625,591.239990234375,,
v1_tc_any_33r,2026-06-17,1021372,630832,6,739.0560302734375,599.72998046875,,
v1_tc_any_33r,2026-06-18,1044411,597932,7,746.739990234375,639.4500122070312,,
v1_tc_any_33r,2026-06-22,1041669,545737,7,744.3900146484375,655.010009765625,,
v1_tc_any_33r,2026-06-23,1022401,591489,7,733.5800170898438,603.3900146484375,,
v1_tc_any_33r,2026-06-24,1020913,642149,6,733.239990234375,601.5,,
v1_tc_any_33r,2026-06-25,1012086,737259,5,734.2999877929688,625.2000122070312,,
v1_tc_any_33r,2026-06-26,992134,769305,4,728.989990234375,589.9400024414062,,
v1_tc_any_33r,2026-06-29,1004819,670092,5,741.0,614.3499755859375,,
v1_tc_any_33r,2026-06-30,1017234,686210,6,746.77001953125,640.760009765625,,
v1_tc_any_33r,2026-07-01,1012177,673179,6,745.760009765625,599.7000122070312,,
v1_tc_any_33r,2026-07-02,1009211,682748,6,744.780029296875,566.3200073242188,,
v1_tc_any_33r,2026-07-06,1016219,682748,6,751.280029296875,581.510009765625,,
v1_tc_any_33r,2026-07-07,1011979,690621,6,747.7100219726562,551.6900024414062,,
v1_tc_any_33r,2026-07-08,1011437,690621,6,745.4000244140625,562.030029296875,,
v1_tc_any_33r,2026-07-09,1011325,690621,6,751.7100219726562,581.7000122070312,,
v1_tc_any_33r,2026-07-10,1013165,690621,6,754.9500122070312,581.3400268554688,,
v1_tc_any_33r,2026-07-13,1007148,690621,6,749.1699829101562,553.6099853515625,,
v1_tc_any_33r,2026-07-14,1013549,690621,6,751.8300170898438,567.9199829101562,,
v1_tc_any_33r,2026-07-15,1017860,704894,6,754.8099975585938,555.27001953125,,
v1_tc_any_33r,2026-07-16,1010280,731048,5,750.719970703125,530.5,,
v1_tc_any_33r,2026-07-17,1004587,731048,5,743.2899780273438,521.8099975585938,,
v1_tc_any_33r,2026-07-20,1007530,731048,5,742.0900268554688,524.1400146484375,,
v1_tc_any_33r,2026-07-21,1008608,731048,5,748.280029296875,552.6900024414062,,
v1_tc_any_33r,2026-07-22,1009162,752287,5,747.4099731445312,555.52001953125,,
v1_tc_any_33r,2026-07-23,1002677,792534,4,738.1799926757812,551.239990234375,,
v1_tc_any_33r,2026-07-24,1001368,792534,4,738.9299926757812,527.010009765625,,
v1_tc_any_33r,2026-07-27,997435,792534,4,739.0900268554688,516.22998046875,,
v1_tc_any_33r,2026-07-28,997924,792534,4,740.8599853515625,491.4599914550781,,
v1_tc_any_33r,2026-07-29,994074,890107,3,729.4600219726562,465.0,,
v1_tc_any_33r,2026-07-30,1005540,890107,3,741.6900024414062,504.5299987792969,,
v1_tc_any_33r,2026-07-31,1008182,867269,4,747.030029296875,504.8900146484375,,
v1_tc_any_33r,2026-08-03,1008470,814604,5,757.6699829101562,507.67999267578125,,
v1_tc_any_33r,2026-08-04,1013510,764180,6,771.3300170898438,542.2100219726562,,
v1_tc_any_33r,2026-08-05,1009304,746684,7,769.7899780273438,530.7000122070312,,
v1_tc_any_33r,2026-08-06,1012309,785836,7,768.5599975585938,532.52001953125,,
v1_tc_any_33r,2026-08-07,1018248,633991,9,773.260009765625,543.27001953125,,
v1_tc_any_33r,2026-08-10,1013968,583079,9,773.030029296875,529.3900146484375,,
v1_tc_any_33r,2026-08-11,1019053,581668,9,770.5599975585938,534.2000122070312,,
v1_tc_any_33r,2026-08-12,1040705,581668,9,772.489990234375,546.6099853515625,,
v1_tc_any_33r,2026-08-13,1047797,489599,11,777.8800048828125,550.739990234375,,
v1_tc_any_33r,2026-08-14,1053630,560284,11,776.3400268554688,550.4199829101562,,
v1_tc_any_33r,2026-08-17,1057312,578575,11,772.6699829101562,559.1199951171875,,
v1_tc_any_33r,2026-08-18,1038077,595329,11,767.4500122070312,531.3900146484375,,
v1_tc_any_33r,2026-08-19,1025702,594464,10,769.0599975585938,519.6699829101562,,
v1_tc_any_33r,2026-08-20,1042045,634620,10,762.5999755859375,522.3499755859375,,
v1_tc_any_33r,2026-08-21,1044201,634620,10,765.719970703125,520.0499877929688,,
v1_tc_any_33r,2026-08-24,1035152,563248,10,763.469970703125,506.17999267578125,,
v1_tc_any_33r,2026-08-25,1045117,563248,10,765.9099731445312,514.0599975585938,,
v1_tc_any_33r,2026-08-26,1045879,590258,10,766.0800170898438,515.4000244140625,,
v1_tc_any_33r,2026-08-27,1053963,537964,10,771.0999755859375,525.4299926757812,,
v1_tc_any_33r,2026-08-28,1043809,549083,10,769.3499755859375,508.6199951171875,,
v1_tc_any_33r,2026-08-31,1038641,549083,10,767.0499877929688,511.0400085449219,,
v1_tc_any_33r,2026-09-01,1035091,510725,10,761.780029296875,500.30999755859375,,
v1_tc_any_33r,2026-09-02,1034631,510725,10,765.1599731445312,501.44000244140625,,
v1_tc_any_33r,2026-09-03,1038844,515966,10,773.1699829101562,502.20001220703125,,
v1_tc_any_33r,2026-09-04,1053120,515966,10,770.1900024414062,519.8599853515625,,
v1_tc_any_33r,2026-09-08,1078297,537917,10,765.9600219726562,528.4000244140625,,
v1_tc_any_33r,2026-09-09,1075171,504528,11,762.4000244140625,532.0,,
v1_tc_any_33r,2026-09-10,1067517,563687,11,757.8300170898438,517.4299926757812,,
v1_tc_any_33r,2026-09-11,1082464,538957,11,764.2899780273438,527.0700073242188,,
v1_tc_any_33r,2026-09-14,1037977,747506,8,760.8800048828125,497.3999938964844,,
v1_tc_any_33r,2026-09-15,1037602,770434,8,757.3900146484375,498.8500061035156,,
v1_tc_any_33r,2026-09-16,1043117,721967,9,754.0499877929688,502.05999755859375,,
v1_tc_any_33r,2026-09-17,1049251,461098,11,762.5999755859375,519.0999755859375,,
v1_tc_any_33r,2026-09-18,1055837,442175,11,761.6900024414062,533.0700073242188,,
v1_tc_any_33r,2026-09-21,1082979,405831,11,773.5,559.3400268554688,,
v1_tc_any_33r,2026-09-22,1087405,444526,11,773.3800048828125,572.780029296875,,
v1_tc_any_33r,2026-09-23,1082892,469361,11,767.8099975585938,565.719970703125,,
v1_tc_any_33r,2026-09-24,1082570,415216,12,767.1799926757812,566.0700073242188,,
v1_tc_any_33s,2026-04-20,1000000,900000,1,706.8988037109375,417.351806640625,,
v1_tc_any_33s,2026-04-21,1000502,900000,1,702.2708129882812,420.5003356933594,,
v1_tc_any_33s,2026-04-22,1005789,900000,1,709.3825073242188,431.5650634765625,,
v1_tc_any_33s,2026-04-23,1003295,783612,3,706.6295776367188,440.7906799316406,,
v1_tc_any_33s,2026-04-24,1009610,832708,2,712.10546875,461.38092041015625,,
v1_tc_any_33s,2026-04-27,1007757,782228,3,713.332275390625,455.19384765625,,
v1_tc_any_33s,2026-04-28,1002719,880903,2,709.8612060546875,438.50177001953125,,
v1_tc_any_33s,2026-04-29,1002865,880903,2,709.7515258789062,449.7763977050781,,
v1_tc_any_33s,2026-04-30,1003657,880903,2,716.8132934570312,461.2209777832031,,
v1_tc_any_33s,2026-05-01,1004248,880903,2,718.7982177734375,465.5289306640625,,
v1_tc_any_33s,2026-05-04,1004901,830691,3,716.1649780273438,461.8406982421875,,
v1_tc_any_33s,2026-05-05,1001984,846817,3,721.9102172851562,482.5008850097656,,
v1_tc_any_33s,2026-05-06,1007420,846817,3,731.9443359375,506.6294250488281,,
v1_tc_any_33s,2026-05-07,1005045,857282,3,729.7001342773438,492.12628173828125,,
v1_tc_any_33s,2026-05-08,1004973,857282,3,735.724609375,520.0530395507812,,
v1_tc_any_33s,2026-05-11,1006035,874759,3,737.4002685546875,532.5071411132812,,
v1_tc_any_33s,2026-05-12,1004271,874759,3,736.2831420898438,515.7450561523438,,
v1_tc_any_33s,2026-05-13,1004028,895430,2,740.4025268554688,528.0392456054688,,
v1_tc_any_33s,2026-05-14,1007387,895430,2,746.2474975585938,529.7784423828125,,
v1_tc_any_33s,2026-05-15,1004793,895430,2,737.2706298828125,508.27862548828125,,
v1_tc_any_33s,2026-05-18,1003293,895430,2,736.751953125,495.6346435546875,,
v1_tc_any_33s,2026-05-19,1003364,895430,2,731.8446044921875,496.50421142578125,,
v1_tc_any_33s,2026-05-20,1004616,895430,2,739.3452758789062,520.0630493164062,,
v1_tc_any_33s,2026-05-21,1005884,895430,2,740.8114624023438,524.4609985351562,,
v1_tc_any_33s,2026-05-22,1005714,895430,2,743.7239990234375,537.0750122070312,,
v1_tc_any_33s,2026-05-26,1006887,895430,2,748.6613159179688,569.8194580078125,,
v1_tc_any_33s,2026-05-27,1008809,895430,2,748.5316162109375,563.7122802734375,,
v1_tc_any_33s,2026-05-28,1008859,895430,2,752.6609497070312,569.19970703125,,
v1_tc_any_33s,2026-05-29,1008125,895430,2,754.5361328125,568.8099365234375,,
v1_tc_any_33s,2026-06-01,1011229,895430,2,756.5908203125,571.6585083007812,,
v1_tc_any_33s,2026-06-02,1014260,895430,2,757.6182250976562,604.7328491210938,,
v1_tc_any_33s,2026-06-03,1013080,895430,2,752.3018798828125,615.3877563476562,,
v1_tc_any_33s,2026-06-04,1013584,844776,3,755.1445922851562,602.4338989257812,,
v1_tc_any_33s,2026-06-05,1006559,794097,3,735.65478515625,539.5138549804688,,
v1_tc_any_33s,2026-06-08,1006518,794097,3,737.3204345703125,571.1787719726562,,
v1_tc_any_33s,2026-06-09,1006099,891432,2,735.1560668945312,561.8732299804688,,
v1_tc_any_33s,2026-06-10,1001758,916108,2,723.56591796875,541.2529907226562,,
v1_tc_any_33s,2026-06-11,1003360,615580,5,735.8642578125,586.6514282226562,,
v1_tc_any_33s,2026-06-12,1009239,615580,5,739.843994140625,595.9669799804688,,
v1_tc_any_33s,2026-06-15,1023595,652041,5,752.890380859375,628.4500122070312,,
v1_tc_any_33s,2026-06-16,1022876,669305,5,748.4019775390625,591.239990234375,,
v1_tc_any_33s,2026-06-17,1021372,630832,6,739.0560302734375,599.72998046875,,
v1_tc_any_33s,2026-06-18,1044411,597932,7,746.739990234375,639.4500122070312,,
v1_tc_any_33s,2026-06-22,1041669,545737,7,744.3900146484375,655.010009765625,,
v1_tc_any_33s,2026-06-23,1022401,591489,7,733.5800170898438,603.3900146484375,,
v1_tc_any_33s,2026-06-24,1020913,642149,6,733.239990234375,601.5,,
v1_tc_any_33s,2026-06-25,1012086,737259,5,734.2999877929688,625.2000122070312,,
v1_tc_any_33s,2026-06-26,992134,769305,4,728.989990234375,589.9400024414062,,
v1_tc_any_33s,2026-06-29,1004819,670092,5,741.0,614.3499755859375,,
v1_tc_any_33s,2026-06-30,1017234,686210,6,746.77001953125,640.760009765625,,
v1_tc_any_33s,2026-07-01,1012177,673179,6,745.760009765625,599.7000122070312,,
v1_tc_any_33s,2026-07-02,1009249,716150,6,744.780029296875,566.3200073242188,,
v1_tc_any_33s,2026-07-06,1016133,716150,6,751.280029296875,581.510009765625,,
v1_tc_any_33s,2026-07-07,1011657,724023,6,747.7100219726562,551.6900024414062,,
v1_tc_any_33s,2026-07-08,1009884,724023,6,745.4000244140625,562.030029296875,,
v1_tc_any_33s,2026-07-09,1010001,724023,6,751.7100219726562,581.7000122070312,,
v1_tc_any_33s,2026-07-10,1010440,724023,6,754.9500122070312,581.3400268554688,,
v1_tc_any_33s,2026-07-13,1005696,724023,6,749.1699829101562,553.6099853515625,,
v1_tc_any_33s,2026-07-14,1010680,724023,6,751.8300170898438,567.9199829101562,,
v1_tc_any_33s,2026-07-15,1014871,738296,6,754.8099975585938,555.27001953125,,
v1_tc_any_33s,2026-07-16,1008165,764450,5,750.719970703125,530.5,,
v1_tc_any_33s,2026-07-17,1003257,764450,5,743.2899780273438,521.8099975585938,,
v1_tc_any_33s,2026-07-20,1006120,764450,5,742.0900268554688,524.1400146484375,,
v1_tc_any_33s,2026-07-21,1006511,764450,5,748.280029296875,552.6900024414062,,
v1_tc_any_33s,2026-07-22,1006249,785689,5,747.4099731445312,555.52001953125,,
v1_tc_any_33s,2026-07-23,1000329,825936,4,738.1799926757812,551.239990234375,,
v1_tc_any_33s,2026-07-24,999349,825936,4,738.9299926757812,527.010009765625,,
v1_tc_any_33s,2026-07-27,997185,825936,4,739.0900268554688,516.22998046875,,
v1_tc_any_33s,2026-07-28,997588,825936,4,740.8599853515625,491.4599914550781,,
v1_tc_any_33s,2026-07-29,994828,890861,3,729.4600219726562,465.0,,
v1_tc_any_33s,2026-07-30,1006294,890861,3,741.6900024414062,504.5299987792969,,
v1_tc_any_33s,2026-07-31,1008936,867985,4,747.030029296875,504.8900146484375,,
v1_tc_any_33s,2026-08-03,1009222,815280,5,757.6699829101562,507.67999267578125,,
v1_tc_any_33s,2026-08-04,1014265,764819,6,771.3300170898438,542.2100219726562,,
v1_tc_any_33s,2026-08-05,1010057,747311,7,769.7899780273438,530.7000122070312,,
v1_tc_any_33s,2026-08-06,1013063,786488,7,768.5599975585938,532.52001953125,,
v1_tc_any_33s,2026-08-07,1019005,634529,9,773.260009765625,543.27001953125,,
v1_tc_any_33s,2026-08-10,1014723,583579,9,773.030029296875,529.3900146484375,,
v1_tc_any_33s,2026-08-11,1019809,582167,9,770.5599975585938,534.2000122070312,,
v1_tc_any_33s,2026-08-12,1041478,582167,9,772.489990234375,546.6099853515625,,
v1_tc_any_33s,2026-08-13,1048575,490029,11,777.8800048828125,550.739990234375,,
v1_tc_any_33s,2026-08-14,1054414,560767,11,776.3400268554688,550.4199829101562,,
v1_tc_any_33s,2026-08-17,1058099,579072,11,772.6699829101562,559.1199951171875,,
v1_tc_any_33s,2026-08-18,1038849,595839,11,767.4500122070312,531.3900146484375,,
v1_tc_any_33s,2026-08-19,1026473,629234,10,769.0599975585938,519.6699829101562,,
v1_tc_any_33s,2026-08-20,1037794,656452,10,762.5999755859375,522.3499755859375,,
v1_tc_any_33s,2026-08-21,1039369,656452,10,765.719970703125,520.0499877929688,,
v1_tc_any_33s,2026-08-24,1031123,585588,10,763.469970703125,506.17999267578125,,
v1_tc_any_33s,2026-08-25,1040898,585588,10,765.9099731445312,514.0599975585938,,
v1_tc_any_33s,2026-08-26,1041517,603896,10,766.0800170898438,515.4000244140625,,
v1_tc_any_33s,2026-08-27,1049182,551820,10,771.0999755859375,525.4299926757812,,
v1_tc_any_33s,2026-08-28,1039788,562947,10,769.3499755859375,508.6199951171875,,
v1_tc_any_33s,2026-08-31,1034370,562947,10,767.0499877929688,511.0400085449219,,
v1_tc_any_33s,2026-09-01,1030494,570398,10,761.780029296875,500.30999755859375,,
v1_tc_any_33s,2026-09-02,1031370,570398,10,765.1599731445312,501.44000244140625,,
v1_tc_any_33s,2026-09-03,1035914,575643,10,773.1699829101562,502.20001220703125,,
v1_tc_any_33s,2026-09-04,1048395,575643,10,770.1900024414062,519.8599853515625,,
v1_tc_any_33s,2026-09-08,1068966,597610,10,765.9600219726562,528.4000244140625,,
v1_tc_any_33s,2026-09-09,1064607,558075,11,762.4000244140625,532.0,,
v1_tc_any_33s,2026-09-10,1057620,616930,11,757.8300170898438,517.4299926757812,,
v1_tc_any_33s,2026-09-11,1070569,592623,11,764.2899780273438,527.0700073242188,,
v1_tc_any_33s,2026-09-14,1033828,781435,8,760.8800048828125,497.3999938964844,,
v1_tc_any_33s,2026-09-15,1032906,804365,8,757.3900146484375,498.8500061035156,,
v1_tc_any_33s,2026-09-16,1037272,756133,9,754.0499877929688,502.05999755859375,,
v1_tc_any_33s,2026-09-17,1042130,496726,11,762.5999755859375,519.0999755859375,,
v1_tc_any_33s,2026-09-18,1047922,607655,11,761.6900024414062,533.0700073242188,,
v1_tc_any_33s,2026-09-21,1070930,622264,11,773.5,559.3400268554688,,
v1_tc_any_33s,2026-09-22,1074859,627097,11,773.3800048828125,572.780029296875,,
v1_tc_any_33s,2026-09-23,1071438,651806,11,767.8099975585938,565.719970703125,,
v1_tc_any_33s,2026-09-24,1071691,598234,12,767.1799926757812,566.0700073242188,,
v1_tc_any_50r,2026-04-20,1000000,900000,1,706.8988037109375,417.351806640625,,
v1_tc_any_50r,2026-04-21,1000502,900000,1,702.2708129882812,420.5003356933594,,
v1_tc_any_50r,2026-04-22,1005789,900000,1,709.3825073242188,431.5650634765625,,
v1_tc_any_50r,2026-04-23,1003295,801374,3,706.6295776367188,440.7906799316406,,
v1_tc_any_50r,2026-04-24,1008691,850470,2,712.10546875,461.38092041015625,,
v1_tc_any_50r,2026-04-27,1006721,800035,3,713.332275390625,455.19384765625,,
v1_tc_any_50r,2026-04-28,1002269,898710,2,709.8612060546875,438.50177001953125,,
v1_tc_any_50r,2026-04-29,1002347,898710,2,709.7515258789062,449.7763977050781,,
v1_tc_any_50r,2026-04-30,1003035,898710,2,716.8132934570312,461.2209777832031,,
v1_tc_any_50r,2026-05-01,1003551,898710,2,718.7982177734375,465.5289306640625,,
v1_tc_any_50r,2026-05-04,1004021,848532,3,716.1649780273438,461.8406982421875,,
v1_tc_any_50r,2026-05-05,1001441,872949,3,721.9102172851562,482.5008850097656,,
v1_tc_any_50r,2026-05-06,1005623,872949,3,731.9443359375,506.6294250488281,,
v1_tc_any_50r,2026-05-07,1003845,884773,3,729.7001342773438,492.12628173828125,,
v1_tc_any_50r,2026-05-08,1003735,884773,3,735.724609375,520.0530395507812,,
v1_tc_any_50r,2026-05-11,1004939,911229,3,737.4002685546875,532.5071411132812,,
v1_tc_any_50r,2026-05-12,1003652,911229,3,736.2831420898438,515.7450561523438,,
v1_tc_any_50r,2026-05-13,1003753,922733,2,740.4025268554688,528.0392456054688,,
v1_tc_any_50r,2026-05-14,1006259,922733,2,746.2474975585938,529.7784423828125,,
v1_tc_any_50r,2026-05-15,1004323,922733,2,737.2706298828125,508.27862548828125,,
v1_tc_any_50r,2026-05-18,1003204,922733,2,736.751953125,495.6346435546875,,
v1_tc_any_50r,2026-05-19,1003256,922733,2,731.8446044921875,496.50421142578125,,
v1_tc_any_50r,2026-05-20,1004192,922733,2,739.3452758789062,520.0630493164062,,
v1_tc_any_50r,2026-05-21,1005138,922733,2,740.8114624023438,524.4609985351562,,
v1_tc_any_50r,2026-05-22,1005010,922733,2,743.7239990234375,537.0750122070312,,
v1_tc_any_50r,2026-05-26,1005886,922733,2,748.6613159179688,569.8194580078125,,
v1_tc_any_50r,2026-05-27,1007320,922733,2,748.5316162109375,563.7122802734375,,
v1_tc_any_50r,2026-05-28,1007358,922733,2,752.6609497070312,569.19970703125,,
v1_tc_any_50r,2026-05-29,1006810,922733,2,754.5361328125,568.8099365234375,,
v1_tc_any_50r,2026-06-01,1009126,922733,2,756.5908203125,571.6585083007812,,
v1_tc_any_50r,2026-06-02,1011387,922733,2,757.6182250976562,604.7328491210938,,
v1_tc_any_50r,2026-06-03,1010506,922733,2,752.3018798828125,615.3877563476562,,
v1_tc_any_50r,2026-06-04,1010859,872208,3,755.1445922851562,602.4338989257812,,
v1_tc_any_50r,2026-06-05,1005255,821665,3,735.65478515625,539.5138549804688,,
v1_tc_any_50r,2026-06-08,1004929,821665,3,737.3204345703125,571.1787719726562,,
v1_tc_any_50r,2026-06-09,1004293,918745,2,735.1560668945312,561.8732299804688,,
v1_tc_any_50r,2026-06-10,1001055,946647,2,723.56591796875,541.2529907226562,,
v1_tc_any_50r,2026-06-11,1001897,646329,5,735.8642578125,586.6514282226562,,
v1_tc_any_50r,2026-06-12,1007525,646329,5,739.843994140625,595.9669799804688,,
v1_tc_any_50r,2026-06-15,1020821,701535,5,752.890380859375,628.4500122070312,,
v1_tc_any_50r,2026-06-16,1020306,716103,5,748.4019775390625,591.239990234375,,
v1_tc_any_50r,2026-06-17,1018100,679402,6,739.0560302734375,599.72998046875,,
v1_tc_any_50r,2026-06-18,1036515,655957,7,746.739990234375,639.4500122070312,,
v1_tc_any_50r,2026-06-22,1032122,604145,7,744.3900146484375,655.010009765625,,
v1_tc_any_50r,2026-06-23,1016589,649850,7,733.5800170898438,603.3900146484375,,
v1_tc_any_50r,2026-06-24,1014880,700046,6,733.239990234375,601.5,,
v1_tc_any_50r,2026-06-25,1007730,795090,5,734.2999877929688,625.2000122070312,,
v1_tc_any_50r,2026-06-26,992404,818944,4,728.989990234375,589.9400024414062,,
v1_tc_any_50r,2026-06-29,1002386,719704,5,741.0,614.3499755859375,,
v1_tc_any_50r,2026-06-30,1011872,770108,6,746.77001953125,640.760009765625,,
v1_tc_any_50r,2026-07-01,1009398,756224,6,745.760009765625,599.7000122070312,,
v1_tc_any_50r,2026-07-02,1008435,764909,6,744.780029296875,566.3200073242188,,
v1_tc_any_50r,2026-07-06,1012399,764909,6,751.280029296875,581.510009765625,,
v1_tc_any_50r,2026-07-07,1010558,768609,6,747.7100219726562,551.6900024414062,,
v1_tc_any_50r,2026-07-08,1011444,768609,6,745.4000244140625,562.030029296875,,
v1_tc_any_50r,2026-07-09,1010973,768609,6,751.7100219726562,581.7000122070312,,
v1_tc_any_50r,2026-07-10,1013865,768609,6,754.9500122070312,581.3400268554688,,
v1_tc_any_50r,2026-07-13,1009009,768609,6,749.1699829101562,553.6099853515625,,
v1_tc_any_50r,2026-07-14,1014471,768609,6,751.8300170898438,567.9199829101562,,
v1_tc_any_50r,2026-07-15,1017804,780645,6,754.8099975585938,555.27001953125,,
v1_tc_any_50r,2026-07-16,1012490,791507,5,750.719970703125,530.5,,
v1_tc_any_50r,2026-07-17,1007919,791507,5,743.2899780273438,521.8099975585938,,
v1_tc_any_50r,2026-07-20,1010079,791507,5,742.0900268554688,524.1400146484375,,
v1_tc_any_50r,2026-07-21,1010992,791507,5,748.280029296875,552.6900024414062,,
v1_tc_any_50r,2026-07-22,1011987,815505,5,747.4099731445312,555.52001953125,,
v1_tc_any_50r,2026-07-23,1007425,837904,4,738.1799926757812,551.239990234375,,
v1_tc_any_50r,2026-07-24,1006395,837904,4,738.9299926757812,527.010009765625,,
v1_tc_any_50r,2026-07-27,1002121,837904,4,739.0900268554688,516.22998046875,,
v1_tc_any_50r,2026-07-28,1002770,837904,4,740.8599853515625,491.4599914550781,,
v1_tc_any_50r,2026-07-29,999213,935699,3,729.4600219726562,465.0,,
v1_tc_any_50r,2026-07-30,1007329,935699,3,741.6900024414062,504.5299987792969,,
v1_tc_any_50r,2026-07-31,1009254,916239,4,747.030029296875,504.8900146484375,,
v1_tc_any_50r,2026-08-03,1008360,863553,5,757.6699829101562,507.67999267578125,,
v1_tc_any_50r,2026-08-04,1012886,813135,6,771.3300170898438,542.2100219726562,,
v1_tc_any_50r,2026-08-05,1009088,812789,7,769.7899780273438,530.7000122070312,,
v1_tc_any_50r,2026-08-06,1011133,866183,7,768.5599975585938,532.52001953125,,
v1_tc_any_50r,2026-08-07,1015326,714512,9,773.260009765625,543.27001953125,,
v1_tc_any_50r,2026-08-10,1011553,663746,9,773.030029296875,529.3900146484375,,
v1_tc_any_50r,2026-08-11,1015344,662400,9,770.5599975585938,534.2000122070312,,
v1_tc_any_50r,2026-08-12,1035983,662400,9,772.489990234375,546.6099853515625,,
v1_tc_any_50r,2026-08-13,1042872,572370,11,777.8800048828125,550.739990234375,,
v1_tc_any_50r,2026-08-14,1048067,674418,11,776.3400268554688,550.4199829101562,,
v1_tc_any_50r,2026-08-17,1051936,702006,11,772.6699829101562,559.1199951171875,,
v1_tc_any_50r,2026-08-18,1036633,727276,11,767.4500122070312,531.3900146484375,,
v1_tc_any_50r,2026-08-19,1027461,700258,10,769.0599975585938,519.6699829101562,,
v1_tc_any_50r,2026-08-20,1043191,760660,10,762.5999755859375,522.3499755859375,,
v1_tc_any_50r,2026-08-21,1044564,760660,10,765.719970703125,520.0499877929688,,
v1_tc_any_50r,2026-08-24,1038389,680754,10,763.469970703125,506.17999267578125,,
v1_tc_any_50r,2026-08-25,1046358,680754,10,765.9099731445312,514.0599975585938,,
v1_tc_any_50r,2026-08-26,1046694,711074,10,766.0800170898438,515.4000244140625,,
v1_tc_any_50r,2026-08-27,1052785,658739,10,771.0999755859375,525.4299926757812,,
v1_tc_any_50r,2026-08-28,1045452,671304,10,769.3499755859375,508.6199951171875,,
v1_tc_any_50r,2026-08-31,1040295,671304,10,767.0499877929688,511.0400085449219,,
v1_tc_any_50r,2026-09-01,1037909,625568,10,761.780029296875,500.30999755859375,,
v1_tc_any_50r,2026-09-02,1038222,625568,10,765.1599731445312,501.44000244140625,,
v1_tc_any_50r,2026-09-03,1041717,628867,10,773.1699829101562,502.20001220703125,,
v1_tc_any_50r,2026-09-04,1054138,628867,10,770.1900024414062,519.8599853515625,,
v1_tc_any_50r,2026-09-08,1075878,662047,10,765.9600219726562,528.4000244140625,,
v1_tc_any_50r,2026-09-09,1072722,625448,11,762.4000244140625,532.0,,
v1_tc_any_50r,2026-09-10,1066567,710667,11,757.8300170898438,517.4299926757812,,
v1_tc_any_50r,2026-09-11,1078656,696477,11,764.2899780273438,527.0700073242188,,
v1_tc_any_50r,2026-09-14,1043733,877840,8,760.8800048828125,497.3999938964844,,
v1_tc_any_50r,2026-09-15,1043840,895902,8,757.3900146484375,498.8500061035156,,
v1_tc_any_50r,2026-09-16,1047425,844603,9,754.0499877929688,502.05999755859375,,
v1_tc_any_50r,2026-09-17,1051723,582658,11,762.5999755859375,519.0999755859375,,
v1_tc_any_50r,2026-09-18,1057308,583818,11,761.6900024414062,533.0700073242188,,
v1_tc_any_50r,2026-09-21,1078303,546967,11,773.5,559.3400268554688,,
v1_tc_any_50r,2026-09-22,1081835,602541,11,773.3800048828125,572.780029296875,,
v1_tc_any_50r,2026-09-23,1078531,630765,11,767.8099975585938,565.719970703125,,
v1_tc_any_50r,2026-09-24,1078584,576838,12,767.1799926757812,566.0700073242188,,
v1_tc_any_50s,2026-04-20,1000000,900000,1,706.8988037109375,417.351806640625,,
v1_tc_any_50s,2026-04-21,1000502,900000,1,702.2708129882812,420.5003356933594,,
v1_tc_any_50s,2026-04-22,1005789,900000,1,709.3825073242188,431.5650634765625,,
v1_tc_any_50s,2026-04-23,1003295,801374,3,706.6295776367188,440.7906799316406,,
v1_tc_any_50s,2026-04-24,1008691,850470,2,712.10546875,461.38092041015625,,
v1_tc_any_50s,2026-04-27,1006721,800035,3,713.332275390625,455.19384765625,,
v1_tc_any_50s,2026-04-28,1002269,898710,2,709.8612060546875,438.50177001953125,,
v1_tc_any_50s,2026-04-29,1002347,898710,2,709.7515258789062,449.7763977050781,,
v1_tc_any_50s,2026-04-30,1003035,898710,2,716.8132934570312,461.2209777832031,,
v1_tc_any_50s,2026-05-01,1003551,898710,2,718.7982177734375,465.5289306640625,,
v1_tc_any_50s,2026-05-04,1004021,848532,3,716.1649780273438,461.8406982421875,,
v1_tc_any_50s,2026-05-05,1001441,872949,3,721.9102172851562,482.5008850097656,,
v1_tc_any_50s,2026-05-06,1005623,872949,3,731.9443359375,506.6294250488281,,
v1_tc_any_50s,2026-05-07,1003845,884773,3,729.7001342773438,492.12628173828125,,
v1_tc_any_50s,2026-05-08,1003735,884773,3,735.724609375,520.0530395507812,,
v1_tc_any_50s,2026-05-11,1004939,911229,3,737.4002685546875,532.5071411132812,,
v1_tc_any_50s,2026-05-12,1003652,911229,3,736.2831420898438,515.7450561523438,,
v1_tc_any_50s,2026-05-13,1003753,922733,2,740.4025268554688,528.0392456054688,,
v1_tc_any_50s,2026-05-14,1006259,922733,2,746.2474975585938,529.7784423828125,,
v1_tc_any_50s,2026-05-15,1004323,922733,2,737.2706298828125,508.27862548828125,,
v1_tc_any_50s,2026-05-18,1003204,922733,2,736.751953125,495.6346435546875,,
v1_tc_any_50s,2026-05-19,1003256,922733,2,731.8446044921875,496.50421142578125,,
v1_tc_any_50s,2026-05-20,1004192,922733,2,739.3452758789062,520.0630493164062,,
v1_tc_any_50s,2026-05-21,1005138,922733,2,740.8114624023438,524.4609985351562,,
v1_tc_any_50s,2026-05-22,1005010,922733,2,743.7239990234375,537.0750122070312,,
v1_tc_any_50s,2026-05-26,1005886,922733,2,748.6613159179688,569.8194580078125,,
v1_tc_any_50s,2026-05-27,1007320,922733,2,748.5316162109375,563.7122802734375,,
v1_tc_any_50s,2026-05-28,1007358,922733,2,752.6609497070312,569.19970703125,,
v1_tc_any_50s,2026-05-29,1006810,922733,2,754.5361328125,568.8099365234375,,
v1_tc_any_50s,2026-06-01,1009126,922733,2,756.5908203125,571.6585083007812,,
v1_tc_any_50s,2026-06-02,1011387,922733,2,757.6182250976562,604.7328491210938,,
v1_tc_any_50s,2026-06-03,1010506,922733,2,752.3018798828125,615.3877563476562,,
v1_tc_any_50s,2026-06-04,1010859,872208,3,755.1445922851562,602.4338989257812,,
v1_tc_any_50s,2026-06-05,1005255,821665,3,735.65478515625,539.5138549804688,,
v1_tc_any_50s,2026-06-08,1004929,821665,3,737.3204345703125,571.1787719726562,,
v1_tc_any_50s,2026-06-09,1004293,918745,2,735.1560668945312,561.8732299804688,,
v1_tc_any_50s,2026-06-10,1001055,946647,2,723.56591796875,541.2529907226562,,
v1_tc_any_50s,2026-06-11,1001897,646329,5,735.8642578125,586.6514282226562,,
v1_tc_any_50s,2026-06-12,1007525,646329,5,739.843994140625,595.9669799804688,,
v1_tc_any_50s,2026-06-15,1020821,701535,5,752.890380859375,628.4500122070312,,
v1_tc_any_50s,2026-06-16,1020306,716103,5,748.4019775390625,591.239990234375,,
v1_tc_any_50s,2026-06-17,1018100,679402,6,739.0560302734375,599.72998046875,,
v1_tc_any_50s,2026-06-18,1036515,655957,7,746.739990234375,639.4500122070312,,
v1_tc_any_50s,2026-06-22,1032122,604145,7,744.3900146484375,655.010009765625,,
v1_tc_any_50s,2026-06-23,1016589,649850,7,733.5800170898438,603.3900146484375,,
v1_tc_any_50s,2026-06-24,1014880,700046,6,733.239990234375,601.5,,
v1_tc_any_50s,2026-06-25,1007730,795090,5,734.2999877929688,625.2000122070312,,
v1_tc_any_50s,2026-06-26,992404,818944,4,728.989990234375,589.9400024414062,,
v1_tc_any_50s,2026-06-29,1002386,719704,5,741.0,614.3499755859375,,
v1_tc_any_50s,2026-06-30,1011872,770108,6,746.77001953125,640.760009765625,,
v1_tc_any_50s,2026-07-01,1009398,756224,6,745.760009765625,599.7000122070312,,
v1_tc_any_50s,2026-07-02,1008491,815379,6,744.780029296875,566.3200073242188,,
v1_tc_any_50s,2026-07-06,1012269,815379,6,751.280029296875,581.510009765625,,
v1_tc_any_50s,2026-07-07,1010071,819079,6,747.7100219726562,551.6900024414062,,
v1_tc_any_50s,2026-07-08,1009097,819079,6,745.4000244140625,562.030029296875,,
v1_tc_any_50s,2026-07-09,1008972,819079,6,751.7100219726562,581.7000122070312,,
v1_tc_any_50s,2026-07-10,1009747,819079,6,754.9500122070312,581.3400268554688,,
v1_tc_any_50s,2026-07-13,1006815,819079,6,749.1699829101562,553.6099853515625,,
v1_tc_any_50s,2026-07-14,1010136,819079,6,751.8300170898438,567.9199829101562,,
v1_tc_any_50s,2026-07-15,1013288,831115,6,754.8099975585938,555.27001953125,,
v1_tc_any_50s,2026-07-16,1009293,841977,5,750.719970703125,530.5,,
v1_tc_any_50s,2026-07-17,1005911,841977,5,743.2899780273438,521.8099975585938,,
v1_tc_any_50s,2026-07-20,1007949,841977,5,742.0900268554688,524.1400146484375,,
v1_tc_any_50s,2026-07-21,1007824,841977,5,748.280029296875,552.6900024414062,,
v1_tc_any_50s,2026-07-22,1007585,865975,5,747.4099731445312,555.52001953125,,
v1_tc_any_50s,2026-07-23,1003877,888374,4,738.1799926757812,551.239990234375,,
v1_tc_any_50s,2026-07-24,1003344,888374,4,738.9299926757812,527.010009765625,,
v1_tc_any_50s,2026-07-27,1001743,888374,4,739.0900268554688,516.22998046875,,
v1_tc_any_50s,2026-07-28,1002262,888374,4,740.8599853515625,491.4599914550781,,
v1_tc_any_50s,2026-07-29,1000353,936839,3,729.4600219726562,465.0,,
v1_tc_any_50s,2026-07-30,1008469,936839,3,741.6900024414062,504.5299987792969,,
v1_tc_any_50s,2026-07-31,1010394,917322,4,747.030029296875,504.8900146484375,,
v1_tc_any_50s,2026-08-03,1009497,864576,5,757.6699829101562,507.67999267578125,,
v1_tc_any_50s,2026-08-04,1014027,814101,6,771.3300170898438,542.2100219726562,,
v1_tc_any_50s,2026-08-05,1010224,813754,7,769.7899780273438,530.7000122070312,,
v1_tc_any_50s,2026-08-06,1012271,867206,7,768.5599975585938,532.52001953125,,
v1_tc_any_50s,2026-08-07,1016468,715364,9,773.260009765625,543.27001953125,,
v1_tc_any_50s,2026-08-10,1012690,664541,9,773.030029296875,529.3900146484375,,
v1_tc_any_50s,2026-08-11,1016484,663193,9,770.5599975585938,534.2000122070312,,
v1_tc_any_50s,2026-08-12,1037149,663193,9,772.489990234375,546.6099853515625,,
v1_tc_any_50s,2026-08-13,1044042,573062,11,777.8800048828125,550.739990234375,,
v1_tc_any_50s,2026-08-14,1049246,675225,11,776.3400268554688,550.4199829101562,,
v1_tc_any_50s,2026-08-17,1053119,702844,11,772.6699829101562,559.1199951171875,,
v1_tc_any_50s,2026-08-18,1037800,728142,11,767.4500122070312,531.3900146484375,,
v1_tc_any_50s,2026-08-19,1028626,752960,10,769.0599975585938,519.6699829101562,,
v1_tc_any_50s,2026-08-20,1036748,783686,10,762.5999755859375,522.3499755859375,,
v1_tc_any_50s,2026-08-21,1037467,783686,10,765.719970703125,520.0499877929688,,
v1_tc_any_50s,2026-08-24,1032199,704518,10,763.469970703125,506.17999267578125,,
v1_tc_any_50s,2026-08-25,1039955,704518,10,765.9099731445312,514.0599975585938,,
v1_tc_any_50s,2026-08-26,1040127,719941,10,766.0800170898438,515.4000244140625,,
v1_tc_any_50s,2026-08-27,1045858,667935,10,771.0999755859375,525.4299926757812,,
v1_tc_any_50s,2026-08-28,1039167,680514,10,769.3499755859375,508.6199951171875,,
v1_tc_any_50s,2026-08-31,1033808,680514,10,767.0499877929688,511.0400085449219,,
v1_tc_any_50s,2026-09-01,1031157,686800,10,761.780029296875,500.30999755859375,,
v1_tc_any_50s,2026-09-02,1032713,686800,10,765.1599731445312,501.44000244140625,,
v1_tc_any_50s,2026-09-03,1036587,690102,10,773.1699829101562,502.20001220703125,,
v1_tc_any_50s,2026-09-04,1047135,690102,10,770.1900024414062,519.8599853515625,,
v1_tc_any_50s,2026-09-08,1064142,723319,10,765.9600219726562,528.4000244140625,,
v1_tc_any_50s,2026-09-09,1059804,678859,11,762.4000244140625,532.0,,
v1_tc_any_50s,2026-09-10,1054406,763444,11,757.8300170898438,517.4299926757812,,
v1_tc_any_50s,2026-09-11,1064030,749696,11,764.2899780273438,527.0700073242188,,
v1_tc_any_50s,2026-09-14,1037501,900815,8,760.8800048828125,497.3999938964844,,
v1_tc_any_50s,2026-09-15,1037129,918878,8,757.3900146484375,498.8500061035156,,
v1_tc_any_50s,2026-09-16,1039823,867915,9,754.0499877929688,502.05999755859375,,
v1_tc_any_50s,2026-09-17,1042981,607871,11,762.5999755859375,519.0999755859375,,
v1_tc_any_50s,2026-09-18,1048073,769313,11,761.6900024414062,533.0700073242188,,
v1_tc_any_50s,2026-09-21,1064332,780390,11,773.5,559.3400268554688,,
v1_tc_any_50s,2026-09-22,1067367,781700,11,773.3800048828125,572.780029296875,,
v1_tc_any_50s,2026-09-23,1064966,809731,11,767.8099975585938,565.719970703125,,
v1_tc_any_50s,2026-09-24,1065769,756483,12,767.1799926757812,566.0700073242188,,
v1_tc_ext_100,2026-04-20,1000000,900000,1,706.8988037109375,417.351806640625,,
v1_tc_ext_100,2026-04-21,1000502,900000,1,702.2708129882812,420.5003356933594,,
v1_tc_ext_100,2026-04-22,1005789,900000,1,709.3825073242188,431.5650634765625,,
v1_tc_ext_100,2026-04-23,1003294,749132,3,706.6295776367188,440.7906799316406,,
v1_tc_ext_100,2026-04-24,1011394,798228,2,712.10546875,461.38092041015625,,
v1_tc_ext_100,2026-04-27,1009766,747658,3,713.332275390625,455.19384765625,,
v1_tc_ext_100,2026-04-28,1003589,846333,2,709.8612060546875,438.50177001953125,,
v1_tc_ext_100,2026-04-29,1003870,846333,2,709.7515258789062,449.7763977050781,,
v1_tc_ext_100,2026-04-30,1004863,846333,2,716.8132934570312,461.2209777832031,,
v1_tc_ext_100,2026-05-01,1005600,846333,2,718.7982177734375,465.5289306640625,,
v1_tc_ext_100,2026-05-04,1006608,796053,3,716.1649780273438,461.8406982421875,,
v1_tc_ext_100,2026-05-05,1003041,844986,2,721.9102172851562,482.5008850097656,,
v1_tc_ext_100,2026-05-06,1010394,844986,2,731.9443359375,506.6294250488281,,
v1_tc_ext_100,2026-05-07,1008910,844986,2,729.7001342773438,492.12628173828125,,
v1_tc_ext_100,2026-05-08,1008271,844986,2,735.724609375,520.0530395507812,,
v1_tc_ext_100,2026-05-11,1007714,844986,2,737.4002685546875,532.5071411132812,,
v1_tc_ext_100,2026-05-12,1005297,844986,2,736.2831420898438,515.7450561523438,,
v1_tc_ext_100,2026-05-13,1007167,844986,2,740.4025268554688,528.0392456054688,,
v1_tc_ext_100,2026-05-14,1012179,844986,2,746.2474975585938,529.7784423828125,,
v1_tc_ext_100,2026-05-15,1008308,844986,2,737.2706298828125,508.27862548828125,,
v1_tc_ext_100,2026-05-18,1006070,844986,2,736.751953125,495.6346435546875,,
v1_tc_ext_100,2026-05-19,1006177,844986,2,731.8446044921875,496.50421142578125,,
v1_tc_ext_100,2026-05-20,1008046,844986,2,739.3452758789062,520.0630493164062,,
v1_tc_ext_100,2026-05-21,1009939,844986,2,740.8114624023438,524.4609985351562,,
v1_tc_ext_100,2026-05-22,1009685,844986,2,743.7239990234375,537.0750122070312,,
v1_tc_ext_100,2026-05-26,1011435,844986,2,748.6613159179688,569.8194580078125,,
v1_tc_ext_100,2026-05-27,1014305,844986,2,748.5316162109375,563.7122802734375,,
v1_tc_ext_100,2026-05-28,1014378,844986,2,752.6609497070312,569.19970703125,,
v1_tc_ext_100,2026-05-29,1013284,844986,2,754.5361328125,568.8099365234375,,
v1_tc_ext_100,2026-06-01,1017917,844986,2,756.5908203125,571.6585083007812,,
v1_tc_ext_100,2026-06-02,1022442,844986,2,757.6182250976562,604.7328491210938,,
v1_tc_ext_100,2026-06-03,1020683,844986,2,752.3018798828125,615.3877563476562,,
v1_tc_ext_100,2026-06-04,1021478,793952,3,755.1445922851562,602.4338989257812,,
v1_tc_ext_100,2026-06-05,1011694,742878,3,735.65478515625,539.5138549804688,,
v1_tc_ext_100,2026-06-08,1012200,742878,3,737.3204345703125,571.1787719726562,,
v1_tc_ext_100,2026-06-09,1012197,840957,2,735.1560668945312,561.8732299804688,,
v1_tc_ext_100,2026-06-10,1005718,840957,2,723.56591796875,541.2529907226562,,
v1_tc_ext_100,2026-06-11,1009396,539241,5,735.8642578125,586.6514282226562,,
v1_tc_ext_100,2026-06-12,1015903,539241,5,739.843994140625,595.9669799804688,,
v1_tc_ext_100,2026-06-15,1033142,539241,5,752.890380859375,628.4500122070312,,
v1_tc_ext_100,2026-06-16,1031328,655784,4,748.4019775390625,591.239990234375,,
v1_tc_ext_100,2026-06-17,1029928,604218,5,739.0560302734375,599.72998046875,,
v1_tc_ext_100,2026-06-18,1056896,552722,6,746.739990234375,639.4500122070312,,
v1_tc_ext_100,2026-06-22,1056334,499934,6,744.3900146484375,655.010009765625,,
v1_tc_ext_100,2026-06-23,1035262,545922,6,733.5800170898438,603.3900146484375,,
v1_tc_ext_100,2026-06-24,1033356,597296,5,733.239990234375,601.5,,
v1_tc_ext_100,2026-06-25,1022255,692782,4,734.2999877929688,625.2000122070312,,
v1_tc_ext_100,2026-06-26,993659,741006,3,728.989990234375,589.9400024414062,,
v1_tc_ext_100,2026-06-29,1007660,641640,4,741.0,614.3499755859375,,
v1_tc_ext_100,2026-06-30,1021840,591257,5,746.77001953125,640.760009765625,,
v1_tc_ext_100,2026-07-01,1017550,657151,4,745.760009765625,599.7000122070312,,
v1_tc_ext_100,2026-07-02,1018224,657151,4,744.780029296875,566.3200073242188,,
v1_tc_ext_100,2026-07-06,1021149,657151,4,751.280029296875,581.510009765625,,
v1_tc_ext_100,2026-07-07,1023993,657151,4,747.7100219726562,551.6900024414062,,
v1_tc_ext_100,2026-07-08,1025732,657151,4,745.4000244140625,562.030029296875,,
v1_tc_ext_100,2026-07-09,1025843,657151,4,751.7100219726562,581.7000122070312,,
v1_tc_ext_100,2026-07-10,1030183,657151,4,754.9500122070312,581.3400268554688,,
v1_tc_ext_100,2026-07-13,1026836,657151,4,749.1699829101562,553.6099853515625,,
v1_tc_ext_100,2026-07-14,1032137,657151,4,751.8300170898438,567.9199829101562,,
v1_tc_ext_100,2026-07-15,1040250,657151,4,754.8099975585938,555.27001953125,,
v1_tc_ext_100,2026-07-16,1035571,657151,4,750.719970703125,530.5,,
v1_tc_ext_100,2026-07-17,1028529,657151,4,743.2899780273438,521.8099975585938,,
v1_tc_ext_100,2026-07-20,1032707,657151,4,742.0900268554688,524.1400146484375,,
v1_tc_ext_100,2026-07-21,1032025,657151,4,748.280029296875,552.6900024414062,,
v1_tc_ext_100,2026-07-22,1032442,657151,4,747.4099731445312,555.52001953125,,
v1_tc_ext_100,2026-07-23,1021460,747163,3,738.1799926757812,551.239990234375,,
v1_tc_ext_100,2026-07-24,1020859,747163,3,738.9299926757812,527.010009765625,,
v1_tc_ext_100,2026-07-27,1018218,747163,3,739.0900268554688,516.22998046875,,
v1_tc_ext_100,2026-07-28,1018691,747163,3,740.8599853515625,491.4599914550781,,
v1_tc_ext_100,2026-07-29,1016569,844215,2,729.4600219726562,465.0,,
v1_tc_ext_100,2026-07-30,1031411,844215,2,741.6900024414062,504.5299987792969,,
v1_tc_ext_100,2026-07-31,1035469,792644,3,747.030029296875,504.8900146484375,,
v1_tc_ext_100,2026-08-03,1038632,738490,4,757.6699829101562,507.67999267578125,,
v1_tc_ext_100,2026-08-04,1043862,686558,5,771.3300170898438,542.2100219726562,,
v1_tc_ext_100,2026-08-05,1038753,634365,6,769.7899780273438,530.7000122070312,,
v1_tc_ext_100,2026-08-06,1044459,686503,5,768.5599975585938,532.52001953125,,
v1_tc_ext_100,2026-08-07,1053473,529834,7,773.260009765625,543.27001953125,,
v1_tc_ext_100,2026-08-10,1050005,477160,7,773.030029296875,529.3900146484375,,
v1_tc_ext_100,2026-08-11,1058304,475513,7,770.5599975585938,534.2000122070312,,
v1_tc_ext_100,2026-08-12,1080027,475513,7,772.489990234375,546.6099853515625,,
v1_tc_ext_100,2026-08-13,1087759,367511,9,777.8800048828125,550.739990234375,,
v1_tc_ext_100,2026-08-14,1096044,367511,9,776.3400268554688,550.4199829101562,,
v1_tc_ext_100,2026-08-17,1098929,367511,9,772.6699829101562,559.1199951171875,,
v1_tc_ext_100,2026-08-18,1071969,420199,8,767.4500122070312,531.3900146484375,,
v1_tc_ext_100,2026-08-19,1054023,420199,8,769.0599975585938,519.6699829101562,,
v1_tc_ext_100,2026-08-20,1072035,420199,8,762.5999755859375,522.3499755859375,,
v1_tc_ext_100,2026-08-21,1076433,420199,8,765.719970703125,520.0499877929688,,
v1_tc_ext_100,2026-08-24,1062832,363744,8,763.469970703125,506.17999267578125,,
v1_tc_ext_100,2026-08-25,1076626,363744,8,765.9099731445312,514.0599975585938,,
v1_tc_ext_100,2026-08-26,1079412,363744,8,766.0800170898438,515.4000244140625,,
v1_tc_ext_100,2026-08-27,1087149,309773,8,771.0999755859375,525.4299926757812,,
v1_tc_ext_100,2026-08-28,1072659,309773,8,769.3499755859375,508.6199951171875,,
v1_tc_ext_100,2026-08-31,1067191,309773,8,767.0499877929688,511.0400085449219,,
v1_tc_ext_100,2026-09-01,1061429,309773,8,761.780029296875,500.30999755859375,,
v1_tc_ext_100,2026-09-02,1057712,309773,8,765.1599731445312,501.44000244140625,,
v1_tc_ext_100,2026-09-03,1063474,309773,8,773.1699829101562,502.20001220703125,,
v1_tc_ext_100,2026-09-04,1081381,309773,8,770.1900024414062,519.8599853515625,,
v1_tc_ext_100,2026-09-08,1114084,378655,7,765.9600219726562,528.4000244140625,,
v1_tc_ext_100,2026-09-09,1113393,322951,8,762.4000244140625,532.0,,
v1_tc_ext_100,2026-09-10,1106265,322951,8,757.8300170898438,517.4299926757812,,
v1_tc_ext_100,2026-09-11,1120855,267638,8,764.2899780273438,527.0700073242188,,
v1_tc_ext_100,2026-09-14,1061225,624462,4,760.8800048828125,497.3999938964844,,
v1_tc_ext_100,2026-09-15,1055669,757702,3,757.3900146484375,498.8500061035156,,
v1_tc_ext_100,2026-09-16,1061847,704919,4,754.0499877929688,502.05999755859375,,
v1_tc_ext_100,2026-09-17,1059871,439367,6,762.5999755859375,519.0999755859375,,
v1_tc_ext_100,2026-09-18,1076308,583096,5,761.6900024414062,533.0700073242188,,
v1_tc_ext_100,2026-09-21,1089166,584032,5,773.5,559.3400268554688,,
v1_tc_ext_100,2026-09-22,1092832,694245,4,773.3800048828125,572.780029296875,,
v1_tc_ext_100,2026-09-23,1090826,694245,4,767.8099975585938,565.719970703125,,
v1_tc_ext_100,2026-09-24,1085251,639704,5,767.1799926757812,566.0700073242188,,
v1_tc_ext_100_b15,2026-04-20,1000000,850000,1,706.8988037109375,417.351806640625,,
v1_tc_ext_100_b15,2026-04-21,1000754,850000,1,702.2708129882812,420.5003356933594,,
v1_tc_ext_100_b15,2026-04-22,1008683,850000,1,709.3825073242188,431.5650634765625,,
v1_tc_ext_100_b15,2026-04-23,1004937,623047,3,706.6295776367188,440.7906799316406,,
v1_tc_ext_100_b15,2026-04-24,1017097,696903,2,712.10546875,461.38092041015625,,
v1_tc_ext_100_b15,2026-04-27,1014642,620621,3,713.332275390625,455.19384765625,,
v1_tc_ext_100_b15,2026-04-28,1005367,769059,2,709.8612060546875,438.50177001953125,,
v1_tc_ext_100_b15,2026-04-29,1005787,769059,2,709.7515258789062,449.7763977050781,,
v1_tc_ext_100_b15,2026-04-30,1007280,769059,2,716.8132934570312,461.2209777832031,,
v1_tc_ext_100_b15,2026-05-01,1008387,769059,2,718.7982177734375,465.5289306640625,,
v1_tc_ext_100_b15,2026-05-04,1009898,693430,3,716.1649780273438,461.8406982421875,,
v1_tc_ext_100_b15,2026-05-05,1004541,767033,2,721.9102172851562,482.5008850097656,,
v1_tc_ext_100_b15,2026-05-06,1015576,767033,2,731.9443359375,506.6294250488281,,
v1_tc_ext_100_b15,2026-05-07,1013348,767033,2,729.7001342773438,492.12628173828125,,
v1_tc_ext_100_b15,2026-05-08,1012390,767033,2,735.724609375,520.0530395507812,,
v1_tc_ext_100_b15,2026-05-11,1011565,767033,2,737.4002685546875,532.5071411132812,,
v1_tc_ext_100_b15,2026-05-12,1007937,767033,2,736.2831420898438,515.7450561523438,,
v1_tc_ext_100_b15,2026-05-13,1010753,767033,2,740.4025268554688,528.0392456054688,,
v1_tc_ext_100_b15,2026-05-14,1018272,767033,2,746.2474975585938,529.7784423828125,,
v1_tc_ext_100_b15,2026-05-15,1012463,767033,2,737.2706298828125,508.27862548828125,,
v1_tc_ext_100_b15,2026-05-18,1009106,767033,2,736.751953125,495.6346435546875,,
v1_tc_ext_100_b15,2026-05-19,1009275,767033,2,731.8446044921875,496.50421142578125,,
v1_tc_ext_100_b15,2026-05-20,1012075,767033,2,739.3452758789062,520.0630493164062,,
v1_tc_ext_100_b15,2026-05-21,1014916,767033,2,740.8114624023438,524.4609985351562,,
v1_tc_ext_100_b15,2026-05-22,1014540,767033,2,743.7239990234375,537.0750122070312,,
v1_tc_ext_100_b15,2026-05-26,1017162,767033,2,748.6613159179688,569.8194580078125,,
v1_tc_ext_100_b15,2026-05-27,1021466,767033,2,748.5316162109375,563.7122802734375,,
v1_tc_ext_100_b15,2026-05-28,1021572,767033,2,752.6609497070312,569.19970703125,,
v1_tc_ext_100_b15,2026-05-29,1019936,767033,2,754.5361328125,568.8099365234375,,
v1_tc_ext_100_b15,2026-06-01,1026885,767033,2,756.5908203125,571.6585083007812,,
v1_tc_ext_100_b15,2026-06-02,1033687,767033,2,757.6182250976562,604.7328491210938,,
v1_tc_ext_100_b15,2026-06-03,1031056,767033,2,752.3018798828125,615.3877563476562,,
v1_tc_ext_100_b15,2026-06-04,1032236,689704,3,755.1445922851562,602.4338989257812,,
v1_tc_ext_100_b15,2026-06-05,1017534,612286,3,735.65478515625,539.5138549804688,,
v1_tc_ext_100_b15,2026-06-08,1018262,612286,3,737.3204345703125,571.1787719726562,,
v1_tc_ext_100_b15,2026-06-09,1018248,760928,2,735.1560668945312,561.8732299804688,,
v1_tc_ext_100_b15,2026-06-10,1008519,760928,2,723.56591796875,541.2529907226562,,
v1_tc_ext_100_b15,2026-06-11,1014036,307094,5,735.8642578125,586.6514282226562,,
v1_tc_ext_100_b15,2026-06-12,1023824,307094,5,739.843994140625,595.9669799804688,,
v1_tc_ext_100_b15,2026-06-15,1049735,307094,5,752.890380859375,628.4500122070312,,
v1_tc_ext_100_b15,2026-06-16,1047032,481909,4,748.4019775390625,591.239990234375,,
v1_tc_ext_100_b15,2026-06-17,1044930,403382,5,739.0560302734375,599.72998046875,,
v1_tc_ext_100_b15,2026-06-18,1085572,325012,6,746.739990234375,639.4500122070312,,
v1_tc_ext_100_b15,2026-06-22,1084713,243723,6,744.3900146484375,655.010009765625,,
v1_tc_ext_100_b15,2026-06-23,1052868,313780,6,733.5800170898438,603.3900146484375,,
v1_tc_ext_100_b15,2026-06-24,1049934,392799,5,733.239990234375,601.5,,
v1_tc_ext_100_b15,2026-06-25,1033215,536427,4,734.2999877929688,625.2000122070312,,
v1_tc_ext_100_b15,2026-06-26,990141,609865,3,728.989990234375,589.9400024414062,,
v1_tc_ext_100_b15,2026-06-29,1011203,461344,4,741.0,614.3499755859375,,
v1_tc_ext_100_b15,2026-06-30,1032506,385504,5,746.77001953125,640.760009765625,,
v1_tc_ext_100_b15,2026-07-01,1026065,484034,4,745.760009765625,599.7000122070312,,
v1_tc_ext_100_b15,2026-07-02,1027104,484034,4,744.780029296875,566.3200073242188,,
v1_tc_ext_100_b15,2026-07-06,1031501,484034,4,751.280029296875,581.510009765625,,
v1_tc_ext_100_b15,2026-07-07,1035783,484034,4,747.7100219726562,551.6900024414062,,
v1_tc_ext_100_b15,2026-07-08,1038359,484034,4,745.4000244140625,562.030029296875,,
v1_tc_ext_100_b15,2026-07-09,1038539,484034,4,751.7100219726562,581.7000122070312,,
v1_tc_ext_100_b15,2026-07-10,1045031,484034,4,754.9500122070312,581.3400268554688,,
v1_tc_ext_100_b15,2026-07-13,1040044,484034,4,749.1699829101562,553.6099853515625,,
v1_tc_ext_100_b15,2026-07-14,1047970,484034,4,751.8300170898438,567.9199829101562,,
v1_tc_ext_100_b15,2026-07-15,1060192,484034,4,754.8099975585938,555.27001953125,,
v1_tc_ext_100_b15,2026-07-16,1053193,484034,4,750.719970703125,530.5,,
v1_tc_ext_100_b15,2026-07-17,1042610,484034,4,743.2899780273438,521.8099975585938,,
v1_tc_ext_100_b15,2026-07-20,1048906,484034,4,742.0900268554688,524.1400146484375,,
v1_tc_ext_100_b15,2026-07-21,1047851,484034,4,748.280029296875,552.6900024414062,,
v1_tc_ext_100_b15,2026-07-22,1048450,484034,4,747.4099731445312,555.52001953125,,
v1_tc_ext_100_b15,2026-07-23,1031929,619427,3,738.1799926757812,551.239990234375,,
v1_tc_ext_100_b15,2026-07-24,1031036,619427,3,738.9299926757812,527.010009765625,,
v1_tc_ext_100_b15,2026-07-27,1027128,619427,3,739.0900268554688,516.22998046875,,
v1_tc_ext_100_b15,2026-07-28,1027840,619427,3,740.8599853515625,491.4599914550781,,
v1_tc_ext_100_b15,2026-07-29,1024683,764490,2,729.4600219726562,465.0,,
v1_tc_ext_100_b15,2026-07-30,1047104,764490,2,741.6900024414062,504.5299987792969,,
v1_tc_ext_100_b15,2026-07-31,1053231,685957,3,747.030029296875,504.8900146484375,,
v1_tc_ext_100_b15,2026-08-03,1057981,603372,4,757.6699829101562,507.67999267578125,,
v1_tc_ext_100_b15,2026-08-04,1065940,524023,5,771.3300170898438,542.2100219726562,,
v1_tc_ext_100_b15,2026-08-05,1058170,444077,6,769.7899780273438,530.7000122070312,,
v1_tc_ext_100_b15,2026-08-06,1066797,523939,5,768.5599975585938,532.52001953125,,
v1_tc_ext_100_b15,2026-08-07,1080524,283909,7,773.260009765625,543.27001953125,,
v1_tc_ext_100_b15,2026-08-10,1075183,202870,7,773.030029296875,529.3900146484375,,
v1_tc_ext_100_b15,2026-08-11,1087817,200159,7,770.5599975585938,534.2000122070312,,
v1_tc_ext_100_b15,2026-08-12,1121162,200159,7,772.489990234375,546.6099853515625,,
v1_tc_ext_100_b15,2026-08-13,1132995,31985,9,777.8800048828125,550.739990234375,,
v1_tc_ext_100_b15,2026-08-14,1145699,31985,9,776.3400268554688,550.4199829101562,,
v1_tc_ext_100_b15,2026-08-17,1150265,31985,9,772.6699829101562,559.1199951171875,,
v1_tc_ext_100_b15,2026-08-18,1108893,114028,8,767.4500122070312,531.3900146484375,,
v1_tc_ext_100_b15,2026-08-19,1081367,114028,8,769.0599975585938,519.6699829101562,,
v1_tc_ext_100_b15,2026-08-20,1109072,114028,8,762.5999755859375,522.3499755859375,,
v1_tc_ext_100_b15,2026-08-21,1115774,114028,8,765.719970703125,520.0499877929688,,
v1_tc_ext_100_b15,2026-08-24,1094831,26750,8,763.469970703125,506.17999267578125,,
v1_tc_ext_100_b15,2026-08-25,1115920,26750,8,765.9099731445312,514.0599975585938,,
v1_tc_ext_100_b15,2026-08-26,1120160,26750,8,766.0800170898438,515.4000244140625,,
v1_tc_ext_100_b15,2026-08-27,1132038,0,8,771.0999755859375,525.4299926757812,,
v1_tc_ext_100_b15,2026-08-28,1109861,0,8,769.3499755859375,508.6199951171875,,
v1_tc_ext_100_b15,2026-08-31,1102558,0,8,767.0499877929688,511.0400085449219,,
v1_tc_ext_100_b15,2026-09-01,1094378,0,8,761.780029296875,500.30999755859375,,
v1_tc_ext_100_b15,2026-09-02,1088559,0,8,765.1599731445312,501.44000244140625,,
v1_tc_ext_100_b15,2026-09-03,1097593,0,8,773.1699829101562,502.20001220703125,,
v1_tc_ext_100_b15,2026-09-04,1123614,0,8,770.1900024414062,519.8599853515625,,
v1_tc_ext_100_b15,2026-09-08,1172328,105780,7,765.9600219726562,528.4000244140625,,
v1_tc_ext_100_b15,2026-09-09,1172749,17855,8,762.4000244140625,532.0,,
v1_tc_ext_100_b15,2026-09-10,1162943,17855,8,757.8300170898438,517.4299926757812,,
v1_tc_ext_100_b15,2026-09-11,1182854,17855,8,764.2899780273438,527.0700073242188,,
v1_tc_ext_100_b15,2026-09-14,1105023,439580,4,760.8800048828125,497.3999938964844,,
v1_tc_ext_100_b15,2026-09-15,1096603,640828,3,757.3900146484375,498.8500061035156,,
v1_tc_ext_100_b15,2026-09-16,1106089,558583,4,754.0499877929688,502.05999755859375,,
v1_tc_ext_100_b15,2026-09-17,1103075,143588,6,762.5999755859375,519.0999755859375,,
v1_tc_ext_100_b15,2026-09-18,1128461,552030,4,761.6900024414062,533.0700073242188,,
v1_tc_ext_100_b15,2026-09-21,1143866,529845,4,773.5,559.3400268554688,,
v1_tc_ext_100_b15,2026-09-22,1146925,529845,4,773.3800048828125,572.780029296875,,
v1_tc_ext_100_b15,2026-09-23,1143887,529845,4,767.8099975585938,565.719970703125,,
v1_tc_ext_100_b15,2026-09-24,1135273,444053,5,767.1799926757812,566.0700073242188,,
v1_tc_ext_100_b20,2026-04-20,1000000,800000,1,706.8988037109375,417.351806640625,,
v1_tc_ext_100_b20,2026-04-21,1001005,800000,1,702.2708129882812,420.5003356933594,,
v1_tc_ext_100_b20,2026-04-22,1011577,800000,1,709.3825073242188,431.5650634765625,,
v1_tc_ext_100_b20,2026-04-23,1006576,496527,3,706.6295776367188,440.7906799316406,,
v1_tc_ext_100_b20,2026-04-24,1022804,595285,2,712.10546875,461.38092041015625,,
v1_tc_ext_100_b20,2026-04-27,1019515,493005,3,713.332275390625,455.19384765625,,
v1_tc_ext_100_b20,2026-04-28,1007134,691491,2,709.8612060546875,438.50177001953125,,
v1_tc_ext_100_b20,2026-04-29,1007693,691491,2,709.7515258789062,449.7763977050781,,
v1_tc_ext_100_b20,2026-04-30,1009688,691491,2,716.8132934570312,461.2209777832031,,
v1_tc_ext_100_b20,2026-05-01,1011168,691491,2,718.7982177734375,465.5289306640625,,
v1_tc_ext_100_b20,2026-05-04,1013181,590374,3,716.1649780273438,461.8406982421875,,
v1_tc_ext_100_b20,2026-05-05,1006028,688783,2,721.9102172851562,482.5008850097656,,
v1_tc_ext_100_b20,2026-05-06,1020747,688783,2,731.9443359375,506.6294250488281,,
v1_tc_ext_100_b20,2026-05-07,1017777,688783,2,729.7001342773438,492.12628173828125,,
v1_tc_ext_100_b20,2026-05-08,1016499,688783,2,735.724609375,520.0530395507812,,
v1_tc_ext_100_b20,2026-05-11,1015416,688783,2,737.4002685546875,532.5071411132812,,
v1_tc_ext_100_b20,2026-05-12,1010574,688783,2,736.2831420898438,515.7450561523438,,
v1_tc_ext_100_b20,2026-05-13,1014342,688783,2,740.4025268554688,528.0392456054688,,
v1_tc_ext_100_b20,2026-05-14,1024368,688783,2,746.2474975585938,529.7784423828125,,
v1_tc_ext_100_b20,2026-05-15,1016620,688783,2,737.2706298828125,508.27862548828125,,
v1_tc_ext_100_b20,2026-05-18,1012145,688783,2,736.751953125,495.6346435546875,,
v1_tc_ext_100_b20,2026-05-19,1012382,688783,2,731.8446044921875,496.50421142578125,,
v1_tc_ext_100_b20,2026-05-20,1016107,688783,2,739.3452758789062,520.0630493164062,,
v1_tc_ext_100_b20,2026-05-21,1019902,688783,2,740.8114624023438,524.4609985351562,,
v1_tc_ext_100_b20,2026-05-22,1019405,688783,2,743.7239990234375,537.0750122070312,,
v1_tc_ext_100_b20,2026-05-26,1022896,688783,2,748.6613159179688,569.8194580078125,,
v1_tc_ext_100_b20,2026-05-27,1028636,688783,2,748.5316162109375,563.7122802734375,,
v1_tc_ext_100_b20,2026-05-28,1028771,688783,2,752.6609497070312,569.19970703125,,
v1_tc_ext_100_b20,2026-05-29,1026596,688783,2,754.5361328125,568.8099365234375,,
v1_tc_ext_100_b20,2026-06-01,1035861,688783,2,756.5908203125,571.6585083007812,,
v1_tc_ext_100_b20,2026-06-02,1044947,688783,2,757.6182250976562,604.7328491210938,,
v1_tc_ext_100_b20,2026-06-03,1041450,688783,2,752.3018798828125,615.3877563476562,,
v1_tc_ext_100_b20,2026-06-04,1043006,584638,3,755.1445922851562,602.4338989257812,,
v1_tc_ext_100_b20,2026-06-05,1023373,480337,3,735.65478515625,539.5138549804688,,
v1_tc_ext_100_b20,2026-06-08,1024302,480337,3,737.3204345703125,571.1787719726562,,
v1_tc_ext_100_b20,2026-06-09,1024268,680560,2,735.1560668945312,561.8732299804688,,
v1_tc_ext_100_b20,2026-06-10,1011280,680560,2,723.56591796875,541.2529907226562,,
v1_tc_ext_100_b20,2026-06-11,1018639,73792,5,735.8642578125,586.6514282226562,,
v1_tc_ext_100_b20,2026-06-12,1031724,73792,5,739.843994140625,595.9669799804688,,
v1_tc_ext_100_b20,2026-06-15,1066344,73792,5,752.890380859375,628.4500122070312,,
v1_tc_ext_100_b20,2026-06-16,1062759,306878,4,748.4019775390625,591.239990234375,,
v1_tc_ext_100_b20,2026-06-17,1059952,200602,5,739.0560302734375,599.72998046875,,
v1_tc_ext_100_b20,2026-06-18,1114395,94607,6,746.739990234375,639.4500122070312,,
v1_tc_ext_100_b20,2026-06-22,1113229,0,6,744.3900146484375,655.010009765625,,
v1_tc_ext_100_b20,2026-06-23,1070951,78692,6,733.5800170898438,603.3900146484375,,
v1_tc_ext_100_b20,2026-06-24,1066939,186717,5,733.239990234375,601.5,,
v1_tc_ext_100_b20,2026-06-25,1044554,378745,4,734.2999877929688,625.2000122070312,,
v1_tc_ext_100_b20,2026-06-26,986882,478133,3,728.989990234375,589.9400024414062,,
v1_tc_ext_100_b20,2026-06-29,1015044,280757,4,741.0,614.3499755859375,,
v1_tc_ext_100_b20,2026-06-30,1043494,179253,5,746.77001953125,640.760009765625,,
v1_tc_ext_100_b20,2026-07-01,1034896,310170,4,745.760009765625,599.7000122070312,,
v1_tc_ext_100_b20,2026-07-02,1036323,310170,4,744.780029296875,566.3200073242188,,
v1_tc_ext_100_b20,2026-07-06,1042195,310170,4,751.280029296875,581.510009765625,,
v1_tc_ext_100_b20,2026-07-07,1047927,310170,4,747.7100219726562,551.6900024414062,,
v1_tc_ext_100_b20,2026-07-08,1051320,310170,4,745.4000244140625,562.030029296875,,
v1_tc_ext_100_b20,2026-07-09,1051578,310170,4,751.7100219726562,581.7000122070312,,
v1_tc_ext_100_b20,2026-07-10,1060211,310170,4,754.9500122070312,581.3400268554688,,
v1_tc_ext_100_b20,2026-07-13,1053604,310170,4,749.1699829101562,553.6099853515625,,
v1_tc_ext_100_b20,2026-07-14,1064140,310170,4,751.8300170898438,567.9199829101562,,
v1_tc_ext_100_b20,2026-07-15,1080510,310170,4,754.8099975585938,555.27001953125,,
v1_tc_ext_100_b20,2026-07-16,1071203,310170,4,750.719970703125,530.5,,
v1_tc_ext_100_b20,2026-07-17,1057059,310170,4,743.2899780273438,521.8099975585938,,
v1_tc_ext_100_b20,2026-07-20,1065497,310170,4,742.0900268554688,524.1400146484375,,
v1_tc_ext_100_b20,2026-07-21,1064049,310170,4,748.280029296875,552.6900024414062,,
v1_tc_ext_100_b20,2026-07-22,1064810,310170,4,747.4099731445312,555.52001953125,,
v1_tc_ext_100_b20,2026-07-23,1042718,491188,3,738.1799926757812,551.239990234375,,
v1_tc_ext_100_b20,2026-07-24,1041536,491188,3,738.9299926757812,527.010009765625,,
v1_tc_ext_100_b20,2026-07-27,1036397,491188,3,739.0900268554688,516.22998046875,,
v1_tc_ext_100_b20,2026-07-28,1037352,491188,3,740.8599853515625,491.4599914550781,,
v1_tc_ext_100_b20,2026-07-29,1033173,683968,2,729.4600219726562,465.0,,
v1_tc_ext_100_b20,2026-07-30,1063287,683968,2,741.6900024414062,504.5299987792969,,
v1_tc_ext_100_b20,2026-07-31,1071515,577639,3,747.030029296875,504.8900146484375,,
v1_tc_ext_100_b20,2026-08-03,1077855,465673,4,757.6699829101562,507.67999267578125,,
v1_tc_ext_100_b20,2026-08-04,1088620,357887,5,771.3300170898438,542.2100219726562,,
v1_tc_ext_100_b20,2026-08-05,1078114,249025,6,769.7899780273438,530.7000122070312,,
v1_tc_ext_100_b20,2026-08-06,1089711,357773,5,768.5599975585938,532.52001953125,,
v1_tc_ext_100_b20,2026-08-07,1108296,30860,7,773.260009765625,543.27001953125,,
v1_tc_ext_100_b20,2026-08-10,1101010,0,7,773.030029296875,529.3900146484375,,
v1_tc_ext_100_b20,2026-08-11,1118390,26640,6,770.5599975585938,534.2000122070312,,
v1_tc_ext_100_b20,2026-08-12,1150354,26640,6,772.489990234375,546.6099853515625,,
v1_tc_ext_100_b20,2026-08-13,1166926,26640,6,777.8800048828125,550.739990234375,,
v1_tc_ext_100_b20,2026-08-14,1185075,26640,6,776.3400268554688,550.4199829101562,,
v1_tc_ext_100_b20,2026-08-17,1182961,26640,6,772.6699829101562,559.1199951171875,,
v1_tc_ext_100_b20,2026-08-18,1152316,26640,6,767.4500122070312,531.3900146484375,,
v1_tc_ext_100_b20,2026-08-19,1116502,26640,6,769.0599975585938,519.6699829101562,,
v1_tc_ext_100_b20,2026-08-20,1151946,26640,6,762.5999755859375,522.3499755859375,,
v1_tc_ext_100_b20,2026-08-21,1162486,26640,6,765.719970703125,520.0499877929688,,
v1_tc_ext_100_b20,2026-08-24,1141693,26640,6,763.469970703125,506.17999267578125,,
v1_tc_ext_100_b20,2026-08-25,1160665,26640,6,765.9099731445312,514.0599975585938,,
v1_tc_ext_100_b20,2026-08-26,1166593,26640,6,766.0800170898438,515.4000244140625,,
v1_tc_ext_100_b20,2026-08-27,1178223,26640,6,771.0999755859375,525.4299926757812,,
v1_tc_ext_100_b20,2026-08-28,1153365,26640,6,769.3499755859375,508.6199951171875,,
v1_tc_ext_100_b20,2026-08-31,1151949,26640,6,767.0499877929688,511.0400085449219,,
v1_tc_ext_100_b20,2026-09-01,1140874,26640,6,761.780029296875,500.30999755859375,,
v1_tc_ext_100_b20,2026-09-02,1128778,26640,6,765.1599731445312,501.44000244140625,,
v1_tc_ext_100_b20,2026-09-03,1133191,26640,6,773.1699829101562,502.20001220703125,,
v1_tc_ext_100_b20,2026-09-04,1152865,26640,6,770.1900024414062,519.8599853515625,,
v1_tc_ext_100_b20,2026-09-08,1195539,26640,6,765.9600219726562,528.4000244140625,,
v1_tc_ext_100_b20,2026-09-09,1201730,26640,6,762.4000244140625,532.0,,
v1_tc_ext_100_b20,2026-09-10,1191982,26640,6,757.8300170898438,517.4299926757812,,
v1_tc_ext_100_b20,2026-09-11,1203181,26640,6,764.2899780273438,527.0700073242188,,
v1_tc_ext_100_b20,2026-09-14,1137251,339403,4,760.8800048828125,497.3999938964844,,
v1_tc_ext_100_b20,2026-09-15,1126471,609666,3,757.3900146484375,498.8500061035156,,
v1_tc_ext_100_b20,2026-09-16,1136824,497019,4,754.0499877929688,502.05999755859375,,
v1_tc_ext_100_b20,2026-09-17,1133279,0,6,762.5999755859375,519.0999755859375,,
v1_tc_ext_100_b20,2026-09-18,1165974,683420,3,761.6900024414062,533.0700073242188,,
v1_tc_ext_100_b20,2026-09-21,1176773,450225,4,773.5,559.3400268554688,,
v1_tc_ext_100_b20,2026-09-22,1181704,450225,4,773.3800048828125,572.780029296875,,
v1_tc_ext_100_b20,2026-09-23,1178985,450225,4,767.8099975585938,565.719970703125,,
v1_tc_ext_100_b20,2026-09-24,1170611,332327,5,767.1799926757812,566.0700073242188,,
v1_tc_ext_100_b30,2026-04-20,1000000,700000,1,706.8988037109375,417.351806640625,,
v1_tc_ext_100_b30,2026-04-21,1001507,700000,1,702.2708129882812,420.5003356933594,,
v1_tc_ext_100_b30,2026-04-22,1017366,700000,1,709.3825073242188,431.5650634765625,,
v1_tc_ext_100_b30,2026-04-23,1009843,242185,3,706.6295776367188,440.7906799316406,,
v1_tc_ext_100_b30,2026-04-24,1034232,391169,2,712.10546875,461.38092041015625,,
v1_tc_ext_100_b30,2026-04-27,1029244,236034,3,713.332275390625,455.19384765625,,
v1_tc_ext_100_b30,2026-04-28,1010631,535468,2,709.8612060546875,438.50177001953125,,
v1_tc_ext_100_b30,2026-04-29,1011466,535468,2,709.7515258789062,449.7763977050781,,
v1_tc_ext_100_b30,2026-04-30,1014473,535468,2,716.8132934570312,461.2209777832031,,
v1_tc_ext_100_b30,2026-05-01,1016701,535468,2,718.7982177734375,465.5289306640625,,
v1_tc_ext_100_b30,2026-05-04,1019719,382963,3,716.1649780273438,461.8406982421875,,
v1_tc_ext_100_b30,2026-05-05,1008958,531383,2,721.9102172851562,482.5008850097656,,
v1_tc_ext_100_b30,2026-05-06,1031053,531383,2,731.9443359375,506.6294250488281,,
v1_tc_ext_100_b30,2026-05-07,1026599,531383,2,729.7001342773438,492.12628173828125,,
v1_tc_ext_100_b30,2026-05-08,1024683,531383,2,735.724609375,520.0530395507812,,
v1_tc_ext_100_b30,2026-05-11,1023106,531383,2,737.4002685546875,532.5071411132812,,
v1_tc_ext_100_b30,2026-05-12,1015827,531383,2,736.2831420898438,515.7450561523438,,
v1_tc_ext_100_b30,2026-05-13,1021519,531383,2,740.4025268554688,528.0392456054688,,
v1_tc_ext_100_b30,2026-05-14,1036562,531383,2,746.2474975585938,529.7784423828125,,
v1_tc_ext_100_b30,2026-05-15,1024933,531383,2,737.2706298828125,508.27862548828125,,
v1_tc_ext_100_b30,2026-05-18,1018224,531383,2,736.751953125,495.6346435546875,,
v1_tc_ext_100_b30,2026-05-19,1018614,531383,2,731.8446044921875,496.50421142578125,,
v1_tc_ext_100_b30,2026-05-20,1024180,531383,2,739.3452758789062,520.0630493164062,,
v1_tc_ext_100_b30,2026-05-21,1029885,531383,2,740.8114624023438,524.4609985351562,,
v1_tc_ext_100_b30,2026-05-22,1029156,531383,2,743.7239990234375,537.0750122070312,,
v1_tc_ext_100_b30,2026-05-26,1034379,531383,2,748.6613159179688,569.8194580078125,,
v1_tc_ext_100_b30,2026-05-27,1042990,531383,2,748.5316162109375,563.7122802734375,,
v1_tc_ext_100_b30,2026-05-28,1043176,531383,2,752.6609497070312,569.19970703125,,
v1_tc_ext_100_b30,2026-05-29,1039936,531383,2,754.5361328125,568.8099365234375,,
v1_tc_ext_100_b30,2026-06-01,1053831,531383,2,756.5908203125,571.6585083007812,,
v1_tc_ext_100_b30,2026-06-02,1067511,531383,2,757.6182250976562,604.7328491210938,,
v1_tc_ext_100_b30,2026-06-03,1062299,531383,2,752.3018798828125,615.3877563476562,,
v1_tc_ext_100_b30,2026-06-04,1064582,372038,3,755.1445922851562,602.4338989257812,,
v1_tc_ext_100_b30,2026-06-05,1035033,212351,3,735.65478515625,539.5138549804688,,
v1_tc_ext_100_b30,2026-06-08,1036304,212351,3,737.3204345703125,571.1787719726562,,
v1_tc_ext_100_b30,2026-06-09,1036204,518798,2,735.1560668945312,561.8732299804688,,
v1_tc_ext_100_b30,2026-06-10,1016680,518798,2,723.56591796875,541.2529907226562,,
v1_tc_ext_100_b30,2026-06-11,1028123,0,4,735.8642578125,586.6514282226562,,
v1_tc_ext_100_b30,2026-06-12,1046966,0,4,739.843994140625,595.9669799804688,,
v1_tc_ext_100_b30,2026-06-15,1086025,0,4,752.890380859375,628.4500122070312,,
v1_tc_ext_100_b30,2026-06-16,1087184,349629,3,748.4019775390625,591.239990234375,,
v1_tc_ext_100_b30,2026-06-17,1089372,186551,4,739.0560302734375,599.72998046875,,
v1_tc_ext_100_b30,2026-06-18,1161347,23145,5,746.739990234375,639.4500122070312,,
v1_tc_ext_100_b30,2026-06-22,1167311,23145,5,744.3900146484375,655.010009765625,,
v1_tc_ext_100_b30,2026-06-23,1121020,0,5,733.5800170898438,603.3900146484375,,
v1_tc_ext_100_b30,2026-06-24,1116486,69252,4,733.239990234375,601.5,,
v1_tc_ext_100_b30,2026-06-25,1088912,69252,4,734.2999877929688,625.2000122070312,,
v1_tc_ext_100_b30,2026-06-26,1001506,221761,3,728.989990234375,589.9400024414062,,
v1_tc_ext_100_b30,2026-06-29,1044633,0,4,741.0,614.3499755859375,,
v1_tc_ext_100_b30,2026-06-30,1085902,0,4,746.77001953125,640.760009765625,,
v1_tc_ext_100_b30,2026-07-01,1069747,354784,3,745.760009765625,599.7000122070312,,
v1_tc_ext_100_b30,2026-07-02,1067750,270702,3,744.780029296875,566.3200073242188,,
v1_tc_ext_100_b30,2026-07-06,1080025,270702,3,751.280029296875,581.510009765625,,
v1_tc_ext_100_b30,2026-07-07,1086999,270702,3,747.7100219726562,551.6900024414062,,
v1_tc_ext_100_b30,2026-07-08,1096768,270702,3,745.4000244140625,562.030029296875,,
v1_tc_ext_100_b30,2026-07-09,1096201,270702,3,751.7100219726562,581.7000122070312,,
v1_tc_ext_100_b30,2026-07-10,1108925,270702,3,754.9500122070312,581.3400268554688,,
v1_tc_ext_100_b30,2026-07-13,1093677,270702,3,749.1699829101562,553.6099853515625,,
v1_tc_ext_100_b30,2026-07-14,1115120,270702,3,751.8300170898438,567.9199829101562,,
v1_tc_ext_100_b30,2026-07-15,1131547,270702,3,754.8099975585938,555.27001953125,,
v1_tc_ext_100_b30,2026-07-16,1112272,270702,3,750.719970703125,530.5,,
v1_tc_ext_100_b30,2026-07-17,1096432,270702,3,743.2899780273438,521.8099975585938,,
v1_tc_ext_100_b30,2026-07-20,1102428,270702,3,742.0900268554688,524.1400146484375,,
v1_tc_ext_100_b30,2026-07-21,1103952,270702,3,748.280029296875,552.6900024414062,,
v1_tc_ext_100_b30,2026-07-22,1111237,270702,3,747.4099731445312,555.52001953125,,
v1_tc_ext_100_b30,2026-07-23,1084162,554696,2,738.1799926757812,551.239990234375,,
v1_tc_ext_100_b30,2026-07-24,1082207,554696,2,738.9299926757812,527.010009765625,,
v1_tc_ext_100_b30,2026-07-27,1067975,554696,2,739.0900268554688,516.22998046875,,
v1_tc_ext_100_b30,2026-07-28,1065944,554696,2,740.8599853515625,491.4599914550781,,
v1_tc_ext_100_b30,2026-07-29,1061704,853476,1,729.4600219726562,465.0,,
v1_tc_ext_100_b30,2026-07-30,1057535,853476,1,741.6900024414062,504.5299987792969,,
v1_tc_ext_100_b30,2026-07-31,1058805,694846,2,747.030029296875,504.8900146484375,,
v1_tc_ext_100_b30,2026-08-03,1049673,530622,3,757.6699829101562,507.67999267578125,,
v1_tc_ext_100_b30,2026-08-04,1061421,373171,4,771.3300170898438,542.2100219726562,,
v1_tc_ext_100_b30,2026-08-05,1050217,213958,5,769.7899780273438,530.7000122070312,,
v1_tc_ext_100_b30,2026-08-06,1057536,373004,4,768.5599975585938,532.52001953125,,
v1_tc_ext_100_b30,2026-08-07,1084847,0,6,773.260009765625,543.27001953125,,
v1_tc_ext_100_b30,2026-08-10,1071956,0,6,773.030029296875,529.3900146484375,,
v1_tc_ext_100_b30,2026-08-11,1096278,0,5,770.5599975585938,534.2000122070312,,
v1_tc_ext_100_b30,2026-08-12,1142035,0,5,772.489990234375,546.6099853515625,,
v1_tc_ext_100_b30,2026-08-13,1159708,0,5,777.8800048828125,550.739990234375,,
v1_tc_ext_100_b30,2026-08-14,1185011,0,5,776.3400268554688,550.4199829101562,,
v1_tc_ext_100_b30,2026-08-17,1193750,0,5,772.6699829101562,559.1199951171875,,
v1_tc_ext_100_b30,2026-08-18,1151778,0,5,767.4500122070312,531.3900146484375,,
v1_tc_ext_100_b30,2026-08-19,1100889,0,5,769.0599975585938,519.6699829101562,,
v1_tc_ext_100_b30,2026-08-20,1153151,0,5,762.5999755859375,522.3499755859375,,
v1_tc_ext_100_b30,2026-08-21,1166123,0,5,765.719970703125,520.0499877929688,,
v1_tc_ext_100_b30,2026-08-24,1135442,0,5,763.469970703125,506.17999267578125,,
v1_tc_ext_100_b30,2026-08-25,1155539,0,5,765.9099731445312,514.0599975585938,,
v1_tc_ext_100_b30,2026-08-26,1159771,0,5,766.0800170898438,515.4000244140625,,
v1_tc_ext_100_b30,2026-08-27,1167557,0,5,771.0999755859375,525.4299926757812,,
v1_tc_ext_100_b30,2026-08-28,1129036,0,5,769.3499755859375,508.6199951171875,,
v1_tc_ext_100_b30,2026-08-31,1132596,0,5,767.0499877929688,511.0400085449219,,
v1_tc_ext_100_b30,2026-09-01,1123455,0,5,761.780029296875,500.30999755859375,,
v1_tc_ext_100_b30,2026-09-02,1110701,0,5,765.1599731445312,501.44000244140625,,
v1_tc_ext_100_b30,2026-09-03,1107362,0,5,773.1699829101562,502.20001220703125,,
v1_tc_ext_100_b30,2026-09-04,1141435,0,5,770.1900024414062,519.8599853515625,,
v1_tc_ext_100_b30,2026-09-08,1200746,0,5,765.9600219726562,528.4000244140625,,
v1_tc_ext_100_b30,2026-09-09,1209946,0,5,762.4000244140625,532.0,,
v1_tc_ext_100_b30,2026-09-10,1196574,0,5,757.8300170898438,517.4299926757812,,
v1_tc_ext_100_b30,2026-09-11,1205210,0,5,764.2899780273438,527.0700073242188,,
v1_tc_ext_100_b30,2026-09-14,1117620,352201,3,760.8800048828125,497.3999938964844,,
v1_tc_ext_100_b30,2026-09-15,1108243,352201,3,757.3900146484375,498.8500061035156,,
v1_tc_ext_100_b30,2026-09-16,1123198,185965,4,754.0499877929688,502.05999755859375,,
v1_tc_ext_100_b30,2026-09-17,1118193,0,5,762.5999755859375,519.0999755859375,,
v1_tc_ext_100_b30,2026-09-18,1156875,611299,3,761.6900024414062,533.0700073242188,,
v1_tc_ext_100_b30,2026-09-21,1169651,264237,4,773.5,559.3400268554688,,
v1_tc_ext_100_b30,2026-09-22,1173227,264237,4,773.3800048828125,572.780029296875,,
v1_tc_ext_100_b30,2026-09-23,1169475,264237,4,767.8099975585938,565.719970703125,,
v1_tc_ext_100_b30,2026-09-24,1159332,88816,5,767.1799926757812,566.0700073242188,,
v1_tc_ext_100_b30_pr,2026-04-20,1000000,700000,1,706.8988037109375,417.351806640625,,
v1_tc_ext_100_b30_pr,2026-04-21,1001507,700000,1,702.2708129882812,420.5003356933594,,
v1_tc_ext_100_b30_pr,2026-04-22,1017366,700000,1,709.3825073242188,431.5650634765625,,
v1_tc_ext_100_b30_pr,2026-04-23,1009843,242185,3,706.6295776367188,440.7906799316406,,
v1_tc_ext_100_b30_pr,2026-04-24,1034232,391169,2,712.10546875,461.38092041015625,,
v1_tc_ext_100_b30_pr,2026-04-27,1029244,236034,3,713.332275390625,455.19384765625,,
v1_tc_ext_100_b30_pr,2026-04-28,1010631,535468,2,709.8612060546875,438.50177001953125,,
v1_tc_ext_100_b30_pr,2026-04-29,1011466,535468,2,709.7515258789062,449.7763977050781,,
v1_tc_ext_100_b30_pr,2026-04-30,1014473,535468,2,716.8132934570312,461.2209777832031,,
v1_tc_ext_100_b30_pr,2026-05-01,1016701,535468,2,718.7982177734375,465.5289306640625,,
v1_tc_ext_100_b30_pr,2026-05-04,1019719,382963,3,716.1649780273438,461.8406982421875,,
v1_tc_ext_100_b30_pr,2026-05-05,1008958,531383,2,721.9102172851562,482.5008850097656,,
v1_tc_ext_100_b30_pr,2026-05-06,1031053,531383,2,731.9443359375,506.6294250488281,,
v1_tc_ext_100_b30_pr,2026-05-07,1026599,531383,2,729.7001342773438,492.12628173828125,,
v1_tc_ext_100_b30_pr,2026-05-08,1024683,531383,2,735.724609375,520.0530395507812,,
v1_tc_ext_100_b30_pr,2026-05-11,1023106,531383,2,737.4002685546875,532.5071411132812,,
v1_tc_ext_100_b30_pr,2026-05-12,1015827,531383,2,736.2831420898438,515.7450561523438,,
v1_tc_ext_100_b30_pr,2026-05-13,1021519,531383,2,740.4025268554688,528.0392456054688,,
v1_tc_ext_100_b30_pr,2026-05-14,1036562,531383,2,746.2474975585938,529.7784423828125,,
v1_tc_ext_100_b30_pr,2026-05-15,1024933,531383,2,737.2706298828125,508.27862548828125,,
v1_tc_ext_100_b30_pr,2026-05-18,1018224,531383,2,736.751953125,495.6346435546875,,
v1_tc_ext_100_b30_pr,2026-05-19,1018614,531383,2,731.8446044921875,496.50421142578125,,
v1_tc_ext_100_b30_pr,2026-05-20,1024180,531383,2,739.3452758789062,520.0630493164062,,
v1_tc_ext_100_b30_pr,2026-05-21,1029885,531383,2,740.8114624023438,524.4609985351562,,
v1_tc_ext_100_b30_pr,2026-05-22,1029156,531383,2,743.7239990234375,537.0750122070312,,
v1_tc_ext_100_b30_pr,2026-05-26,1034379,531383,2,748.6613159179688,569.8194580078125,,
v1_tc_ext_100_b30_pr,2026-05-27,1042990,531383,2,748.5316162109375,563.7122802734375,,
v1_tc_ext_100_b30_pr,2026-05-28,1043176,531383,2,752.6609497070312,569.19970703125,,
v1_tc_ext_100_b30_pr,2026-05-29,1039936,531383,2,754.5361328125,568.8099365234375,,
v1_tc_ext_100_b30_pr,2026-06-01,1053831,531383,2,756.5908203125,571.6585083007812,,
v1_tc_ext_100_b30_pr,2026-06-02,1067511,531383,2,757.6182250976562,604.7328491210938,,
v1_tc_ext_100_b30_pr,2026-06-03,1062299,531383,2,752.3018798828125,615.3877563476562,,
v1_tc_ext_100_b30_pr,2026-06-04,1064582,372038,3,755.1445922851562,602.4338989257812,,
v1_tc_ext_100_b30_pr,2026-06-05,1035033,212351,3,735.65478515625,539.5138549804688,,
v1_tc_ext_100_b30_pr,2026-06-08,1036304,212351,3,737.3204345703125,571.1787719726562,,
v1_tc_ext_100_b30_pr,2026-06-09,1036204,518798,2,735.1560668945312,561.8732299804688,,
v1_tc_ext_100_b30_pr,2026-06-10,1016680,518798,2,723.56591796875,541.2529907226562,,
v1_tc_ext_100_b30_pr,2026-06-11,1027957,2,5,735.8642578125,586.6514282226562,,
v1_tc_ext_100_b30_pr,2026-06-12,1040868,2,5,739.843994140625,595.9669799804688,,
v1_tc_ext_100_b30_pr,2026-06-15,1077446,2,5,752.890380859375,628.4500122070312,,
v1_tc_ext_100_b30_pr,2026-06-16,1070512,349631,4,748.4019775390625,591.239990234375,,
v1_tc_ext_100_b30_pr,2026-06-17,1069223,189054,5,739.0560302734375,599.72998046875,,
v1_tc_ext_100_b30_pr,2026-06-18,1122179,28671,6,746.739990234375,639.4500122070312,,
v1_tc_ext_100_b30_pr,2026-06-22,1119637,28671,6,744.3900146484375,655.010009765625,,
v1_tc_ext_100_b30_pr,2026-06-23,1079263,1,6,733.5800170898438,603.3900146484375,,
v1_tc_ext_100_b30_pr,2026-06-24,1073511,31383,5,733.239990234375,601.5,,
v1_tc_ext_100_b30_pr,2026-06-25,1051401,195570,4,734.2999877929688,625.2000122070312,,
v1_tc_ext_100_b30_pr,2026-06-26,994424,345740,3,728.989990234375,589.9400024414062,,
v1_tc_ext_100_b30_pr,2026-06-29,1025399,47413,4,741.0,614.3499755859375,,
v1_tc_ext_100_b30_pr,2026-06-30,1053909,0,5,746.77001953125,640.760009765625,,
v1_tc_ext_100_b30_pr,2026-07-01,1045239,201156,4,745.760009765625,599.7000122070312,,
v1_tc_ext_100_b30_pr,2026-07-02,1043031,201156,4,744.780029296875,566.3200073242188,,
v1_tc_ext_100_b30_pr,2026-07-06,1054872,201156,4,751.280029296875,581.510009765625,,
v1_tc_ext_100_b30_pr,2026-07-07,1062049,201156,4,747.7100219726562,551.6900024414062,,
v1_tc_ext_100_b30_pr,2026-07-08,1070801,201156,4,745.4000244140625,562.030029296875,,
v1_tc_ext_100_b30_pr,2026-07-09,1070396,201156,4,751.7100219726562,581.7000122070312,,
v1_tc_ext_100_b30_pr,2026-07-10,1082887,201156,4,754.9500122070312,581.3400268554688,,
v1_tc_ext_100_b30_pr,2026-07-13,1068641,201156,4,749.1699829101562,553.6099853515625,,
v1_tc_ext_100_b30_pr,2026-07-14,1089047,201156,4,751.8300170898438,567.9199829101562,,
v1_tc_ext_100_b30_pr,2026-07-15,1106907,201156,4,754.8099975585938,555.27001953125,,
v1_tc_ext_100_b30_pr,2026-07-16,1088392,201156,4,750.719970703125,530.5,,
v1_tc_ext_100_b30_pr,2026-07-17,1071745,201156,4,743.2899780273438,521.8099975585938,,
v1_tc_ext_100_b30_pr,2026-07-20,1078840,201156,4,742.0900268554688,524.1400146484375,,
v1_tc_ext_100_b30_pr,2026-07-21,1079591,201156,4,748.280029296875,552.6900024414062,,
v1_tc_ext_100_b30_pr,2026-07-22,1085716,201156,4,747.4099731445312,555.52001953125,,
v1_tc_ext_100_b30_pr,2026-07-23,1057477,487704,3,738.1799926757812,551.239990234375,,
v1_tc_ext_100_b30_pr,2026-07-24,1055612,487704,3,738.9299926757812,527.010009765625,,
v1_tc_ext_100_b30_pr,2026-07-27,1042719,487704,3,739.0900268554688,516.22998046875,,
v1_tc_ext_100_b30_pr,2026-07-28,1041207,487704,3,740.8599853515625,491.4599914550781,,
v1_tc_ext_100_b30_pr,2026-07-29,1036859,779084,2,729.4600219726562,465.0,,
v1_tc_ext_100_b30_pr,2026-07-30,1040373,779084,2,741.6900024414062,504.5299987792969,,
v1_tc_ext_100_b30_pr,2026-07-31,1043371,623028,3,747.030029296875,504.8900146484375,,
v1_tc_ext_100_b30_pr,2026-08-03,1037269,460945,4,757.6699829101562,507.67999267578125,,
v1_tc_ext_100_b30_pr,2026-08-04,1049482,305355,5,771.3300170898438,542.2100219726562,,
v1_tc_ext_100_b30_pr,2026-08-05,1037743,147933,6,769.7899780273438,530.7000122070312,,
v1_tc_ext_100_b30_pr,2026-08-06,1046604,305190,5,768.5599975585938,532.52001953125,,
v1_tc_ext_100_b30_pr,2026-08-07,1073689,0,7,773.260009765625,543.27001953125,,
v1_tc_ext_100_b30_pr,2026-08-10,1061106,0,7,773.030029296875,529.3900146484375,,
v1_tc_ext_100_b30_pr,2026-08-11,1087113,1,7,770.5599975585938,534.2000122070312,,
v1_tc_ext_100_b30_pr,2026-08-12,1131900,1,7,772.489990234375,546.6099853515625,,
v1_tc_ext_100_b30_pr,2026-08-13,1141545,1,7,777.8800048828125,550.739990234375,,
v1_tc_ext_100_b30_pr,2026-08-14,1160174,1,7,776.3400268554688,550.4199829101562,,
v1_tc_ext_100_b30_pr,2026-08-17,1167339,1,7,772.6699829101562,559.1199951171875,,
v1_tc_ext_100_b30_pr,2026-08-18,1116689,1,7,767.4500122070312,531.3900146484375,,
v1_tc_ext_100_b30_pr,2026-08-19,1082815,1,7,769.0599975585938,519.6699829101562,,
v1_tc_ext_100_b30_pr,2026-08-20,1108733,1,7,762.5999755859375,522.3499755859375,,
v1_tc_ext_100_b30_pr,2026-08-21,1117659,1,7,765.719970703125,520.0499877929688,,
v1_tc_ext_100_b30_pr,2026-08-24,1093124,1,7,763.469970703125,506.17999267578125,,
v1_tc_ext_100_b30_pr,2026-08-25,1117280,1,7,765.9099731445312,514.0599975585938,,
v1_tc_ext_100_b30_pr,2026-08-26,1121492,1,7,766.0800170898438,515.4000244140625,,
v1_tc_ext_100_b30_pr,2026-08-27,1126532,1,7,771.0999755859375,525.4299926757812,,
v1_tc_ext_100_b30_pr,2026-08-28,1094345,1,7,769.3499755859375,508.6199951171875,,
v1_tc_ext_100_b30_pr,2026-08-31,1092857,1,7,767.0499877929688,511.0400085449219,,
v1_tc_ext_100_b30_pr,2026-09-01,1080050,1,7,761.780029296875,500.30999755859375,,
v1_tc_ext_100_b30_pr,2026-09-02,1077424,1,7,765.1599731445312,501.44000244140625,,
v1_tc_ext_100_b30_pr,2026-09-03,1079766,1,7,773.1699829101562,502.20001220703125,,
v1_tc_ext_100_b30_pr,2026-09-04,1111150,1,7,770.1900024414062,519.8599853515625,,
v1_tc_ext_100_b30_pr,2026-09-08,1158917,64986,6,765.9600219726562,528.4000244140625,,
v1_tc_ext_100_b30_pr,2026-09-09,1160142,0,7,762.4000244140625,532.0,,
v1_tc_ext_100_b30_pr,2026-09-10,1148066,0,7,757.8300170898438,517.4299926757812,,
v1_tc_ext_100_b30_pr,2026-09-11,1169450,0,7,764.2899780273438,527.0700073242188,,
v1_tc_ext_100_b30_pr,2026-09-14,1081929,457818,4,760.8800048828125,497.3999938964844,,
v1_tc_ext_100_b30_pr,2026-09-15,1072495,521005,3,757.3900146484375,498.8500061035156,,
v1_tc_ext_100_b30_pr,2026-09-16,1081907,360131,4,754.0499877929688,502.05999755859375,,
v1_tc_ext_100_b30_pr,2026-09-17,1080430,1,6,762.5999755859375,519.0999755859375,,
v1_tc_ext_100_b30_pr,2026-09-18,1107068,494989,3,761.6900024414062,533.0700073242188,,
v1_tc_ext_100_b30_pr,2026-09-21,1121017,162869,4,773.5,559.3400268554688,,
v1_tc_ext_100_b30_pr,2026-09-22,1126213,162869,4,773.3800048828125,572.780029296875,,
v1_tc_ext_100_b30_pr,2026-09-23,1122277,162869,4,767.8099975585938,565.719970703125,,
v1_tc_ext_100_b30_pr,2026-09-24,1111377,0,5,767.1799926757812,566.0700073242188,,
v1_tc_ext_33r,2026-04-20,1000000,900000,1,706.8988037109375,417.351806640625,,
v1_tc_ext_33r,2026-04-21,1000502,900000,1,702.2708129882812,420.5003356933594,,
v1_tc_ext_33r,2026-04-22,1005789,900000,1,709.3825073242188,431.5650634765625,,
v1_tc_ext_33r,2026-04-23,1003294,749132,3,706.6295776367188,440.7906799316406,,
v1_tc_ext_33r,2026-04-24,1011394,798228,2,712.10546875,461.38092041015625,,
v1_tc_ext_33r,2026-04-27,1009766,747658,3,713.332275390625,455.19384765625,,
v1_tc_ext_33r,2026-04-28,1003589,846333,2,709.8612060546875,438.50177001953125,,
v1_tc_ext_33r,2026-04-29,1003870,846333,2,709.7515258789062,449.7763977050781,,
v1_tc_ext_33r,2026-04-30,1004863,846333,2,716.8132934570312,461.2209777832031,,
v1_tc_ext_33r,2026-05-01,1005600,846333,2,718.7982177734375,465.5289306640625,,
v1_tc_ext_33r,2026-05-04,1006608,796053,3,716.1649780273438,461.8406982421875,,
v1_tc_ext_33r,2026-05-05,1003041,812201,3,721.9102172851562,482.5008850097656,,
v1_tc_ext_33r,2026-05-06,1010738,812201,3,731.9443359375,506.6294250488281,,
v1_tc_ext_33r,2026-05-07,1007879,822680,3,729.7001342773438,492.12628173828125,,
v1_tc_ext_33r,2026-05-08,1007586,822680,3,735.724609375,520.0530395507812,,
v1_tc_ext_33r,2026-05-11,1007748,822680,3,737.4002685546875,532.5071411132812,,
v1_tc_ext_33r,2026-05-12,1005187,822680,3,736.2831420898438,515.7450561523438,,
v1_tc_ext_33r,2026-05-13,1005560,843379,2,740.4025268554688,528.0392456054688,,
v1_tc_ext_33r,2026-05-14,1010572,843379,2,746.2474975585938,529.7784423828125,,
v1_tc_ext_33r,2026-05-15,1006701,843379,2,737.2706298828125,508.27862548828125,,
v1_tc_ext_33r,2026-05-18,1004463,843379,2,736.751953125,495.6346435546875,,
v1_tc_ext_33r,2026-05-19,1004570,843379,2,731.8446044921875,496.50421142578125,,
v1_tc_ext_33r,2026-05-20,1006439,843379,2,739.3452758789062,520.0630493164062,,
v1_tc_ext_33r,2026-05-21,1008332,843379,2,740.8114624023438,524.4609985351562,,
v1_tc_ext_33r,2026-05-22,1008078,843379,2,743.7239990234375,537.0750122070312,,
v1_tc_ext_33r,2026-05-26,1009828,843379,2,748.6613159179688,569.8194580078125,,
v1_tc_ext_33r,2026-05-27,1012698,843379,2,748.5316162109375,563.7122802734375,,
v1_tc_ext_33r,2026-05-28,1012771,843379,2,752.6609497070312,569.19970703125,,
v1_tc_ext_33r,2026-05-29,1011677,843379,2,754.5361328125,568.8099365234375,,
v1_tc_ext_33r,2026-06-01,1016310,843379,2,756.5908203125,571.6585083007812,,
v1_tc_ext_33r,2026-06-02,1020835,843379,2,757.6182250976562,604.7328491210938,,
v1_tc_ext_33r,2026-06-03,1019076,843379,2,752.3018798828125,615.3877563476562,,
v1_tc_ext_33r,2026-06-04,1019871,792425,3,755.1445922851562,602.4338989257812,,
v1_tc_ext_33r,2026-06-05,1010089,741431,3,735.65478515625,539.5138549804688,,
v1_tc_ext_33r,2026-06-08,1010597,741431,3,737.3204345703125,571.1787719726562,,
v1_tc_ext_33r,2026-06-09,1010597,839357,2,735.1560668945312,561.8732299804688,,
v1_tc_ext_33r,2026-06-10,1004118,839357,2,723.56591796875,541.2529907226562,,
v1_tc_ext_33r,2026-06-11,1007796,538121,5,735.8642578125,586.6514282226562,,
v1_tc_ext_33r,2026-06-12,1014294,538121,5,739.843994140625,595.9669799804688,,
v1_tc_ext_33r,2026-06-15,1031515,538121,5,752.890380859375,628.4500122070312,,
v1_tc_ext_33r,2026-06-16,1029700,576580,5,748.4019775390625,591.239990234375,,
v1_tc_ext_33r,2026-06-17,1029462,525095,6,739.0560302734375,599.72998046875,,
v1_tc_ext_33r,2026-06-18,1061883,473622,7,746.739990234375,639.4500122070312,,
v1_tc_ext_33r,2026-06-22,1062336,420585,7,744.3900146484375,655.010009765625,,
v1_tc_ext_33r,2026-06-23,1035550,466494,7,733.5800170898438,603.3900146484375,,
v1_tc_ext_33r,2026-06-24,1034452,518161,6,733.239990234375,601.5,,
v1_tc_ext_33r,2026-06-25,1022298,613495,5,734.2999877929688,625.2000122070312,,
v1_tc_ext_33r,2026-06-26,993263,661643,4,728.989990234375,589.9400024414062,,
v1_tc_ext_33r,2026-06-29,1011414,562317,5,741.0,614.3499755859375,,
v1_tc_ext_33r,2026-06-30,1029694,511746,6,746.77001953125,640.760009765625,,
v1_tc_ext_33r,2026-07-01,1019302,525686,6,745.760009765625,599.7000122070312,,
v1_tc_ext_33r,2026-07-02,1013720,525686,6,744.780029296875,566.3200073242188,,
v1_tc_ext_33r,2026-07-06,1025332,525686,6,751.280029296875,581.510009765625,,
v1_tc_ext_33r,2026-07-07,1018930,525686,6,747.7100219726562,551.6900024414062,,
v1_tc_ext_33r,2026-07-08,1017072,525686,6,745.4000244140625,562.030029296875,,
v1_tc_ext_33r,2026-07-09,1017921,525686,6,751.7100219726562,581.7000122070312,,
v1_tc_ext_33r,2026-07-10,1018558,525686,6,754.9500122070312,581.3400268554688,,
v1_tc_ext_33r,2026-07-13,1010678,525686,6,749.1699829101562,553.6099853515625,,
v1_tc_ext_33r,2026-07-14,1018498,525686,6,751.8300170898438,567.9199829101562,,
v1_tc_ext_33r,2026-07-15,1025423,525686,6,754.8099975585938,555.27001953125,,
v1_tc_ext_33r,2026-07-16,1013253,584085,5,750.719970703125,530.5,,
v1_tc_ext_33r,2026-07-17,1004811,584085,5,743.2899780273438,521.8099975585938,,
v1_tc_ext_33r,2026-07-20,1009480,584085,5,742.0900268554688,524.1400146484375,,
v1_tc_ext_33r,2026-07-21,1011532,584085,5,748.280029296875,552.6900024414062,,
v1_tc_ext_33r,2026-07-22,1011523,584085,5,747.4099731445312,555.52001953125,,
v1_tc_ext_33r,2026-07-23,999845,673953,4,738.1799926757812,551.239990234375,,
v1_tc_ext_33r,2026-07-24,997750,673953,4,738.9299926757812,527.010009765625,,
v1_tc_ext_33r,2026-07-27,994592,673953,4,739.0900268554688,516.22998046875,,
v1_tc_ext_33r,2026-07-28,994238,673953,4,740.8599853515625,491.4599914550781,,
v1_tc_ext_33r,2026-07-29,989946,770966,3,729.4600219726562,465.0,,
v1_tc_ext_33r,2026-07-30,1008398,770966,3,741.6900024414062,504.5299987792969,,
v1_tc_ext_33r,2026-07-31,1012593,720546,4,747.030029296875,504.8900146484375,,
v1_tc_ext_33r,2026-08-03,1016073,667577,5,757.6699829101562,507.67999267578125,,
v1_tc_ext_33r,2026-08-04,1022576,616773,6,771.3300170898438,542.2100219726562,,
v1_tc_ext_33r,2026-08-05,1017147,565644,7,769.7899780273438,530.7000122070312,,
v1_tc_ext_33r,2026-08-06,1023335,582499,7,768.5599975585938,532.52001953125,,
v1_tc_ext_33r,2026-08-07,1033199,428998,9,773.260009765625,543.27001953125,,
v1_tc_ext_33r,2026-08-10,1028660,377338,9,773.030029296875,529.3900146484375,,
v1_tc_ext_33r,2026-08-11,1037248,375731,9,770.5599975585938,534.2000122070312,,
v1_tc_ext_33r,2026-08-12,1060333,375731,9,772.489990234375,546.6099853515625,,
v1_tc_ext_33r,2026-08-13,1068315,269697,11,777.8800048828125,550.739990234375,,
v1_tc_ext_33r,2026-08-14,1075901,269697,11,776.3400268554688,550.4199829101562,,
v1_tc_ext_33r,2026-08-17,1079184,269697,11,772.6699829101562,559.1199951171875,,
v1_tc_ext_33r,2026-08-18,1049783,286767,11,767.4500122070312,531.3900146484375,,
v1_tc_ext_33r,2026-08-19,1031057,320767,10,769.0599975585938,519.6699829101562,,
v1_tc_ext_33r,2026-08-20,1049070,320767,10,762.5999755859375,522.3499755859375,,
v1_tc_ext_33r,2026-08-21,1053432,320767,10,765.719970703125,520.0499877929688,,
v1_tc_ext_33r,2026-08-24,1038074,265679,10,763.469970703125,506.17999267578125,,
v1_tc_ext_33r,2026-08-25,1053246,265679,10,765.9099731445312,514.0599975585938,,
v1_tc_ext_33r,2026-08-26,1055512,265679,10,766.0800170898438,515.4000244140625,,
v1_tc_ext_33r,2026-08-27,1067163,212903,10,771.0999755859375,525.4299926757812,,
v1_tc_ext_33r,2026-08-28,1050227,224122,10,769.3499755859375,508.6199951171875,,
v1_tc_ext_33r,2026-08-31,1044921,224122,10,767.0499877929688,511.0400085449219,,
v1_tc_ext_33r,2026-09-01,1038738,231635,10,761.780029296875,500.30999755859375,,
v1_tc_ext_33r,2026-09-02,1035753,231635,10,765.1599731445312,501.44000244140625,,
v1_tc_ext_33r,2026-09-03,1041974,236923,10,773.1699829101562,502.20001220703125,,
v1_tc_ext_33r,2026-09-04,1061008,236923,10,770.1900024414062,519.8599853515625,,
v1_tc_ext_33r,2026-09-08,1093985,259192,10,765.9600219726562,528.4000244140625,,
v1_tc_ext_33r,2026-09-09,1091449,204493,11,762.4000244140625,532.0,,
v1_tc_ext_33r,2026-09-10,1081591,204493,11,757.8300170898438,517.4299926757812,,
v1_tc_ext_33r,2026-09-11,1099351,150413,11,764.2899780273438,527.0700073242188,,
v1_tc_ext_33r,2026-09-14,1035789,429477,8,760.8800048828125,497.3999938964844,,
v1_tc_ext_33r,2026-09-15,1031536,473697,8,757.3900146484375,498.8500061035156,,
v1_tc_ext_33r,2026-09-16,1040852,422120,9,754.0499877929688,502.05999755859375,,
v1_tc_ext_33r,2026-09-17,1047155,161818,11,762.5999755859375,519.0999755859375,,
v1_tc_ext_33r,2026-09-18,1061340,184594,11,761.6900024414062,533.0700073242188,,
v1_tc_ext_33r,2026-09-21,1092934,187527,11,773.5,559.3400268554688,,
v1_tc_ext_33r,2026-09-22,1098080,229213,11,773.3800048828125,572.780029296875,,
v1_tc_ext_33r,2026-09-23,1094328,229213,11,767.8099975585938,565.719970703125,,
v1_tc_ext_33r,2026-09-24,1090815,174497,12,767.1799926757812,566.0700073242188,,
v1_tc_ext_33s,2026-04-20,1000000,900000,1,706.8988037109375,417.351806640625,,
v1_tc_ext_33s,2026-04-21,1000502,900000,1,702.2708129882812,420.5003356933594,,
v1_tc_ext_33s,2026-04-22,1005789,900000,1,709.3825073242188,431.5650634765625,,
v1_tc_ext_33s,2026-04-23,1003294,749132,3,706.6295776367188,440.7906799316406,,
v1_tc_ext_33s,2026-04-24,1011394,798228,2,712.10546875,461.38092041015625,,
v1_tc_ext_33s,2026-04-27,1009766,747658,3,713.332275390625,455.19384765625,,
v1_tc_ext_33s,2026-04-28,1003589,846333,2,709.8612060546875,438.50177001953125,,
v1_tc_ext_33s,2026-04-29,1003870,846333,2,709.7515258789062,449.7763977050781,,
v1_tc_ext_33s,2026-04-30,1004863,846333,2,716.8132934570312,461.2209777832031,,
v1_tc_ext_33s,2026-05-01,1005600,846333,2,718.7982177734375,465.5289306640625,,
v1_tc_ext_33s,2026-05-04,1006608,796053,3,716.1649780273438,461.8406982421875,,
v1_tc_ext_33s,2026-05-05,1003041,812201,3,721.9102172851562,482.5008850097656,,
v1_tc_ext_33s,2026-05-06,1010738,812201,3,731.9443359375,506.6294250488281,,
v1_tc_ext_33s,2026-05-07,1007879,822680,3,729.7001342773438,492.12628173828125,,
v1_tc_ext_33s,2026-05-08,1007586,822680,3,735.724609375,520.0530395507812,,
v1_tc_ext_33s,2026-05-11,1007748,822680,3,737.4002685546875,532.5071411132812,,
v1_tc_ext_33s,2026-05-12,1005187,822680,3,736.2831420898438,515.7450561523438,,
v1_tc_ext_33s,2026-05-13,1005560,843379,2,740.4025268554688,528.0392456054688,,
v1_tc_ext_33s,2026-05-14,1010572,843379,2,746.2474975585938,529.7784423828125,,
v1_tc_ext_33s,2026-05-15,1006701,843379,2,737.2706298828125,508.27862548828125,,
v1_tc_ext_33s,2026-05-18,1004463,843379,2,736.751953125,495.6346435546875,,
v1_tc_ext_33s,2026-05-19,1004570,843379,2,731.8446044921875,496.50421142578125,,
v1_tc_ext_33s,2026-05-20,1006439,843379,2,739.3452758789062,520.0630493164062,,
v1_tc_ext_33s,2026-05-21,1008332,843379,2,740.8114624023438,524.4609985351562,,
v1_tc_ext_33s,2026-05-22,1008078,843379,2,743.7239990234375,537.0750122070312,,
v1_tc_ext_33s,2026-05-26,1009828,843379,2,748.6613159179688,569.8194580078125,,
v1_tc_ext_33s,2026-05-27,1012698,843379,2,748.5316162109375,563.7122802734375,,
v1_tc_ext_33s,2026-05-28,1012771,843379,2,752.6609497070312,569.19970703125,,
v1_tc_ext_33s,2026-05-29,1011677,843379,2,754.5361328125,568.8099365234375,,
v1_tc_ext_33s,2026-06-01,1016310,843379,2,756.5908203125,571.6585083007812,,
v1_tc_ext_33s,2026-06-02,1020835,843379,2,757.6182250976562,604.7328491210938,,
v1_tc_ext_33s,2026-06-03,1019076,843379,2,752.3018798828125,615.3877563476562,,
v1_tc_ext_33s,2026-06-04,1019871,792425,3,755.1445922851562,602.4338989257812,,
v1_tc_ext_33s,2026-06-05,1010089,741431,3,735.65478515625,539.5138549804688,,
v1_tc_ext_33s,2026-06-08,1010597,741431,3,737.3204345703125,571.1787719726562,,
v1_tc_ext_33s,2026-06-09,1010597,839357,2,735.1560668945312,561.8732299804688,,
v1_tc_ext_33s,2026-06-10,1004118,839357,2,723.56591796875,541.2529907226562,,
v1_tc_ext_33s,2026-06-11,1007796,538121,5,735.8642578125,586.6514282226562,,
v1_tc_ext_33s,2026-06-12,1014294,538121,5,739.843994140625,595.9669799804688,,
v1_tc_ext_33s,2026-06-15,1031515,538121,5,752.890380859375,628.4500122070312,,
v1_tc_ext_33s,2026-06-16,1029700,576580,5,748.4019775390625,591.239990234375,,
v1_tc_ext_33s,2026-06-17,1029462,525095,6,739.0560302734375,599.72998046875,,
v1_tc_ext_33s,2026-06-18,1061883,473622,7,746.739990234375,639.4500122070312,,
v1_tc_ext_33s,2026-06-22,1062336,420585,7,744.3900146484375,655.010009765625,,
v1_tc_ext_33s,2026-06-23,1035550,466494,7,733.5800170898438,603.3900146484375,,
v1_tc_ext_33s,2026-06-24,1034452,518161,6,733.239990234375,601.5,,
v1_tc_ext_33s,2026-06-25,1022298,613495,5,734.2999877929688,625.2000122070312,,
v1_tc_ext_33s,2026-06-26,993263,661643,4,728.989990234375,589.9400024414062,,
v1_tc_ext_33s,2026-06-29,1011414,562317,5,741.0,614.3499755859375,,
v1_tc_ext_33s,2026-06-30,1029694,511746,6,746.77001953125,640.760009765625,,
v1_tc_ext_33s,2026-07-01,1019302,525686,6,745.760009765625,599.7000122070312,,
v1_tc_ext_33s,2026-07-02,1013720,525686,6,744.780029296875,566.3200073242188,,
v1_tc_ext_33s,2026-07-06,1025332,525686,6,751.280029296875,581.510009765625,,
v1_tc_ext_33s,2026-07-07,1018930,525686,6,747.7100219726562,551.6900024414062,,
v1_tc_ext_33s,2026-07-08,1017072,525686,6,745.4000244140625,562.030029296875,,
v1_tc_ext_33s,2026-07-09,1017921,525686,6,751.7100219726562,581.7000122070312,,
v1_tc_ext_33s,2026-07-10,1018558,525686,6,754.9500122070312,581.3400268554688,,
v1_tc_ext_33s,2026-07-13,1010678,525686,6,749.1699829101562,553.6099853515625,,
v1_tc_ext_33s,2026-07-14,1018498,525686,6,751.8300170898438,567.9199829101562,,
v1_tc_ext_33s,2026-07-15,1025423,525686,6,754.8099975585938,555.27001953125,,
v1_tc_ext_33s,2026-07-16,1013253,584085,5,750.719970703125,530.5,,
v1_tc_ext_33s,2026-07-17,1004811,584085,5,743.2899780273438,521.8099975585938,,
v1_tc_ext_33s,2026-07-20,1009480,584085,5,742.0900268554688,524.1400146484375,,
v1_tc_ext_33s,2026-07-21,1011532,584085,5,748.280029296875,552.6900024414062,,
v1_tc_ext_33s,2026-07-22,1011523,584085,5,747.4099731445312,555.52001953125,,
v1_tc_ext_33s,2026-07-23,999845,673953,4,738.1799926757812,551.239990234375,,
v1_tc_ext_33s,2026-07-24,997750,673953,4,738.9299926757812,527.010009765625,,
v1_tc_ext_33s,2026-07-27,994592,673953,4,739.0900268554688,516.22998046875,,
v1_tc_ext_33s,2026-07-28,994238,673953,4,740.8599853515625,491.4599914550781,,
v1_tc_ext_33s,2026-07-29,989946,770966,3,729.4600219726562,465.0,,
v1_tc_ext_33s,2026-07-30,1008398,770966,3,741.6900024414062,504.5299987792969,,
v1_tc_ext_33s,2026-07-31,1012593,720546,4,747.030029296875,504.8900146484375,,
v1_tc_ext_33s,2026-08-03,1016073,667577,5,757.6699829101562,507.67999267578125,,
v1_tc_ext_33s,2026-08-04,1022576,616773,6,771.3300170898438,542.2100219726562,,
v1_tc_ext_33s,2026-08-05,1017147,565644,7,769.7899780273438,530.7000122070312,,
v1_tc_ext_33s,2026-08-06,1023335,582499,7,768.5599975585938,532.52001953125,,
v1_tc_ext_33s,2026-08-07,1033199,428998,9,773.260009765625,543.27001953125,,
v1_tc_ext_33s,2026-08-10,1028660,377338,9,773.030029296875,529.3900146484375,,
v1_tc_ext_33s,2026-08-11,1037248,375731,9,770.5599975585938,534.2000122070312,,
v1_tc_ext_33s,2026-08-12,1060333,375731,9,772.489990234375,546.6099853515625,,
v1_tc_ext_33s,2026-08-13,1068315,269697,11,777.8800048828125,550.739990234375,,
v1_tc_ext_33s,2026-08-14,1075901,269697,11,776.3400268554688,550.4199829101562,,
v1_tc_ext_33s,2026-08-17,1079184,269697,11,772.6699829101562,559.1199951171875,,
v1_tc_ext_33s,2026-08-18,1049783,286767,11,767.4500122070312,531.3900146484375,,
v1_tc_ext_33s,2026-08-19,1031057,320767,10,769.0599975585938,519.6699829101562,,
v1_tc_ext_33s,2026-08-20,1049070,320767,10,762.5999755859375,522.3499755859375,,
v1_tc_ext_33s,2026-08-21,1053432,320767,10,765.719970703125,520.0499877929688,,
v1_tc_ext_33s,2026-08-24,1038074,265679,10,763.469970703125,506.17999267578125,,
v1_tc_ext_33s,2026-08-25,1053246,265679,10,765.9099731445312,514.0599975585938,,
v1_tc_ext_33s,2026-08-26,1055512,265679,10,766.0800170898438,515.4000244140625,,
v1_tc_ext_33s,2026-08-27,1067163,212903,10,771.0999755859375,525.4299926757812,,
v1_tc_ext_33s,2026-08-28,1050227,224122,10,769.3499755859375,508.6199951171875,,
v1_tc_ext_33s,2026-08-31,1044921,224122,10,767.0499877929688,511.0400085449219,,
v1_tc_ext_33s,2026-09-01,1038738,231635,10,761.780029296875,500.30999755859375,,
v1_tc_ext_33s,2026-09-02,1035753,231635,10,765.1599731445312,501.44000244140625,,
v1_tc_ext_33s,2026-09-03,1041974,236923,10,773.1699829101562,502.20001220703125,,
v1_tc_ext_33s,2026-09-04,1061008,236923,10,770.1900024414062,519.8599853515625,,
v1_tc_ext_33s,2026-09-08,1093985,259192,10,765.9600219726562,528.4000244140625,,
v1_tc_ext_33s,2026-09-09,1091449,204493,11,762.4000244140625,532.0,,
v1_tc_ext_33s,2026-09-10,1081591,204493,11,757.8300170898438,517.4299926757812,,
v1_tc_ext_33s,2026-09-11,1099351,150413,11,764.2899780273438,527.0700073242188,,
v1_tc_ext_33s,2026-09-14,1035789,429477,8,760.8800048828125,497.3999938964844,,
v1_tc_ext_33s,2026-09-15,1031536,473697,8,757.3900146484375,498.8500061035156,,
v1_tc_ext_33s,2026-09-16,1040852,422120,9,754.0499877929688,502.05999755859375,,
v1_tc_ext_33s,2026-09-17,1047155,161818,11,762.5999755859375,519.0999755859375,,
v1_tc_ext_33s,2026-09-18,1061340,276880,11,761.6900024414062,533.0700073242188,,
v1_tc_ext_33s,2026-09-21,1090703,303156,11,773.5,559.3400268554688,,
v1_tc_ext_33s,2026-09-22,1095449,325031,11,773.3800048828125,572.780029296875,,
v1_tc_ext_33s,2026-09-23,1092412,325031,11,767.8099975585938,565.719970703125,,
v1_tc_ext_33s,2026-09-24,1089109,270410,12,767.1799926757812,566.0700073242188,,
v1_tc_ext_50r,2026-04-20,1000000,900000,1,706.8988037109375,417.351806640625,,
v1_tc_ext_50r,2026-04-21,1000502,900000,1,702.2708129882812,420.5003356933594,,
v1_tc_ext_50r,2026-04-22,1005789,900000,1,709.3825073242188,431.5650634765625,,
v1_tc_ext_50r,2026-04-23,1003294,749132,3,706.6295776367188,440.7906799316406,,
v1_tc_ext_50r,2026-04-24,1011394,798228,2,712.10546875,461.38092041015625,,
v1_tc_ext_50r,2026-04-27,1009766,747658,3,713.332275390625,455.19384765625,,
v1_tc_ext_50r,2026-04-28,1003589,846333,2,709.8612060546875,438.50177001953125,,
v1_tc_ext_50r,2026-04-29,1003870,846333,2,709.7515258789062,449.7763977050781,,
v1_tc_ext_50r,2026-04-30,1004863,846333,2,716.8132934570312,461.2209777832031,,
v1_tc_ext_50r,2026-05-01,1005600,846333,2,718.7982177734375,465.5289306640625,,
v1_tc_ext_50r,2026-05-04,1006608,796053,3,716.1649780273438,461.8406982421875,,
v1_tc_ext_50r,2026-05-05,1003042,820520,3,721.9102172851562,482.5008850097656,,
v1_tc_ext_50r,2026-05-06,1010651,820520,3,731.9443359375,506.6294250488281,,
v1_tc_ext_50r,2026-05-07,1008142,832369,3,729.7001342773438,492.12628173828125,,
v1_tc_ext_50r,2026-05-08,1007695,832369,3,735.724609375,520.0530395507812,,
v1_tc_ext_50r,2026-05-11,1007539,832369,3,737.4002685546875,532.5071411132812,,
v1_tc_ext_50r,2026-05-12,1005042,832369,3,736.2831420898438,515.7450561523438,,
v1_tc_ext_50r,2026-05-13,1006078,843897,2,740.4025268554688,528.0392456054688,,
v1_tc_ext_50r,2026-05-14,1011090,843897,2,746.2474975585938,529.7784423828125,,
v1_tc_ext_50r,2026-05-15,1007219,843897,2,737.2706298828125,508.27862548828125,,
v1_tc_ext_50r,2026-05-18,1004981,843897,2,736.751953125,495.6346435546875,,
v1_tc_ext_50r,2026-05-19,1005088,843897,2,731.8446044921875,496.50421142578125,,
v1_tc_ext_50r,2026-05-20,1006957,843897,2,739.3452758789062,520.0630493164062,,
v1_tc_ext_50r,2026-05-21,1008850,843897,2,740.8114624023438,524.4609985351562,,
v1_tc_ext_50r,2026-05-22,1008596,843897,2,743.7239990234375,537.0750122070312,,
v1_tc_ext_50r,2026-05-26,1010346,843897,2,748.6613159179688,569.8194580078125,,
v1_tc_ext_50r,2026-05-27,1013216,843897,2,748.5316162109375,563.7122802734375,,
v1_tc_ext_50r,2026-05-28,1013289,843897,2,752.6609497070312,569.19970703125,,
v1_tc_ext_50r,2026-05-29,1012195,843897,2,754.5361328125,568.8099365234375,,
v1_tc_ext_50r,2026-06-01,1016828,843897,2,756.5908203125,571.6585083007812,,
v1_tc_ext_50r,2026-06-02,1021353,843897,2,757.6182250976562,604.7328491210938,,
v1_tc_ext_50r,2026-06-03,1019594,843897,2,752.3018798828125,615.3877563476562,,
v1_tc_ext_50r,2026-06-04,1020389,792917,3,755.1445922851562,602.4338989257812,,
v1_tc_ext_50r,2026-06-05,1010607,741898,3,735.65478515625,539.5138549804688,,
v1_tc_ext_50r,2026-06-08,1011114,741898,3,737.3204345703125,571.1787719726562,,
v1_tc_ext_50r,2026-06-09,1011113,839873,2,735.1560668945312,561.8732299804688,,
v1_tc_ext_50r,2026-06-10,1004634,839873,2,723.56591796875,541.2529907226562,,
v1_tc_ext_50r,2026-06-11,1008312,538484,5,735.8642578125,586.6514282226562,,
v1_tc_ext_50r,2026-06-12,1014813,538484,5,739.843994140625,595.9669799804688,,
v1_tc_ext_50r,2026-06-15,1032039,538484,5,752.890380859375,628.4500122070312,,
v1_tc_ext_50r,2026-06-16,1030226,596756,5,748.4019775390625,591.239990234375,,
v1_tc_ext_50r,2026-06-17,1029692,545245,6,739.0560302734375,599.72998046875,,
v1_tc_ext_50r,2026-06-18,1060734,493760,7,746.739990234375,639.4500122070312,,
v1_tc_ext_50r,2026-06-22,1060928,440780,7,744.3900146484375,655.010009765625,,
v1_tc_ext_50r,2026-06-23,1035591,486716,7,733.5800170898438,603.3900146484375,,
v1_tc_ext_50r,2026-06-24,1034286,538313,6,733.239990234375,601.5,,
v1_tc_ext_50r,2026-06-25,1022400,633696,5,734.2999877929688,625.2000122070312,,
v1_tc_ext_50r,2026-06-26,993473,681869,4,728.989990234375,589.9400024414062,,
v1_tc_ext_50r,2026-06-29,1010573,582522,5,741.0,614.3499755859375,,
v1_tc_ext_50r,2026-06-30,1027814,531993,6,746.77001953125,640.760009765625,,
v1_tc_ext_50r,2026-07-01,1018970,569427,6,745.760009765625,599.7000122070312,,
v1_tc_ext_50r,2026-07-02,1015207,569427,6,744.780029296875,566.3200073242188,,
v1_tc_ext_50r,2026-07-06,1024208,569427,6,751.280029296875,581.510009765625,,
v1_tc_ext_50r,2026-07-07,1020597,569427,6,747.7100219726562,551.6900024414062,,
v1_tc_ext_50r,2026-07-08,1019547,569427,6,745.4000244140625,562.030029296875,,
v1_tc_ext_50r,2026-07-09,1020209,569427,6,751.7100219726562,581.7000122070312,,
v1_tc_ext_50r,2026-07-10,1021852,569427,6,754.9500122070312,581.3400268554688,,
v1_tc_ext_50r,2026-07-13,1015412,569427,6,749.1699829101562,553.6099853515625,,
v1_tc_ext_50r,2026-07-14,1022622,569427,6,751.8300170898438,567.9199829101562,,
v1_tc_ext_50r,2026-07-15,1029868,569427,6,754.8099975585938,555.27001953125,,
v1_tc_ext_50r,2026-07-16,1019824,613030,5,750.719970703125,530.5,,
v1_tc_ext_50r,2026-07-17,1011999,613030,5,743.2899780273438,521.8099975585938,,
v1_tc_ext_50r,2026-07-20,1016455,613030,5,742.0900268554688,524.1400146484375,,
v1_tc_ext_50r,2026-07-21,1017294,613030,5,748.280029296875,552.6900024414062,,
v1_tc_ext_50r,2026-07-22,1017471,613030,5,747.4099731445312,555.52001953125,,
v1_tc_ext_50r,2026-07-23,1006100,702944,4,738.1799926757812,551.239990234375,,
v1_tc_ext_50r,2026-07-24,1004668,702944,4,738.9299926757812,527.010009765625,,
v1_tc_ext_50r,2026-07-27,1001740,702944,4,739.0900268554688,516.22998046875,,
v1_tc_ext_50r,2026-07-28,1001754,702944,4,740.8599853515625,491.4599914550781,,
v1_tc_ext_50r,2026-07-29,998423,799978,3,729.4600219726562,465.0,,
v1_tc_ext_50r,2026-07-30,1015296,799978,3,741.6900024414062,504.5299987792969,,
v1_tc_ext_50r,2026-07-31,1019433,749213,4,747.030029296875,504.8900146484375,,
v1_tc_ext_50r,2026-08-03,1022788,695891,5,757.6699829101562,507.67999267578125,,
v1_tc_ext_50r,2026-08-04,1028715,644752,6,771.3300170898438,542.2100219726562,,
v1_tc_ext_50r,2026-08-05,1023437,593316,7,769.7899780273438,530.7000122070312,,
v1_tc_ext_50r,2026-08-06,1029406,619007,7,768.5599975585938,532.52001953125,,
v1_tc_ext_50r,2026-08-07,1039023,464597,9,773.260009765625,543.27001953125,,
v1_tc_ext_50r,2026-08-10,1034783,412646,9,773.030029296875,529.3900146484375,,
v1_tc_ext_50r,2026-08-11,1043219,411028,9,770.5599975585938,534.2000122070312,,
v1_tc_ext_50r,2026-08-12,1065818,411028,9,772.489990234375,546.6099853515625,,
v1_tc_ext_50r,2026-08-13,1073710,304446,11,777.8800048828125,550.739990234375,,
v1_tc_ext_50r,2026-08-14,1081576,304446,11,776.3400268554688,550.4199829101562,,
v1_tc_ext_50r,2026-08-17,1084652,304446,11,772.6699829101562,559.1199951171875,,
v1_tc_ext_50r,2026-08-18,1056258,330444,11,767.4500122070312,531.3900146484375,,
v1_tc_ext_50r,2026-08-19,1037743,355948,10,769.0599975585938,519.6699829101562,,
v1_tc_ext_50r,2026-08-20,1055675,355948,10,762.5999755859375,522.3499755859375,,
v1_tc_ext_50r,2026-08-21,1059978,355948,10,765.719970703125,520.0499877929688,,
v1_tc_ext_50r,2026-08-24,1045257,300465,10,763.469970703125,506.17999267578125,,
v1_tc_ext_50r,2026-08-25,1059924,300465,10,765.9099731445312,514.0599975585938,,
v1_tc_ext_50r,2026-08-26,1062313,300465,10,766.0800170898438,515.4000244140625,,
v1_tc_ext_50r,2026-08-27,1072765,247349,10,771.0999755859375,525.4299926757812,,
v1_tc_ext_50r,2026-08-28,1056660,260110,10,769.3499755859375,508.6199951171875,,
v1_tc_ext_50r,2026-08-31,1051300,260110,10,767.0499877929688,511.0400085449219,,
v1_tc_ext_50r,2026-09-01,1045313,266487,10,761.780029296875,500.30999755859375,,
v1_tc_ext_50r,2026-09-02,1041944,266487,10,765.1599731445312,501.44000244140625,,
v1_tc_ext_50r,2026-09-03,1047921,269837,10,773.1699829101562,502.20001220703125,,
v1_tc_ext_50r,2026-09-04,1066366,269837,10,770.1900024414062,519.8599853515625,,
v1_tc_ext_50r,2026-09-08,1099163,303778,10,765.9600219726562,528.4000244140625,,
v1_tc_ext_50r,2026-09-09,1097215,248820,11,762.4000244140625,532.0,,
v1_tc_ext_50r,2026-09-10,1088307,248820,11,757.8300170898438,517.4299926757812,,
v1_tc_ext_50r,2026-09-11,1105165,194405,11,764.2899780273438,527.0700073242188,,
v1_tc_ext_50r,2026-09-14,1043052,493091,8,760.8800048828125,497.3999938964844,,
v1_tc_ext_50r,2026-09-15,1038547,560001,8,757.3900146484375,498.8500061035156,,
v1_tc_ext_50r,2026-09-16,1046964,508074,9,754.0499877929688,502.05999755859375,,
v1_tc_ext_50r,2026-09-17,1050785,246245,11,762.5999755859375,519.0999755859375,,
v1_tc_ext_50r,2026-09-18,1065382,290218,11,761.6900024414062,533.0700073242188,,
v1_tc_ext_50r,2026-09-21,1092173,293757,11,773.5,559.3400268554688,,
v1_tc_ext_50r,2026-09-22,1096914,351891,11,773.3800048828125,572.780029296875,,
v1_tc_ext_50r,2026-09-23,1093688,351891,11,767.8099975585938,565.719970703125,,
v1_tc_ext_50r,2026-09-24,1089674,297207,12,767.1799926757812,566.0700073242188,,
v1_tc_ext_50s,2026-04-20,1000000,900000,1,706.8988037109375,417.351806640625,,
v1_tc_ext_50s,2026-04-21,1000502,900000,1,702.2708129882812,420.5003356933594,,
v1_tc_ext_50s,2026-04-22,1005789,900000,1,709.3825073242188,431.5650634765625,,
v1_tc_ext_50s,2026-04-23,1003294,749132,3,706.6295776367188,440.7906799316406,,
v1_tc_ext_50s,2026-04-24,1011394,798228,2,712.10546875,461.38092041015625,,
v1_tc_ext_50s,2026-04-27,1009766,747658,3,713.332275390625,455.19384765625,,
v1_tc_ext_50s,2026-04-28,1003589,846333,2,709.8612060546875,438.50177001953125,,
v1_tc_ext_50s,2026-04-29,1003870,846333,2,709.7515258789062,449.7763977050781,,
v1_tc_ext_50s,2026-04-30,1004863,846333,2,716.8132934570312,461.2209777832031,,
v1_tc_ext_50s,2026-05-01,1005600,846333,2,718.7982177734375,465.5289306640625,,
v1_tc_ext_50s,2026-05-04,1006608,796053,3,716.1649780273438,461.8406982421875,,
v1_tc_ext_50s,2026-05-05,1003042,820520,3,721.9102172851562,482.5008850097656,,
v1_tc_ext_50s,2026-05-06,1010651,820520,3,731.9443359375,506.6294250488281,,
v1_tc_ext_50s,2026-05-07,1008142,832369,3,729.7001342773438,492.12628173828125,,
v1_tc_ext_50s,2026-05-08,1007695,832369,3,735.724609375,520.0530395507812,,
v1_tc_ext_50s,2026-05-11,1007539,832369,3,737.4002685546875,532.5071411132812,,
v1_tc_ext_50s,2026-05-12,1005042,832369,3,736.2831420898438,515.7450561523438,,
v1_tc_ext_50s,2026-05-13,1006078,843897,2,740.4025268554688,528.0392456054688,,
v1_tc_ext_50s,2026-05-14,1011090,843897,2,746.2474975585938,529.7784423828125,,
v1_tc_ext_50s,2026-05-15,1007219,843897,2,737.2706298828125,508.27862548828125,,
v1_tc_ext_50s,2026-05-18,1004981,843897,2,736.751953125,495.6346435546875,,
v1_tc_ext_50s,2026-05-19,1005088,843897,2,731.8446044921875,496.50421142578125,,
v1_tc_ext_50s,2026-05-20,1006957,843897,2,739.3452758789062,520.0630493164062,,
v1_tc_ext_50s,2026-05-21,1008850,843897,2,740.8114624023438,524.4609985351562,,
v1_tc_ext_50s,2026-05-22,1008596,843897,2,743.7239990234375,537.0750122070312,,
v1_tc_ext_50s,2026-05-26,1010346,843897,2,748.6613159179688,569.8194580078125,,
v1_tc_ext_50s,2026-05-27,1013216,843897,2,748.5316162109375,563.7122802734375,,
v1_tc_ext_50s,2026-05-28,1013289,843897,2,752.6609497070312,569.19970703125,,
v1_tc_ext_50s,2026-05-29,1012195,843897,2,754.5361328125,568.8099365234375,,
v1_tc_ext_50s,2026-06-01,1016828,843897,2,756.5908203125,571.6585083007812,,
v1_tc_ext_50s,2026-06-02,1021353,843897,2,757.6182250976562,604.7328491210938,,
v1_tc_ext_50s,2026-06-03,1019594,843897,2,752.3018798828125,615.3877563476562,,
v1_tc_ext_50s,2026-06-04,1020389,792917,3,755.1445922851562,602.4338989257812,,
v1_tc_ext_50s,2026-06-05,1010607,741898,3,735.65478515625,539.5138549804688,,
v1_tc_ext_50s,2026-06-08,1011114,741898,3,737.3204345703125,571.1787719726562,,
v1_tc_ext_50s,2026-06-09,1011113,839873,2,735.1560668945312,561.8732299804688,,
v1_tc_ext_50s,2026-06-10,1004634,839873,2,723.56591796875,541.2529907226562,,
v1_tc_ext_50s,2026-06-11,1008312,538484,5,735.8642578125,586.6514282226562,,
v1_tc_ext_50s,2026-06-12,1014813,538484,5,739.843994140625,595.9669799804688,,
v1_tc_ext_50s,2026-06-15,1032039,538484,5,752.890380859375,628.4500122070312,,
v1_tc_ext_50s,2026-06-16,1030226,596756,5,748.4019775390625,591.239990234375,,
v1_tc_ext_50s,2026-06-17,1029692,545245,6,739.0560302734375,599.72998046875,,
v1_tc_ext_50s,2026-06-18,1060734,493760,7,746.739990234375,639.4500122070312,,
v1_tc_ext_50s,2026-06-22,1060928,440780,7,744.3900146484375,655.010009765625,,
v1_tc_ext_50s,2026-06-23,1035591,486716,7,733.5800170898438,603.3900146484375,,
v1_tc_ext_50s,2026-06-24,1034286,538313,6,733.239990234375,601.5,,
v1_tc_ext_50s,2026-06-25,1022400,633696,5,734.2999877929688,625.2000122070312,,
v1_tc_ext_50s,2026-06-26,993473,681869,4,728.989990234375,589.9400024414062,,
v1_tc_ext_50s,2026-06-29,1010573,582522,5,741.0,614.3499755859375,,
v1_tc_ext_50s,2026-06-30,1027814,531993,6,746.77001953125,640.760009765625,,
v1_tc_ext_50s,2026-07-01,1018970,569427,6,745.760009765625,599.7000122070312,,
v1_tc_ext_50s,2026-07-02,1015207,569427,6,744.780029296875,566.3200073242188,,
v1_tc_ext_50s,2026-07-06,1024208,569427,6,751.280029296875,581.510009765625,,
v1_tc_ext_50s,2026-07-07,1020597,569427,6,747.7100219726562,551.6900024414062,,
v1_tc_ext_50s,2026-07-08,1019547,569427,6,745.4000244140625,562.030029296875,,
v1_tc_ext_50s,2026-07-09,1020209,569427,6,751.7100219726562,581.7000122070312,,
v1_tc_ext_50s,2026-07-10,1021852,569427,6,754.9500122070312,581.3400268554688,,
v1_tc_ext_50s,2026-07-13,1015412,569427,6,749.1699829101562,553.6099853515625,,
v1_tc_ext_50s,2026-07-14,1022622,569427,6,751.8300170898438,567.9199829101562,,
v1_tc_ext_50s,2026-07-15,1029868,569427,6,754.8099975585938,555.27001953125,,
v1_tc_ext_50s,2026-07-16,1019824,613030,5,750.719970703125,530.5,,
v1_tc_ext_50s,2026-07-17,1011999,613030,5,743.2899780273438,521.8099975585938,,
v1_tc_ext_50s,2026-07-20,1016455,613030,5,742.0900268554688,524.1400146484375,,
v1_tc_ext_50s,2026-07-21,1017294,613030,5,748.280029296875,552.6900024414062,,
v1_tc_ext_50s,2026-07-22,1017471,613030,5,747.4099731445312,555.52001953125,,
v1_tc_ext_50s,2026-07-23,1006100,702944,4,738.1799926757812,551.239990234375,,
v1_tc_ext_50s,2026-07-24,1004668,702944,4,738.9299926757812,527.010009765625,,
v1_tc_ext_50s,2026-07-27,1001740,702944,4,739.0900268554688,516.22998046875,,
v1_tc_ext_50s,2026-07-28,1001754,702944,4,740.8599853515625,491.4599914550781,,
v1_tc_ext_50s,2026-07-29,998423,799978,3,729.4600219726562,465.0,,
v1_tc_ext_50s,2026-07-30,1015296,799978,3,741.6900024414062,504.5299987792969,,
v1_tc_ext_50s,2026-07-31,1019433,749213,4,747.030029296875,504.8900146484375,,
v1_tc_ext_50s,2026-08-03,1022788,695891,5,757.6699829101562,507.67999267578125,,
v1_tc_ext_50s,2026-08-04,1028715,644752,6,771.3300170898438,542.2100219726562,,
v1_tc_ext_50s,2026-08-05,1023437,593316,7,769.7899780273438,530.7000122070312,,
v1_tc_ext_50s,2026-08-06,1029406,619007,7,768.5599975585938,532.52001953125,,
v1_tc_ext_50s,2026-08-07,1039023,464597,9,773.260009765625,543.27001953125,,
v1_tc_ext_50s,2026-08-10,1034783,412646,9,773.030029296875,529.3900146484375,,
v1_tc_ext_50s,2026-08-11,1043219,411028,9,770.5599975585938,534.2000122070312,,
v1_tc_ext_50s,2026-08-12,1065818,411028,9,772.489990234375,546.6099853515625,,
v1_tc_ext_50s,2026-08-13,1073710,304446,11,777.8800048828125,550.739990234375,,
v1_tc_ext_50s,2026-08-14,1081576,304446,11,776.3400268554688,550.4199829101562,,
v1_tc_ext_50s,2026-08-17,1084652,304446,11,772.6699829101562,559.1199951171875,,
v1_tc_ext_50s,2026-08-18,1056258,330444,11,767.4500122070312,531.3900146484375,,
v1_tc_ext_50s,2026-08-19,1037743,355948,10,769.0599975585938,519.6699829101562,,
v1_tc_ext_50s,2026-08-20,1055675,355948,10,762.5999755859375,522.3499755859375,,
v1_tc_ext_50s,2026-08-21,1059978,355948,10,765.719970703125,520.0499877929688,,
v1_tc_ext_50s,2026-08-24,1045257,300465,10,763.469970703125,506.17999267578125,,
v1_tc_ext_50s,2026-08-25,1059924,300465,10,765.9099731445312,514.0599975585938,,
v1_tc_ext_50s,2026-08-26,1062313,300465,10,766.0800170898438,515.4000244140625,,
v1_tc_ext_50s,2026-08-27,1072765,247349,10,771.0999755859375,525.4299926757812,,
v1_tc_ext_50s,2026-08-28,1056660,260110,10,769.3499755859375,508.6199951171875,,
v1_tc_ext_50s,2026-08-31,1051300,260110,10,767.0499877929688,511.0400085449219,,
v1_tc_ext_50s,2026-09-01,1045313,266487,10,761.780029296875,500.30999755859375,,
v1_tc_ext_50s,2026-09-02,1041944,266487,10,765.1599731445312,501.44000244140625,,
v1_tc_ext_50s,2026-09-03,1047921,269837,10,773.1699829101562,502.20001220703125,,
v1_tc_ext_50s,2026-09-04,1066366,269837,10,770.1900024414062,519.8599853515625,,
v1_tc_ext_50s,2026-09-08,1099163,303778,10,765.9600219726562,528.4000244140625,,
v1_tc_ext_50s,2026-09-09,1097215,248820,11,762.4000244140625,532.0,,
v1_tc_ext_50s,2026-09-10,1088307,248820,11,757.8300170898438,517.4299926757812,,
v1_tc_ext_50s,2026-09-11,1105165,194405,11,764.2899780273438,527.0700073242188,,
v1_tc_ext_50s,2026-09-14,1043052,493091,8,760.8800048828125,497.3999938964844,,
v1_tc_ext_50s,2026-09-15,1038547,560001,8,757.3900146484375,498.8500061035156,,
v1_tc_ext_50s,2026-09-16,1046964,508074,9,754.0499877929688,502.05999755859375,,
v1_tc_ext_50s,2026-09-17,1050785,246245,11,762.5999755859375,519.0999755859375,,
v1_tc_ext_50s,2026-09-18,1065382,421599,11,761.6900024414062,533.0700073242188,,
v1_tc_ext_50s,2026-09-21,1088995,451498,11,773.5,559.3400268554688,,
v1_tc_ext_50s,2026-09-22,1093170,468639,11,773.3800048828125,572.780029296875,,
v1_tc_ext_50s,2026-09-23,1090628,468639,11,767.8099975585938,565.719970703125,,
v1_tc_ext_50s,2026-09-24,1086973,414108,12,767.1799926757812,566.0700073242188,,
v1_tc_rsi_100,2026-04-20,1000000,900000,1,706.8988037109375,417.351806640625,,
v1_tc_rsi_100,2026-04-21,1000502,900000,1,702.2708129882812,420.5003356933594,,
v1_tc_rsi_100,2026-04-22,1005789,900000,1,709.3825073242188,431.5650634765625,,
v1_tc_rsi_100,2026-04-23,1003294,853615,2,706.6295776367188,440.7906799316406,,
v1_tc_rsi_100,2026-04-24,1005987,902711,1,712.10546875,461.38092041015625,,
v1_tc_rsi_100,2026-04-27,1003675,852412,2,713.332275390625,455.19384765625,,
v1_tc_rsi_100,2026-04-28,1000948,951087,1,709.8612060546875,438.50177001953125,,
v1_tc_rsi_100,2026-04-29,1000823,951087,1,709.7515258789062,449.7763977050781,,
v1_tc_rsi_100,2026-04-30,1001205,951087,1,716.8132934570312,461.2209777832031,,
v1_tc_rsi_100,2026-05-01,1001500,951087,1,718.7982177734375,465.5289306640625,,
v1_tc_rsi_100,2026-05-04,1001432,901012,2,716.1649780273438,461.8406982421875,,
v1_tc_rsi_100,2026-05-05,999839,901012,2,721.9102172851562,482.5008850097656,,
v1_tc_rsi_100,2026-05-06,1000850,901012,2,731.9443359375,506.6294250488281,,
v1_tc_rsi_100,2026-05-07,998783,901012,2,729.7001342773438,492.12628173828125,,
v1_tc_rsi_100,2026-05-08,999584,901012,2,735.724609375,520.0530395507812,,
v1_tc_rsi_100,2026-05-11,1003346,953782,1,737.4002685546875,532.5071411132812,,
v1_tc_rsi_100,2026-05-12,1003027,953782,1,736.2831420898438,515.7450561523438,,
v1_tc_rsi_100,2026-05-13,999705,999705,0,740.4025268554688,528.0392456054688,,
v1_tc_rsi_100,2026-05-14,999705,999705,0,746.2474975585938,529.7784423828125,,
v1_tc_rsi_100,2026-05-15,999705,999705,0,737.2706298828125,508.27862548828125,,
v1_tc_rsi_100,2026-05-18,999705,999705,0,736.751953125,495.6346435546875,,
v1_tc_rsi_100,2026-05-19,999705,999705,0,731.8446044921875,496.50421142578125,,
v1_tc_rsi_100,2026-05-20,999705,999705,0,739.3452758789062,520.0630493164062,,
v1_tc_rsi_100,2026-05-21,999705,999705,0,740.8114624023438,524.4609985351562,,
v1_tc_rsi_100,2026-05-22,999705,999705,0,743.7239990234375,537.0750122070312,,
v1_tc_rsi_100,2026-05-26,999705,999705,0,748.6613159179688,569.8194580078125,,
v1_tc_rsi_100,2026-05-27,999705,999705,0,748.5316162109375,563.7122802734375,,
v1_tc_rsi_100,2026-05-28,999705,999705,0,752.6609497070312,569.19970703125,,
v1_tc_rsi_100,2026-05-29,999705,999705,0,754.5361328125,568.8099365234375,,
v1_tc_rsi_100,2026-06-01,999705,999705,0,756.5908203125,571.6585083007812,,
v1_tc_rsi_100,2026-06-02,999705,999705,0,757.6182250976562,604.7328491210938,,
v1_tc_rsi_100,2026-06-03,999705,999705,0,752.3018798828125,615.3877563476562,,
v1_tc_rsi_100,2026-06-04,999611,949720,1,755.1445922851562,602.4338989257812,,
v1_tc_rsi_100,2026-06-05,998191,899739,1,735.65478515625,539.5138549804688,,
v1_tc_rsi_100,2026-06-08,997026,899739,1,737.3204345703125,571.1787719726562,,
v1_tc_rsi_100,2026-06-09,995760,995760,0,735.1560668945312,561.8732299804688,,
v1_tc_rsi_100,2026-06-10,995760,995760,0,723.56591796875,541.2529907226562,,
v1_tc_rsi_100,2026-06-11,995584,697032,3,735.8642578125,586.6514282226562,,
v1_tc_rsi_100,2026-06-12,1000723,697032,3,739.843994140625,595.9669799804688,,
v1_tc_rsi_100,2026-06-15,1012459,697032,3,752.890380859375,628.4500122070312,,
v1_tc_rsi_100,2026-06-16,1013678,697032,3,748.4019775390625,591.239990234375,,
v1_tc_rsi_100,2026-06-17,1011471,646348,4,739.0560302734375,599.72998046875,,
v1_tc_rsi_100,2026-06-18,1037350,595774,5,746.739990234375,639.4500122070312,,
v1_tc_rsi_100,2026-06-22,1037177,543906,5,744.3900146484375,655.010009765625,,
v1_tc_rsi_100,2026-06-23,1016253,589107,5,733.5800170898438,603.3900146484375,,
v1_tc_rsi_100,2026-06-24,1014793,639549,4,733.239990234375,601.5,,
v1_tc_rsi_100,2026-06-25,1003864,734090,3,734.2999877929688,625.2000122070312,,
v1_tc_rsi_100,2026-06-26,975729,781489,2,728.989990234375,589.9400024414062,,
v1_tc_rsi_100,2026-06-29,989449,683916,3,741.0,614.3499755859375,,
v1_tc_rsi_100,2026-06-30,1003565,634444,4,746.77001953125,640.760009765625,,
v1_tc_rsi_100,2026-07-01,999699,584266,4,745.760009765625,599.7000122070312,,
v1_tc_rsi_100,2026-07-02,992032,584266,4,744.780029296875,566.3200073242188,,
v1_tc_rsi_100,2026-07-06,1003507,584266,4,751.280029296875,581.510009765625,,
v1_tc_rsi_100,2026-07-07,994197,584266,4,747.7100219726562,551.6900024414062,,
v1_tc_rsi_100,2026-07-08,988862,584266,4,745.4000244140625,562.030029296875,,
v1_tc_rsi_100,2026-07-09,988863,584266,4,751.7100219726562,581.7000122070312,,
v1_tc_rsi_100,2026-07-10,987844,584266,4,754.9500122070312,581.3400268554688,,
v1_tc_rsi_100,2026-07-13,980012,584266,4,749.1699829101562,553.6099853515625,,
v1_tc_rsi_100,2026-07-14,988376,584266,4,751.8300170898438,567.9199829101562,,
v1_tc_rsi_100,2026-07-15,993524,584266,4,754.8099975585938,555.27001953125,,
v1_tc_rsi_100,2026-07-16,978497,670703,3,750.719970703125,530.5,,
v1_tc_rsi_100,2026-07-17,972144,670703,3,743.2899780273438,521.8099975585938,,
v1_tc_rsi_100,2026-07-20,976069,670703,3,742.0900268554688,524.1400146484375,,
v1_tc_rsi_100,2026-07-21,975435,670703,3,748.280029296875,552.6900024414062,,
v1_tc_rsi_100,2026-07-22,974678,670703,3,747.4099731445312,555.52001953125,,
v1_tc_rsi_100,2026-07-23,964424,759823,2,738.1799926757812,551.239990234375,,
v1_tc_rsi_100,2026-07-24,963497,759823,2,738.9299926757812,527.010009765625,,
v1_tc_rsi_100,2026-07-27,960277,759823,2,739.0900268554688,516.22998046875,,
v1_tc_rsi_100,2026-07-28,961643,759823,2,740.8599853515625,491.4599914550781,,
v1_tc_rsi_100,2026-07-29,957722,855124,1,729.4600219726562,465.0,,
v1_tc_rsi_100,2026-07-30,973631,855124,1,741.6900024414062,504.5299987792969,,
v1_tc_rsi_100,2026-07-31,977439,928757,1,747.030029296875,504.8900146484375,,
v1_tc_rsi_100,2026-08-03,975154,877638,2,757.6699829101562,507.67999267578125,,
v1_tc_rsi_100,2026-08-04,979161,828880,3,771.3300170898438,542.2100219726562,,
v1_tc_rsi_100,2026-08-05,975878,779922,4,769.7899780273438,530.7000122070312,,
v1_tc_rsi_100,2026-08-06,976504,779922,4,768.5599975585938,532.52001953125,,
v1_tc_rsi_100,2026-08-07,984091,633447,6,773.260009765625,543.27001953125,,
v1_tc_rsi_100,2026-08-10,977637,584242,6,773.030029296875,529.3900146484375,,
v1_tc_rsi_100,2026-08-11,983798,582905,6,770.5599975585938,534.2000122070312,,
v1_tc_rsi_100,2026-08-12,1008791,582905,6,772.489990234375,546.6099853515625,,
v1_tc_rsi_100,2026-08-13,1014512,482025,8,777.8800048828125,550.739990234375,,
v1_tc_rsi_100,2026-08-14,1022011,482025,8,776.3400268554688,550.4199829101562,,
v1_tc_rsi_100,2026-08-17,1027879,482025,8,772.6699829101562,559.1199951171875,,
v1_tc_rsi_100,2026-08-18,1002342,482025,8,767.4500122070312,531.3900146484375,,
v1_tc_rsi_100,2026-08-19,983519,530304,7,769.0599975585938,519.6699829101562,,
v1_tc_rsi_100,2026-08-20,1000746,530304,7,762.5999755859375,522.3499755859375,,
v1_tc_rsi_100,2026-08-21,1003434,530304,7,765.719970703125,520.0499877929688,,
v1_tc_rsi_100,2026-08-24,988287,477774,7,763.469970703125,506.17999267578125,,
v1_tc_rsi_100,2026-08-25,999892,477774,7,765.9099731445312,514.0599975585938,,
v1_tc_rsi_100,2026-08-26,1000628,477774,7,766.0800170898438,515.4000244140625,,
v1_tc_rsi_100,2026-08-27,1011099,427743,7,771.0999755859375,525.4299926757812,,
v1_tc_rsi_100,2026-08-28,992667,427743,7,769.3499755859375,508.6199951171875,,
v1_tc_rsi_100,2026-08-31,989062,427743,7,767.0499877929688,511.0400085449219,,
v1_tc_rsi_100,2026-09-01,984660,427743,7,761.780029296875,500.30999755859375,,
v1_tc_rsi_100,2026-09-02,982798,427743,7,765.1599731445312,501.44000244140625,,
v1_tc_rsi_100,2026-09-03,985457,427743,7,773.1699829101562,502.20001220703125,,
v1_tc_rsi_100,2026-09-04,1004230,427743,7,770.1900024414062,519.8599853515625,,
v1_tc_rsi_100,2026-09-08,1036409,427743,7,765.9600219726562,528.4000244140625,,
v1_tc_rsi_100,2026-09-09,1034768,375923,8,762.4000244140625,532.0,,
v1_tc_rsi_100,2026-09-10,1024162,375923,8,757.8300170898438,517.4299926757812,,
v1_tc_rsi_100,2026-09-11,1040727,324715,8,764.2899780273438,527.0700073242188,,
v1_tc_rsi_100,2026-09-14,975974,557122,5,760.8800048828125,497.3999938964844,,
v1_tc_rsi_100,2026-09-15,977683,557122,5,757.3900146484375,498.8500061035156,,
v1_tc_rsi_100,2026-09-16,989206,508238,6,754.0499877929688,502.05999755859375,,
v1_tc_rsi_100,2026-09-17,995877,260853,8,762.5999755859375,519.0999755859375,,
v1_tc_rsi_100,2026-09-18,1008885,161265,9,761.6900024414062,533.0700073242188,,
v1_tc_rsi_100,2026-09-21,1045780,60377,10,773.5,559.3400268554688,,
v1_tc_rsi_100,2026-09-22,1050571,60377,10,773.3800048828125,572.780029296875,,
v1_tc_rsi_100,2026-09-23,1046456,60377,10,767.8099975585938,565.719970703125,,
v1_tc_rsi_100,2026-09-24,1044257,8054,11,767.1799926757812,566.0700073242188,,
v1_tc_rsi_33r,2026-04-20,1000000,900000,1,706.8988037109375,417.351806640625,,
v1_tc_rsi_33r,2026-04-21,1000502,900000,1,702.2708129882812,420.5003356933594,,
v1_tc_rsi_33r,2026-04-22,1005789,900000,1,709.3825073242188,431.5650634765625,,
v1_tc_rsi_33r,2026-04-23,1003295,783612,3,706.6295776367188,440.7906799316406,,
v1_tc_rsi_33r,2026-04-24,1009610,832708,2,712.10546875,461.38092041015625,,
v1_tc_rsi_33r,2026-04-27,1007757,782228,3,713.332275390625,455.19384765625,,
v1_tc_rsi_33r,2026-04-28,1002719,880903,2,709.8612060546875,438.50177001953125,,
v1_tc_rsi_33r,2026-04-29,1002865,880903,2,709.7515258789062,449.7763977050781,,
v1_tc_rsi_33r,2026-04-30,1003657,880903,2,716.8132934570312,461.2209777832031,,
v1_tc_rsi_33r,2026-05-01,1004248,880903,2,718.7982177734375,465.5289306640625,,
v1_tc_rsi_33r,2026-05-04,1004901,830691,3,716.1649780273438,461.8406982421875,,
v1_tc_rsi_33r,2026-05-05,1001984,830691,3,721.9102172851562,482.5008850097656,,
v1_tc_rsi_33r,2026-05-06,1007589,830691,3,731.9443359375,506.6294250488281,,
v1_tc_rsi_33r,2026-05-07,1004538,830691,3,729.7001342773438,492.12628173828125,,
v1_tc_rsi_33r,2026-05-08,1004889,830691,3,735.724609375,520.0530395507812,,
v1_tc_rsi_33r,2026-05-11,1006834,848168,3,737.4002685546875,532.5071411132812,,
v1_tc_rsi_33r,2026-05-12,1004893,848168,3,736.2831420898438,515.7450561523438,,
v1_tc_rsi_33r,2026-05-13,1002815,894217,2,740.4025268554688,528.0392456054688,,
v1_tc_rsi_33r,2026-05-14,1006174,894217,2,746.2474975585938,529.7784423828125,,
v1_tc_rsi_33r,2026-05-15,1003580,894217,2,737.2706298828125,508.27862548828125,,
v1_tc_rsi_33r,2026-05-18,1002080,894217,2,736.751953125,495.6346435546875,,
v1_tc_rsi_33r,2026-05-19,1002151,894217,2,731.8446044921875,496.50421142578125,,
v1_tc_rsi_33r,2026-05-20,1003403,894217,2,739.3452758789062,520.0630493164062,,
v1_tc_rsi_33r,2026-05-21,1004671,894217,2,740.8114624023438,524.4609985351562,,
v1_tc_rsi_33r,2026-05-22,1004501,894217,2,743.7239990234375,537.0750122070312,,
v1_tc_rsi_33r,2026-05-26,1005674,894217,2,748.6613159179688,569.8194580078125,,
v1_tc_rsi_33r,2026-05-27,1007596,894217,2,748.5316162109375,563.7122802734375,,
v1_tc_rsi_33r,2026-05-28,1007646,894217,2,752.6609497070312,569.19970703125,,
v1_tc_rsi_33r,2026-05-29,1006912,894217,2,754.5361328125,568.8099365234375,,
v1_tc_rsi_33r,2026-06-01,1010016,894217,2,756.5908203125,571.6585083007812,,
v1_tc_rsi_33r,2026-06-02,1013047,894217,2,757.6182250976562,604.7328491210938,,
v1_tc_rsi_33r,2026-06-03,1011867,894217,2,752.3018798828125,615.3877563476562,,
v1_tc_rsi_33r,2026-06-04,1012371,843624,3,755.1445922851562,602.4338989257812,,
v1_tc_rsi_33r,2026-06-05,1005348,793005,3,735.65478515625,539.5138549804688,,
v1_tc_rsi_33r,2026-06-08,1005308,793005,3,737.3204345703125,571.1787719726562,,
v1_tc_rsi_33r,2026-06-09,1004891,890224,2,735.1560668945312,561.8732299804688,,
v1_tc_rsi_33r,2026-06-10,1000551,890224,2,723.56591796875,541.2529907226562,,
v1_tc_rsi_33r,2026-06-11,1002956,590059,5,735.8642578125,586.6514282226562,,
v1_tc_rsi_33r,2026-06-12,1009002,590059,5,739.843994140625,595.9669799804688,,
v1_tc_rsi_33r,2026-06-15,1024402,590059,5,752.890380859375,628.4500122070312,,
v1_tc_rsi_33r,2026-06-16,1023586,590059,5,748.4019775390625,591.239990234375,,
v1_tc_rsi_33r,2026-06-17,1023270,551551,6,739.0560302734375,599.72998046875,,
v1_tc_rsi_33r,2026-06-18,1055147,500387,7,746.739990234375,639.4500122070312,,
v1_tc_rsi_33r,2026-06-22,1055812,447655,7,744.3900146484375,655.010009765625,,
v1_tc_rsi_33r,2026-06-23,1029055,493309,7,733.5800170898438,603.3900146484375,,
v1_tc_rsi_33r,2026-06-24,1028196,544658,6,733.239990234375,601.5,,
v1_tc_rsi_33r,2026-06-25,1016113,639653,5,734.2999877929688,625.2000122070312,,
v1_tc_rsi_33r,2026-06-26,987272,687515,4,728.989990234375,589.9400024414062,,
v1_tc_rsi_33r,2026-06-29,1005295,588788,5,741.0,614.3499755859375,,
v1_tc_rsi_33r,2026-06-30,1023572,538523,6,746.77001953125,640.760009765625,,
v1_tc_rsi_33r,2026-07-01,1013407,487344,6,745.760009765625,599.7000122070312,,
v1_tc_rsi_33r,2026-07-02,1004270,487344,6,744.780029296875,566.3200073242188,,
v1_tc_rsi_33r,2026-07-06,1019517,487344,6,751.280029296875,581.510009765625,,
v1_tc_rsi_33r,2026-07-07,1007519,487344,6,747.7100219726562,551.6900024414062,,
v1_tc_rsi_33r,2026-07-08,1003392,487344,6,745.4000244140625,562.030029296875,,
v1_tc_rsi_33r,2026-07-09,1003933,487344,6,751.7100219726562,581.7000122070312,,
v1_tc_rsi_33r,2026-07-10,1002560,487344,6,754.9500122070312,581.3400268554688,,
v1_tc_rsi_33r,2026-07-13,992427,487344,6,749.1699829101562,553.6099853515625,,
v1_tc_rsi_33r,2026-07-14,1000997,487344,6,751.8300170898438,567.9199829101562,,
v1_tc_rsi_33r,2026-07-15,1006607,487344,6,754.8099975585938,555.27001953125,,
v1_tc_rsi_33r,2026-07-16,990206,574197,5,750.719970703125,530.5,,
v1_tc_rsi_33r,2026-07-17,981431,574197,5,743.2899780273438,521.8099975585938,,
v1_tc_rsi_33r,2026-07-20,986214,574197,5,742.0900268554688,524.1400146484375,,
v1_tc_rsi_33r,2026-07-21,989643,574197,5,748.280029296875,552.6900024414062,,
v1_tc_rsi_33r,2026-07-22,988780,574197,5,747.4099731445312,555.52001953125,,
v1_tc_rsi_33r,2026-07-23,977137,663746,4,738.1799926757812,551.239990234375,,
v1_tc_rsi_33r,2026-07-24,974121,663746,4,738.9299926757812,527.010009765625,,
v1_tc_rsi_33r,2026-07-27,970369,663746,4,739.0900268554688,516.22998046875,,
v1_tc_rsi_33r,2026-07-28,970101,663746,4,740.8599853515625,491.4599914550781,,
v1_tc_rsi_33r,2026-07-29,963735,760174,3,729.4600219726562,465.0,,
v1_tc_rsi_33r,2026-07-30,984572,760174,3,741.6900024414062,504.5299987792969,,
v1_tc_rsi_33r,2026-07-31,988651,752035,4,747.030029296875,504.8900146484375,,
v1_tc_rsi_33r,2026-08-03,990543,700319,5,757.6699829101562,507.67999267578125,,
v1_tc_rsi_33r,2026-08-04,997373,650792,6,771.3300170898438,542.2100219726562,,
v1_tc_rsi_33r,2026-08-05,992419,600923,7,769.7899780273438,530.7000122070312,,
v1_tc_rsi_33r,2026-08-06,996792,600923,7,768.5599975585938,532.52001953125,,
v1_tc_rsi_33r,2026-08-07,1005790,451403,9,773.260009765625,543.27001953125,,
v1_tc_rsi_33r,2026-08-10,1000143,401113,9,773.030029296875,529.3900146484375,,
v1_tc_rsi_33r,2026-08-11,1007696,399639,9,770.5599975585938,534.2000122070312,,
v1_tc_rsi_33r,2026-08-12,1032264,399639,9,772.489990234375,546.6099853515625,,
v1_tc_rsi_33r,2026-08-13,1039471,296413,11,777.8800048828125,550.739990234375,,
v1_tc_rsi_33r,2026-08-14,1046375,296413,11,776.3400268554688,550.4199829101562,,
v1_tc_rsi_33r,2026-08-17,1050782,296413,11,772.6699829101562,559.1199951171875,,
v1_tc_rsi_33r,2026-08-18,1021204,296413,11,767.4500122070312,531.3900146484375,,
v1_tc_rsi_33r,2026-08-19,1002217,345815,10,769.0599975585938,519.6699829101562,,
v1_tc_rsi_33r,2026-08-20,1020132,345815,10,762.5999755859375,522.3499755859375,,
v1_tc_rsi_33r,2026-08-21,1023993,345815,10,765.719970703125,520.0499877929688,,
v1_tc_rsi_33r,2026-08-24,1007666,292339,10,763.469970703125,506.17999267578125,,
v1_tc_rsi_33r,2026-08-25,1022197,292339,10,765.9099731445312,514.0599975585938,,
v1_tc_rsi_33r,2026-08-26,1023814,292339,10,766.0800170898438,515.4000244140625,,
v1_tc_rsi_33r,2026-08-27,1037172,241148,10,771.0999755859375,525.4299926757812,,
v1_tc_rsi_33r,2026-08-28,1018321,241148,10,769.3499755859375,508.6199951171875,,
v1_tc_rsi_33r,2026-08-31,1013501,241148,10,767.0499877929688,511.0400085449219,,
v1_tc_rsi_33r,2026-09-01,1007587,241148,10,761.780029296875,500.30999755859375,,
v1_tc_rsi_33r,2026-09-02,1005674,241148,10,765.1599731445312,501.44000244140625,,
v1_tc_rsi_33r,2026-09-03,1011199,241148,10,773.1699829101562,502.20001220703125,,
v1_tc_rsi_33r,2026-09-04,1031132,241148,10,770.1900024414062,519.8599853515625,,
v1_tc_rsi_33r,2026-09-08,1064191,241148,10,765.9600219726562,528.4000244140625,,
v1_tc_rsi_33r,2026-09-09,1061097,187938,11,762.4000244140625,532.0,,
v1_tc_rsi_33r,2026-09-10,1049146,187938,11,757.8300170898438,517.4299926757812,,
v1_tc_rsi_33r,2026-09-11,1067692,135481,11,764.2899780273438,527.0700073242188,,
v1_tc_rsi_33r,2026-09-14,1000911,373076,8,760.8800048828125,497.3999938964844,,
v1_tc_rsi_33r,2026-09-15,999400,373076,8,757.3900146484375,498.8500061035156,,
v1_tc_rsi_33r,2026-09-16,1010763,323106,9,754.0499877929688,502.05999755859375,,
v1_tc_rsi_33r,2026-09-17,1021176,70330,11,762.5999755859375,519.0999755859375,,
v1_tc_rsi_33r,2026-09-18,1034694,36631,11,761.6900024414062,533.0700073242188,,
v1_tc_rsi_33r,2026-09-21,1074339,2486,11,773.5,559.3400268554688,,
v1_tc_rsi_33r,2026-09-22,1079768,2486,11,773.3800048828125,572.780029296875,,
v1_tc_rsi_33r,2026-09-23,1075060,2486,11,767.8099975585938,565.719970703125,,
v1_tc_rsi_33r,2026-09-24,1072651,2486,11,767.1799926757812,566.0700073242188,,
v1_tc_rsi_33s,2026-04-20,1000000,900000,1,706.8988037109375,417.351806640625,,
v1_tc_rsi_33s,2026-04-21,1000502,900000,1,702.2708129882812,420.5003356933594,,
v1_tc_rsi_33s,2026-04-22,1005789,900000,1,709.3825073242188,431.5650634765625,,
v1_tc_rsi_33s,2026-04-23,1003295,783612,3,706.6295776367188,440.7906799316406,,
v1_tc_rsi_33s,2026-04-24,1009610,832708,2,712.10546875,461.38092041015625,,
v1_tc_rsi_33s,2026-04-27,1007757,782228,3,713.332275390625,455.19384765625,,
v1_tc_rsi_33s,2026-04-28,1002719,880903,2,709.8612060546875,438.50177001953125,,
v1_tc_rsi_33s,2026-04-29,1002865,880903,2,709.7515258789062,449.7763977050781,,
v1_tc_rsi_33s,2026-04-30,1003657,880903,2,716.8132934570312,461.2209777832031,,
v1_tc_rsi_33s,2026-05-01,1004248,880903,2,718.7982177734375,465.5289306640625,,
v1_tc_rsi_33s,2026-05-04,1004901,830691,3,716.1649780273438,461.8406982421875,,
v1_tc_rsi_33s,2026-05-05,1001984,830691,3,721.9102172851562,482.5008850097656,,
v1_tc_rsi_33s,2026-05-06,1007589,830691,3,731.9443359375,506.6294250488281,,
v1_tc_rsi_33s,2026-05-07,1004538,830691,3,729.7001342773438,492.12628173828125,,
v1_tc_rsi_33s,2026-05-08,1004889,830691,3,735.724609375,520.0530395507812,,
v1_tc_rsi_33s,2026-05-11,1006834,848168,3,737.4002685546875,532.5071411132812,,
v1_tc_rsi_33s,2026-05-12,1004893,848168,3,736.2831420898438,515.7450561523438,,
v1_tc_rsi_33s,2026-05-13,1002815,894217,2,740.4025268554688,528.0392456054688,,
v1_tc_rsi_33s,2026-05-14,1006174,894217,2,746.2474975585938,529.7784423828125,,
v1_tc_rsi_33s,2026-05-15,1003580,894217,2,737.2706298828125,508.27862548828125,,
v1_tc_rsi_33s,2026-05-18,1002080,894217,2,736.751953125,495.6346435546875,,
v1_tc_rsi_33s,2026-05-19,1002151,894217,2,731.8446044921875,496.50421142578125,,
v1_tc_rsi_33s,2026-05-20,1003403,894217,2,739.3452758789062,520.0630493164062,,
v1_tc_rsi_33s,2026-05-21,1004671,894217,2,740.8114624023438,524.4609985351562,,
v1_tc_rsi_33s,2026-05-22,1004501,894217,2,743.7239990234375,537.0750122070312,,
v1_tc_rsi_33s,2026-05-26,1005674,894217,2,748.6613159179688,569.8194580078125,,
v1_tc_rsi_33s,2026-05-27,1007596,894217,2,748.5316162109375,563.7122802734375,,
v1_tc_rsi_33s,2026-05-28,1007646,894217,2,752.6609497070312,569.19970703125,,
v1_tc_rsi_33s,2026-05-29,1006912,894217,2,754.5361328125,568.8099365234375,,
v1_tc_rsi_33s,2026-06-01,1010016,894217,2,756.5908203125,571.6585083007812,,
v1_tc_rsi_33s,2026-06-02,1013047,894217,2,757.6182250976562,604.7328491210938,,
v1_tc_rsi_33s,2026-06-03,1011867,894217,2,752.3018798828125,615.3877563476562,,
v1_tc_rsi_33s,2026-06-04,1012371,843624,3,755.1445922851562,602.4338989257812,,
v1_tc_rsi_33s,2026-06-05,1005348,793005,3,735.65478515625,539.5138549804688,,
v1_tc_rsi_33s,2026-06-08,1005308,793005,3,737.3204345703125,571.1787719726562,,
v1_tc_rsi_33s,2026-06-09,1004891,890224,2,735.1560668945312,561.8732299804688,,
v1_tc_rsi_33s,2026-06-10,1000551,890224,2,723.56591796875,541.2529907226562,,
v1_tc_rsi_33s,2026-06-11,1002956,590059,5,735.8642578125,586.6514282226562,,
v1_tc_rsi_33s,2026-06-12,1009002,590059,5,739.843994140625,595.9669799804688,,
v1_tc_rsi_33s,2026-06-15,1024402,590059,5,752.890380859375,628.4500122070312,,
v1_tc_rsi_33s,2026-06-16,1023586,590059,5,748.4019775390625,591.239990234375,,
v1_tc_rsi_33s,2026-06-17,1023270,551551,6,739.0560302734375,599.72998046875,,
v1_tc_rsi_33s,2026-06-18,1055147,500387,7,746.739990234375,639.4500122070312,,
v1_tc_rsi_33s,2026-06-22,1055812,447655,7,744.3900146484375,655.010009765625,,
v1_tc_rsi_33s,2026-06-23,1029055,493309,7,733.5800170898438,603.3900146484375,,
v1_tc_rsi_33s,2026-06-24,1028196,544658,6,733.239990234375,601.5,,
v1_tc_rsi_33s,2026-06-25,1016113,639653,5,734.2999877929688,625.2000122070312,,
v1_tc_rsi_33s,2026-06-26,987272,687515,4,728.989990234375,589.9400024414062,,
v1_tc_rsi_33s,2026-06-29,1005295,588788,5,741.0,614.3499755859375,,
v1_tc_rsi_33s,2026-06-30,1023572,538523,6,746.77001953125,640.760009765625,,
v1_tc_rsi_33s,2026-07-01,1013407,487344,6,745.760009765625,599.7000122070312,,
v1_tc_rsi_33s,2026-07-02,1004270,487344,6,744.780029296875,566.3200073242188,,
v1_tc_rsi_33s,2026-07-06,1019517,487344,6,751.280029296875,581.510009765625,,
v1_tc_rsi_33s,2026-07-07,1007519,487344,6,747.7100219726562,551.6900024414062,,
v1_tc_rsi_33s,2026-07-08,1003392,487344,6,745.4000244140625,562.030029296875,,
v1_tc_rsi_33s,2026-07-09,1003933,487344,6,751.7100219726562,581.7000122070312,,
v1_tc_rsi_33s,2026-07-10,1002560,487344,6,754.9500122070312,581.3400268554688,,
v1_tc_rsi_33s,2026-07-13,992427,487344,6,749.1699829101562,553.6099853515625,,
v1_tc_rsi_33s,2026-07-14,1000997,487344,6,751.8300170898438,567.9199829101562,,
v1_tc_rsi_33s,2026-07-15,1006607,487344,6,754.8099975585938,555.27001953125,,
v1_tc_rsi_33s,2026-07-16,990206,574197,5,750.719970703125,530.5,,
v1_tc_rsi_33s,2026-07-17,981431,574197,5,743.2899780273438,521.8099975585938,,
v1_tc_rsi_33s,2026-07-20,986214,574197,5,742.0900268554688,524.1400146484375,,
v1_tc_rsi_33s,2026-07-21,989643,574197,5,748.280029296875,552.6900024414062,,
v1_tc_rsi_33s,2026-07-22,988780,574197,5,747.4099731445312,555.52001953125,,
v1_tc_rsi_33s,2026-07-23,977137,663746,4,738.1799926757812,551.239990234375,,
v1_tc_rsi_33s,2026-07-24,974121,663746,4,738.9299926757812,527.010009765625,,
v1_tc_rsi_33s,2026-07-27,970369,663746,4,739.0900268554688,516.22998046875,,
v1_tc_rsi_33s,2026-07-28,970101,663746,4,740.8599853515625,491.4599914550781,,
v1_tc_rsi_33s,2026-07-29,963735,760174,3,729.4600219726562,465.0,,
v1_tc_rsi_33s,2026-07-30,984572,760174,3,741.6900024414062,504.5299987792969,,
v1_tc_rsi_33s,2026-07-31,988651,752035,4,747.030029296875,504.8900146484375,,
v1_tc_rsi_33s,2026-08-03,990543,700319,5,757.6699829101562,507.67999267578125,,
v1_tc_rsi_33s,2026-08-04,997373,650792,6,771.3300170898438,542.2100219726562,,
v1_tc_rsi_33s,2026-08-05,992419,600923,7,769.7899780273438,530.7000122070312,,
v1_tc_rsi_33s,2026-08-06,996792,600923,7,768.5599975585938,532.52001953125,,
v1_tc_rsi_33s,2026-08-07,1005790,451403,9,773.260009765625,543.27001953125,,
v1_tc_rsi_33s,2026-08-10,1000143,401113,9,773.030029296875,529.3900146484375,,
v1_tc_rsi_33s,2026-08-11,1007696,399639,9,770.5599975585938,534.2000122070312,,
v1_tc_rsi_33s,2026-08-12,1032264,399639,9,772.489990234375,546.6099853515625,,
v1_tc_rsi_33s,2026-08-13,1039471,296413,11,777.8800048828125,550.739990234375,,
v1_tc_rsi_33s,2026-08-14,1046375,296413,11,776.3400268554688,550.4199829101562,,
v1_tc_rsi_33s,2026-08-17,1050782,296413,11,772.6699829101562,559.1199951171875,,
v1_tc_rsi_33s,2026-08-18,1021204,296413,11,767.4500122070312,531.3900146484375,,
v1_tc_rsi_33s,2026-08-19,1002217,345815,10,769.0599975585938,519.6699829101562,,
v1_tc_rsi_33s,2026-08-20,1020132,345815,10,762.5999755859375,522.3499755859375,,
v1_tc_rsi_33s,2026-08-21,1023993,345815,10,765.719970703125,520.0499877929688,,
v1_tc_rsi_33s,2026-08-24,1007666,292339,10,763.469970703125,506.17999267578125,,
v1_tc_rsi_33s,2026-08-25,1022197,292339,10,765.9099731445312,514.0599975585938,,
v1_tc_rsi_33s,2026-08-26,1023814,292339,10,766.0800170898438,515.4000244140625,,
v1_tc_rsi_33s,2026-08-27,1037172,241148,10,771.0999755859375,525.4299926757812,,
v1_tc_rsi_33s,2026-08-28,1018321,241148,10,769.3499755859375,508.6199951171875,,
v1_tc_rsi_33s,2026-08-31,1013501,241148,10,767.0499877929688,511.0400085449219,,
v1_tc_rsi_33s,2026-09-01,1007587,241148,10,761.780029296875,500.30999755859375,,
v1_tc_rsi_33s,2026-09-02,1005674,241148,10,765.1599731445312,501.44000244140625,,
v1_tc_rsi_33s,2026-09-03,1011199,241148,10,773.1699829101562,502.20001220703125,,
v1_tc_rsi_33s,2026-09-04,1031132,241148,10,770.1900024414062,519.8599853515625,,
v1_tc_rsi_33s,2026-09-08,1064191,241148,10,765.9600219726562,528.4000244140625,,
v1_tc_rsi_33s,2026-09-09,1061097,187938,11,762.4000244140625,532.0,,
v1_tc_rsi_33s,2026-09-10,1049146,187938,11,757.8300170898438,517.4299926757812,,
v1_tc_rsi_33s,2026-09-11,1067692,135481,11,764.2899780273438,527.0700073242188,,
v1_tc_rsi_33s,2026-09-14,1000911,373076,8,760.8800048828125,497.3999938964844,,
v1_tc_rsi_33s,2026-09-15,999400,373076,8,757.3900146484375,498.8500061035156,,
v1_tc_rsi_33s,2026-09-16,1010763,323106,9,754.0499877929688,502.05999755859375,,
v1_tc_rsi_33s,2026-09-17,1021176,70330,11,762.5999755859375,519.0999755859375,,
v1_tc_rsi_33s,2026-09-18,1034694,70330,11,761.6900024414062,533.0700073242188,,
v1_tc_rsi_33s,2026-09-21,1073528,70330,11,773.5,559.3400268554688,,
v1_tc_rsi_33s,2026-09-22,1078671,70330,11,773.3800048828125,572.780029296875,,
v1_tc_rsi_33s,2026-09-23,1074207,70330,11,767.8099975585938,565.719970703125,,
v1_tc_rsi_33s,2026-09-24,1071625,16620,12,767.1799926757812,566.0700073242188,,
v1_tc_rsi_50r,2026-04-20,1000000,900000,1,706.8988037109375,417.351806640625,,
v1_tc_rsi_50r,2026-04-21,1000502,900000,1,702.2708129882812,420.5003356933594,,
v1_tc_rsi_50r,2026-04-22,1005789,900000,1,709.3825073242188,431.5650634765625,,
v1_tc_rsi_50r,2026-04-23,1003295,801374,3,706.6295776367188,440.7906799316406,,
v1_tc_rsi_50r,2026-04-24,1008691,850470,2,712.10546875,461.38092041015625,,
v1_tc_rsi_50r,2026-04-27,1006721,800035,3,713.332275390625,455.19384765625,,
v1_tc_rsi_50r,2026-04-28,1002269,898710,2,709.8612060546875,438.50177001953125,,
v1_tc_rsi_50r,2026-04-29,1002347,898710,2,709.7515258789062,449.7763977050781,,
v1_tc_rsi_50r,2026-04-30,1003035,898710,2,716.8132934570312,461.2209777832031,,
v1_tc_rsi_50r,2026-05-01,1003551,898710,2,718.7982177734375,465.5289306640625,,
v1_tc_rsi_50r,2026-05-04,1004021,848532,3,716.1649780273438,461.8406982421875,,
v1_tc_rsi_50r,2026-05-05,1001441,848532,3,721.9102172851562,482.5008850097656,,
v1_tc_rsi_50r,2026-05-06,1005879,848532,3,731.9443359375,506.6294250488281,,
v1_tc_rsi_50r,2026-05-07,1003078,848532,3,729.7001342773438,492.12628173828125,,
v1_tc_rsi_50r,2026-05-08,1003544,848532,3,735.724609375,520.0530395507812,,
v1_tc_rsi_50r,2026-05-11,1005948,874988,3,737.4002685546875,532.5071411132812,,
v1_tc_rsi_50r,2026-05-12,1004421,874988,3,736.2831420898438,515.7450561523438,,
v1_tc_rsi_50r,2026-05-13,1002026,921006,2,740.4025268554688,528.0392456054688,,
v1_tc_rsi_50r,2026-05-14,1004532,921006,2,746.2474975585938,529.7784423828125,,
v1_tc_rsi_50r,2026-05-15,1002596,921006,2,737.2706298828125,508.27862548828125,,
v1_tc_rsi_50r,2026-05-18,1001477,921006,2,736.751953125,495.6346435546875,,
v1_tc_rsi_50r,2026-05-19,1001529,921006,2,731.8446044921875,496.50421142578125,,
v1_tc_rsi_50r,2026-05-20,1002465,921006,2,739.3452758789062,520.0630493164062,,
v1_tc_rsi_50r,2026-05-21,1003411,921006,2,740.8114624023438,524.4609985351562,,
v1_tc_rsi_50r,2026-05-22,1003283,921006,2,743.7239990234375,537.0750122070312,,
v1_tc_rsi_50r,2026-05-26,1004159,921006,2,748.6613159179688,569.8194580078125,,
v1_tc_rsi_50r,2026-05-27,1005593,921006,2,748.5316162109375,563.7122802734375,,
v1_tc_rsi_50r,2026-05-28,1005631,921006,2,752.6609497070312,569.19970703125,,
v1_tc_rsi_50r,2026-05-29,1005083,921006,2,754.5361328125,568.8099365234375,,
v1_tc_rsi_50r,2026-06-01,1007399,921006,2,756.5908203125,571.6585083007812,,
v1_tc_rsi_50r,2026-06-02,1009660,921006,2,757.6182250976562,604.7328491210938,,
v1_tc_rsi_50r,2026-06-03,1008779,921006,2,752.3018798828125,615.3877563476562,,
v1_tc_rsi_50r,2026-06-04,1009132,870567,3,755.1445922851562,602.4338989257812,,
v1_tc_rsi_50r,2026-06-05,1003531,820110,3,735.65478515625,539.5138549804688,,
v1_tc_rsi_50r,2026-06-08,1003206,820110,3,737.3204345703125,571.1787719726562,,
v1_tc_rsi_50r,2026-06-09,1002573,917025,2,735.1560668945312,561.8732299804688,,
v1_tc_rsi_50r,2026-06-10,999335,917025,2,723.56591796875,541.2529907226562,,
v1_tc_rsi_50r,2026-06-11,1001085,617223,5,735.8642578125,586.6514282226562,,
v1_tc_rsi_50r,2026-06-12,1006900,617223,5,739.843994140625,595.9669799804688,,
v1_tc_rsi_50r,2026-06-15,1021370,617223,5,752.890380859375,628.4500122070312,,
v1_tc_rsi_50r,2026-06-16,1021071,617223,5,748.4019775390625,591.239990234375,,
v1_tc_rsi_50r,2026-06-17,1020344,580483,6,739.0560302734375,599.72998046875,,
v1_tc_rsi_50r,2026-06-18,1050633,529466,7,746.739990234375,639.4500122070312,,
v1_tc_rsi_50r,2026-06-22,1051118,476949,7,744.3900146484375,655.010009765625,,
v1_tc_rsi_50r,2026-06-23,1025831,522493,7,733.5800170898438,603.3900146484375,,
v1_tc_rsi_50r,2026-06-24,1024855,573613,6,733.239990234375,601.5,,
v1_tc_rsi_50r,2026-06-25,1013068,668493,5,734.2999877929688,625.2000122070312,,
v1_tc_rsi_50r,2026-06-26,984421,716238,4,728.989990234375,589.9400024414062,,
v1_tc_rsi_50r,2026-06-29,1001337,617796,5,741.0,614.3499755859375,,
v1_tc_rsi_50r,2026-06-30,1018568,567729,6,746.77001953125,640.760009765625,,
v1_tc_rsi_50r,2026-07-01,1010033,516801,6,745.760009765625,599.7000122070312,,
v1_tc_rsi_50r,2026-07-02,1001193,516801,6,744.780029296875,566.3200073242188,,
v1_tc_rsi_50r,2026-07-06,1015390,516801,6,751.280029296875,581.510009765625,,
v1_tc_rsi_50r,2026-07-07,1003909,516801,6,747.7100219726562,551.6900024414062,,
v1_tc_rsi_50r,2026-07-08,999395,516801,6,745.4000244140625,562.030029296875,,
v1_tc_rsi_50r,2026-07-09,999698,516801,6,751.7100219726562,581.7000122070312,,
v1_tc_rsi_50r,2026-07-10,998387,516801,6,754.9500122070312,581.3400268554688,,
v1_tc_rsi_50r,2026-07-13,988829,516801,6,749.1699829101562,553.6099853515625,,
v1_tc_rsi_50r,2026-07-14,997278,516801,6,751.8300170898438,567.9199829101562,,
v1_tc_rsi_50r,2026-07-15,1002662,516801,6,754.8099975585938,555.27001953125,,
v1_tc_rsi_50r,2026-07-16,986518,603549,5,750.719970703125,530.5,,
v1_tc_rsi_50r,2026-07-17,978408,603549,5,743.2899780273438,521.8099975585938,,
v1_tc_rsi_50r,2026-07-20,982956,603549,5,742.0900268554688,524.1400146484375,,
v1_tc_rsi_50r,2026-07-21,985360,603549,5,748.280029296875,552.6900024414062,,
v1_tc_rsi_50r,2026-07-22,984421,603549,5,747.4099731445312,555.52001953125,,
v1_tc_rsi_50r,2026-07-23,973183,692990,4,738.1799926757812,551.239990234375,,
v1_tc_rsi_50r,2026-07-24,970667,692990,4,738.9299926757812,527.010009765625,,
v1_tc_rsi_50r,2026-07-27,966994,692990,4,739.0900268554688,516.22998046875,,
v1_tc_rsi_50r,2026-07-28,967222,692990,4,740.8599853515625,491.4599914550781,,
v1_tc_rsi_50r,2026-07-29,961315,789140,3,729.4600219726562,465.0,,
v1_tc_rsi_50r,2026-07-30,981019,789140,3,741.6900024414062,504.5299987792969,,
v1_tc_rsi_50r,2026-07-31,984993,802071,4,747.030029296875,504.8900146484375,,
v1_tc_rsi_50r,2026-08-03,985862,750550,5,757.6699829101562,507.67999267578125,,
v1_tc_rsi_50r,2026-08-04,992002,701257,6,771.3300170898438,542.2100219726562,,
v1_tc_rsi_50r,2026-08-05,987496,651657,7,769.7899780273438,530.7000122070312,,
v1_tc_rsi_50r,2026-08-06,990767,651657,7,768.5599975585938,532.52001953125,,
v1_tc_rsi_50r,2026-08-07,999226,503043,9,773.260009765625,543.27001953125,,
v1_tc_rsi_50r,2026-08-10,993354,453082,9,773.030029296875,529.3900146484375,,
v1_tc_rsi_50r,2026-08-11,1000349,451653,9,770.5599975585938,534.2000122070312,,
v1_tc_rsi_50r,2026-08-12,1025037,451653,9,772.489990234375,546.6099853515625,,
v1_tc_rsi_50r,2026-08-13,1031801,349149,11,777.8800048828125,550.739990234375,,
v1_tc_rsi_50r,2026-08-14,1038796,349149,11,776.3400268554688,550.4199829101562,,
v1_tc_rsi_50r,2026-08-17,1043524,349149,11,772.6699829101562,559.1199951171875,,
v1_tc_rsi_50r,2026-08-18,1015106,349149,11,767.4500122070312,531.3900146484375,,
v1_tc_rsi_50r,2026-08-19,996181,398205,10,769.0599975585938,519.6699829101562,,
v1_tc_rsi_50r,2026-08-20,1013904,398205,10,762.5999755859375,522.3499755859375,,
v1_tc_rsi_50r,2026-08-21,1017427,398205,10,765.719970703125,520.0499877929688,,
v1_tc_rsi_50r,2026-08-24,1001410,345044,10,763.469970703125,506.17999267578125,,
v1_tc_rsi_50r,2026-08-25,1015076,345044,10,765.9099731445312,514.0599975585938,,
v1_tc_rsi_50r,2026-08-26,1016468,345044,10,766.0800170898438,515.4000244140625,,
v1_tc_rsi_50r,2026-08-27,1029201,294221,10,771.0999755859375,525.4299926757812,,
v1_tc_rsi_50r,2026-08-28,1010431,294221,10,769.3499755859375,508.6199951171875,,
v1_tc_rsi_50r,2026-08-31,1005856,294221,10,767.0499877929688,511.0400085449219,,
v1_tc_rsi_50r,2026-09-01,1000349,294221,10,761.780029296875,500.30999755859375,,
v1_tc_rsi_50r,2026-09-02,998363,294221,10,765.1599731445312,501.44000244140625,,
v1_tc_rsi_50r,2026-09-03,1003127,294221,10,773.1699829101562,502.20001220703125,,
v1_tc_rsi_50r,2026-09-04,1022660,294221,10,770.1900024414062,519.8599853515625,,
v1_tc_rsi_50r,2026-09-08,1055574,294221,10,765.9600219726562,528.4000244140625,,
v1_tc_rsi_50r,2026-09-09,1052919,241442,11,762.4000244140625,532.0,,
v1_tc_rsi_50r,2026-09-10,1041310,241442,11,757.8300170898438,517.4299926757812,,
v1_tc_rsi_50r,2026-09-11,1059309,189376,11,764.2899780273438,527.0700073242188,,
v1_tc_rsi_50r,2026-09-14,993054,425346,8,760.8800048828125,497.3999938964844,,
v1_tc_rsi_50r,2026-09-15,992548,425346,8,757.3900146484375,498.8500061035156,,
v1_tc_rsi_50r,2026-09-16,1003924,375719,9,754.0499877929688,502.05999755859375,,
v1_tc_rsi_50r,2026-09-17,1013379,124654,11,762.5999755859375,519.0999755859375,,
v1_tc_rsi_50r,2026-09-18,1026725,73985,11,761.6900024414062,533.0700073242188,,
v1_tc_rsi_50r,2026-09-21,1065574,22649,11,773.5,559.3400268554688,,
v1_tc_rsi_50r,2026-09-22,1070746,22649,11,773.3800048828125,572.780029296875,,
v1_tc_rsi_50r,2026-09-23,1066283,22649,11,767.8099975585938,565.719970703125,,
v1_tc_rsi_50r,2026-09-24,1063968,0,12,767.1799926757812,566.0700073242188,,
v1_tc_rsi_50s,2026-04-20,1000000,900000,1,706.8988037109375,417.351806640625,,
v1_tc_rsi_50s,2026-04-21,1000502,900000,1,702.2708129882812,420.5003356933594,,
v1_tc_rsi_50s,2026-04-22,1005789,900000,1,709.3825073242188,431.5650634765625,,
v1_tc_rsi_50s,2026-04-23,1003295,801374,3,706.6295776367188,440.7906799316406,,
v1_tc_rsi_50s,2026-04-24,1008691,850470,2,712.10546875,461.38092041015625,,
v1_tc_rsi_50s,2026-04-27,1006721,800035,3,713.332275390625,455.19384765625,,
v1_tc_rsi_50s,2026-04-28,1002269,898710,2,709.8612060546875,438.50177001953125,,
v1_tc_rsi_50s,2026-04-29,1002347,898710,2,709.7515258789062,449.7763977050781,,
v1_tc_rsi_50s,2026-04-30,1003035,898710,2,716.8132934570312,461.2209777832031,,
v1_tc_rsi_50s,2026-05-01,1003551,898710,2,718.7982177734375,465.5289306640625,,
v1_tc_rsi_50s,2026-05-04,1004021,848532,3,716.1649780273438,461.8406982421875,,
v1_tc_rsi_50s,2026-05-05,1001441,848532,3,721.9102172851562,482.5008850097656,,
v1_tc_rsi_50s,2026-05-06,1005879,848532,3,731.9443359375,506.6294250488281,,
v1_tc_rsi_50s,2026-05-07,1003078,848532,3,729.7001342773438,492.12628173828125,,
v1_tc_rsi_50s,2026-05-08,1003544,848532,3,735.724609375,520.0530395507812,,
v1_tc_rsi_50s,2026-05-11,1005948,874988,3,737.4002685546875,532.5071411132812,,
v1_tc_rsi_50s,2026-05-12,1004421,874988,3,736.2831420898438,515.7450561523438,,
v1_tc_rsi_50s,2026-05-13,1002026,921006,2,740.4025268554688,528.0392456054688,,
v1_tc_rsi_50s,2026-05-14,1004532,921006,2,746.2474975585938,529.7784423828125,,
v1_tc_rsi_50s,2026-05-15,1002596,921006,2,737.2706298828125,508.27862548828125,,
v1_tc_rsi_50s,2026-05-18,1001477,921006,2,736.751953125,495.6346435546875,,
v1_tc_rsi_50s,2026-05-19,1001529,921006,2,731.8446044921875,496.50421142578125,,
v1_tc_rsi_50s,2026-05-20,1002465,921006,2,739.3452758789062,520.0630493164062,,
v1_tc_rsi_50s,2026-05-21,1003411,921006,2,740.8114624023438,524.4609985351562,,
v1_tc_rsi_50s,2026-05-22,1003283,921006,2,743.7239990234375,537.0750122070312,,
v1_tc_rsi_50s,2026-05-26,1004159,921006,2,748.6613159179688,569.8194580078125,,
v1_tc_rsi_50s,2026-05-27,1005593,921006,2,748.5316162109375,563.7122802734375,,
v1_tc_rsi_50s,2026-05-28,1005631,921006,2,752.6609497070312,569.19970703125,,
v1_tc_rsi_50s,2026-05-29,1005083,921006,2,754.5361328125,568.8099365234375,,
v1_tc_rsi_50s,2026-06-01,1007399,921006,2,756.5908203125,571.6585083007812,,
v1_tc_rsi_50s,2026-06-02,1009660,921006,2,757.6182250976562,604.7328491210938,,
v1_tc_rsi_50s,2026-06-03,1008779,921006,2,752.3018798828125,615.3877563476562,,
v1_tc_rsi_50s,2026-06-04,1009132,870567,3,755.1445922851562,602.4338989257812,,
v1_tc_rsi_50s,2026-06-05,1003531,820110,3,735.65478515625,539.5138549804688,,
v1_tc_rsi_50s,2026-06-08,1003206,820110,3,737.3204345703125,571.1787719726562,,
v1_tc_rsi_50s,2026-06-09,1002573,917025,2,735.1560668945312,561.8732299804688,,
v1_tc_rsi_50s,2026-06-10,999335,917025,2,723.56591796875,541.2529907226562,,
v1_tc_rsi_50s,2026-06-11,1001085,617223,5,735.8642578125,586.6514282226562,,
v1_tc_rsi_50s,2026-06-12,1006900,617223,5,739.843994140625,595.9669799804688,,
v1_tc_rsi_50s,2026-06-15,1021370,617223,5,752.890380859375,628.4500122070312,,
v1_tc_rsi_50s,2026-06-16,1021071,617223,5,748.4019775390625,591.239990234375,,
v1_tc_rsi_50s,2026-06-17,1020344,580483,6,739.0560302734375,599.72998046875,,
v1_tc_rsi_50s,2026-06-18,1050633,529466,7,746.739990234375,639.4500122070312,,
v1_tc_rsi_50s,2026-06-22,1051118,476949,7,744.3900146484375,655.010009765625,,
v1_tc_rsi_50s,2026-06-23,1025831,522493,7,733.5800170898438,603.3900146484375,,
v1_tc_rsi_50s,2026-06-24,1024855,573613,6,733.239990234375,601.5,,
v1_tc_rsi_50s,2026-06-25,1013068,668493,5,734.2999877929688,625.2000122070312,,
v1_tc_rsi_50s,2026-06-26,984421,716238,4,728.989990234375,589.9400024414062,,
v1_tc_rsi_50s,2026-06-29,1001337,617796,5,741.0,614.3499755859375,,
v1_tc_rsi_50s,2026-06-30,1018568,567729,6,746.77001953125,640.760009765625,,
v1_tc_rsi_50s,2026-07-01,1010033,516801,6,745.760009765625,599.7000122070312,,
v1_tc_rsi_50s,2026-07-02,1001193,516801,6,744.780029296875,566.3200073242188,,
v1_tc_rsi_50s,2026-07-06,1015390,516801,6,751.280029296875,581.510009765625,,
v1_tc_rsi_50s,2026-07-07,1003909,516801,6,747.7100219726562,551.6900024414062,,
v1_tc_rsi_50s,2026-07-08,999395,516801,6,745.4000244140625,562.030029296875,,
v1_tc_rsi_50s,2026-07-09,999698,516801,6,751.7100219726562,581.7000122070312,,
v1_tc_rsi_50s,2026-07-10,998387,516801,6,754.9500122070312,581.3400268554688,,
v1_tc_rsi_50s,2026-07-13,988829,516801,6,749.1699829101562,553.6099853515625,,
v1_tc_rsi_50s,2026-07-14,997278,516801,6,751.8300170898438,567.9199829101562,,
v1_tc_rsi_50s,2026-07-15,1002662,516801,6,754.8099975585938,555.27001953125,,
v1_tc_rsi_50s,2026-07-16,986518,603549,5,750.719970703125,530.5,,
v1_tc_rsi_50s,2026-07-17,978408,603549,5,743.2899780273438,521.8099975585938,,
v1_tc_rsi_50s,2026-07-20,982956,603549,5,742.0900268554688,524.1400146484375,,
v1_tc_rsi_50s,2026-07-21,985360,603549,5,748.280029296875,552.6900024414062,,
v1_tc_rsi_50s,2026-07-22,984421,603549,5,747.4099731445312,555.52001953125,,
v1_tc_rsi_50s,2026-07-23,973183,692990,4,738.1799926757812,551.239990234375,,
v1_tc_rsi_50s,2026-07-24,970667,692990,4,738.9299926757812,527.010009765625,,
v1_tc_rsi_50s,2026-07-27,966994,692990,4,739.0900268554688,516.22998046875,,
v1_tc_rsi_50s,2026-07-28,967222,692990,4,740.8599853515625,491.4599914550781,,
v1_tc_rsi_50s,2026-07-29,961315,789140,3,729.4600219726562,465.0,,
v1_tc_rsi_50s,2026-07-30,981019,789140,3,741.6900024414062,504.5299987792969,,
v1_tc_rsi_50s,2026-07-31,984993,802071,4,747.030029296875,504.8900146484375,,
v1_tc_rsi_50s,2026-08-03,985862,750550,5,757.6699829101562,507.67999267578125,,
v1_tc_rsi_50s,2026-08-04,992002,701257,6,771.3300170898438,542.2100219726562,,
v1_tc_rsi_50s,2026-08-05,987496,651657,7,769.7899780273438,530.7000122070312,,
v1_tc_rsi_50s,2026-08-06,990767,651657,7,768.5599975585938,532.52001953125,,
v1_tc_rsi_50s,2026-08-07,999226,503043,9,773.260009765625,543.27001953125,,
v1_tc_rsi_50s,2026-08-10,993354,453082,9,773.030029296875,529.3900146484375,,
v1_tc_rsi_50s,2026-08-11,1000349,451653,9,770.5599975585938,534.2000122070312,,
v1_tc_rsi_50s,2026-08-12,1025037,451653,9,772.489990234375,546.6099853515625,,
v1_tc_rsi_50s,2026-08-13,1031801,349149,11,777.8800048828125,550.739990234375,,
v1_tc_rsi_50s,2026-08-14,1038796,349149,11,776.3400268554688,550.4199829101562,,
v1_tc_rsi_50s,2026-08-17,1043524,349149,11,772.6699829101562,559.1199951171875,,
v1_tc_rsi_50s,2026-08-18,1015106,349149,11,767.4500122070312,531.3900146484375,,
v1_tc_rsi_50s,2026-08-19,996181,398205,10,769.0599975585938,519.6699829101562,,
v1_tc_rsi_50s,2026-08-20,1013904,398205,10,762.5999755859375,522.3499755859375,,
v1_tc_rsi_50s,2026-08-21,1017427,398205,10,765.719970703125,520.0499877929688,,
v1_tc_rsi_50s,2026-08-24,1001410,345044,10,763.469970703125,506.17999267578125,,
v1_tc_rsi_50s,2026-08-25,1015076,345044,10,765.9099731445312,514.0599975585938,,
v1_tc_rsi_50s,2026-08-26,1016468,345044,10,766.0800170898438,515.4000244140625,,
v1_tc_rsi_50s,2026-08-27,1029201,294221,10,771.0999755859375,525.4299926757812,,
v1_tc_rsi_50s,2026-08-28,1010431,294221,10,769.3499755859375,508.6199951171875,,
v1_tc_rsi_50s,2026-08-31,1005856,294221,10,767.0499877929688,511.0400085449219,,
v1_tc_rsi_50s,2026-09-01,1000349,294221,10,761.780029296875,500.30999755859375,,
v1_tc_rsi_50s,2026-09-02,998363,294221,10,765.1599731445312,501.44000244140625,,
v1_tc_rsi_50s,2026-09-03,1003127,294221,10,773.1699829101562,502.20001220703125,,
v1_tc_rsi_50s,2026-09-04,1022660,294221,10,770.1900024414062,519.8599853515625,,
v1_tc_rsi_50s,2026-09-08,1055574,294221,10,765.9600219726562,528.4000244140625,,
v1_tc_rsi_50s,2026-09-09,1052919,241442,11,762.4000244140625,532.0,,
v1_tc_rsi_50s,2026-09-10,1041310,241442,11,757.8300170898438,517.4299926757812,,
v1_tc_rsi_50s,2026-09-11,1059309,189376,11,764.2899780273438,527.0700073242188,,
v1_tc_rsi_50s,2026-09-14,993054,425346,8,760.8800048828125,497.3999938964844,,
v1_tc_rsi_50s,2026-09-15,992548,425346,8,757.3900146484375,498.8500061035156,,
v1_tc_rsi_50s,2026-09-16,1003924,375719,9,754.0499877929688,502.05999755859375,,
v1_tc_rsi_50s,2026-09-17,1013379,124654,11,762.5999755859375,519.0999755859375,,
v1_tc_rsi_50s,2026-09-18,1026725,124654,11,761.6900024414062,533.0700073242188,,
v1_tc_rsi_50s,2026-09-21,1064354,124654,11,773.5,559.3400268554688,,
v1_tc_rsi_50s,2026-09-22,1069096,124654,11,773.3800048828125,572.780029296875,,
v1_tc_rsi_50s,2026-09-23,1065000,124654,11,767.8099975585938,565.719970703125,,
v1_tc_rsi_50s,2026-09-24,1062423,71404,12,767.1799926757812,566.0700073242188,,
v1_tc_thesis_100,2026-04-20,1000000,900000,1,706.8988037109375,417.351806640625,,
v1_tc_thesis_100,2026-04-21,1000502,900000,1,702.2708129882812,420.5003356933594,,
v1_tc_thesis_100,2026-04-22,1005789,900000,1,709.3825073242188,431.5650634765625,,
v1_tc_thesis_100,2026-04-23,1003294,749132,3,706.6295776367188,440.7906799316406,,
v1_tc_thesis_100,2026-04-24,1011394,798228,2,712.10546875,461.38092041015625,,
v1_tc_thesis_100,2026-04-27,1009766,747658,3,713.332275390625,455.19384765625,,
v1_tc_thesis_100,2026-04-28,1003589,846333,2,709.8612060546875,438.50177001953125,,
v1_tc_thesis_100,2026-04-29,1003870,846333,2,709.7515258789062,449.7763977050781,,
v1_tc_thesis_100,2026-04-30,1004863,846333,2,716.8132934570312,461.2209777832031,,
v1_tc_thesis_100,2026-05-01,1005600,846333,2,718.7982177734375,465.5289306640625,,
v1_tc_thesis_100,2026-05-04,1006608,796053,3,716.1649780273438,461.8406982421875,,
v1_tc_thesis_100,2026-05-05,1003041,796053,3,721.9102172851562,482.5008850097656,,
v1_tc_thesis_100,2026-05-06,1010907,796053,3,731.9443359375,506.6294250488281,,
v1_tc_thesis_100,2026-05-07,1007371,796053,3,729.7001342773438,492.12628173828125,,
v1_tc_thesis_100,2026-05-08,1007502,796053,3,735.724609375,520.0530395507812,,
v1_tc_thesis_100,2026-05-11,1008548,796053,3,737.4002685546875,532.5071411132812,,
v1_tc_thesis_100,2026-05-12,1005810,796053,3,736.2831420898438,515.7450561523438,,
v1_tc_thesis_100,2026-05-13,1004345,842164,2,740.4025268554688,528.0392456054688,,
v1_tc_thesis_100,2026-05-14,1009357,842164,2,746.2474975585938,529.7784423828125,,
v1_tc_thesis_100,2026-05-15,1005486,842164,2,737.2706298828125,508.27862548828125,,
v1_tc_thesis_100,2026-05-18,1003248,842164,2,736.751953125,495.6346435546875,,
v1_tc_thesis_100,2026-05-19,1003355,842164,2,731.8446044921875,496.50421142578125,,
v1_tc_thesis_100,2026-05-20,1005224,842164,2,739.3452758789062,520.0630493164062,,
v1_tc_thesis_100,2026-05-21,1007117,842164,2,740.8114624023438,524.4609985351562,,
v1_tc_thesis_100,2026-05-22,1006863,842164,2,743.7239990234375,537.0750122070312,,
v1_tc_thesis_100,2026-05-26,1008613,842164,2,748.6613159179688,569.8194580078125,,
v1_tc_thesis_100,2026-05-27,1011483,842164,2,748.5316162109375,563.7122802734375,,
v1_tc_thesis_100,2026-05-28,1011556,842164,2,752.6609497070312,569.19970703125,,
v1_tc_thesis_100,2026-05-29,1010462,842164,2,754.5361328125,568.8099365234375,,
v1_tc_thesis_100,2026-06-01,1015095,842164,2,756.5908203125,571.6585083007812,,
v1_tc_thesis_100,2026-06-02,1019620,842164,2,757.6182250976562,604.7328491210938,,
v1_tc_thesis_100,2026-06-03,1017861,842164,2,752.3018798828125,615.3877563476562,,
v1_tc_thesis_100,2026-06-04,1018656,791271,3,755.1445922851562,602.4338989257812,,
v1_tc_thesis_100,2026-06-05,1008876,740338,3,735.65478515625,539.5138549804688,,
v1_tc_thesis_100,2026-06-08,1009386,740338,3,737.3204345703125,571.1787719726562,,
v1_tc_thesis_100,2026-06-09,1009386,838146,2,735.1560668945312,561.8732299804688,,
v1_tc_thesis_100,2026-06-10,1002907,949753,1,723.56591796875,541.2529907226562,,
v1_tc_thesis_100,2026-06-11,1002952,648880,4,735.8642578125,586.6514282226562,,
v1_tc_thesis_100,2026-06-12,1008662,648880,4,739.843994140625,595.9669799804688,,
v1_tc_thesis_100,2026-06-15,1021085,759495,3,752.890380859375,628.4500122070312,,
v1_tc_thesis_100,2026-06-16,1020960,759495,3,748.4019775390625,591.239990234375,,
v1_tc_thesis_100,2026-06-17,1017909,708447,4,739.0560302734375,599.72998046875,,
v1_tc_thesis_100,2026-06-18,1027078,712507,4,746.739990234375,639.4500122070312,,
v1_tc_thesis_100,2026-06-22,1017884,661210,4,744.3900146484375,655.010009765625,,
v1_tc_thesis_100,2026-06-23,1010052,707117,4,733.5800170898438,603.3900146484375,,
v1_tc_thesis_100,2026-06-24,1007594,756619,3,733.239990234375,601.5,,
v1_tc_thesis_100,2026-06-25,1004652,851838,2,734.2999877929688,625.2000122070312,,
v1_tc_thesis_100,2026-06-26,1002386,851838,2,728.989990234375,589.9400024414062,,
v1_tc_thesis_100,2026-06-29,1007084,751599,3,741.0,614.3499755859375,,
v1_tc_thesis_100,2026-06-30,1010095,701245,4,746.77001953125,640.760009765625,,
v1_tc_thesis_100,2026-07-01,1011125,650740,4,745.760009765625,599.7000122070312,,
v1_tc_thesis_100,2026-07-02,1012633,708621,3,744.780029296875,566.3200073242188,,
v1_tc_thesis_100,2026-07-06,1014457,708621,3,751.280029296875,581.510009765625,,
v1_tc_thesis_100,2026-07-07,1015364,708621,3,747.7100219726562,551.6900024414062,,
v1_tc_thesis_100,2026-07-08,1016214,708621,3,745.4000244140625,562.030029296875,,
v1_tc_thesis_100,2026-07-09,1015103,708621,3,751.7100219726562,581.7000122070312,,
v1_tc_thesis_100,2026-07-10,1019161,708621,3,754.9500122070312,581.3400268554688,,
v1_tc_thesis_100,2026-07-13,1015685,708621,3,749.1699829101562,553.6099853515625,,
v1_tc_thesis_100,2026-07-14,1020192,708621,3,751.8300170898438,567.9199829101562,,
v1_tc_thesis_100,2026-07-15,1027019,708621,3,754.8099975585938,555.27001953125,,
v1_tc_thesis_100,2026-07-16,1021243,708621,3,750.719970703125,530.5,,
v1_tc_thesis_100,2026-07-17,1014788,708621,3,743.2899780273438,521.8099975585938,,
v1_tc_thesis_100,2026-07-20,1018759,708621,3,742.0900268554688,524.1400146484375,,
v1_tc_thesis_100,2026-07-21,1018155,708621,3,748.280029296875,552.6900024414062,,
v1_tc_thesis_100,2026-07-22,1017431,708621,3,747.4099731445312,555.52001953125,,
v1_tc_thesis_100,2026-07-23,1007059,798381,2,738.1799926757812,551.239990234375,,
v1_tc_thesis_100,2026-07-24,1006105,798381,2,738.9299926757812,527.010009765625,,
v1_tc_thesis_100,2026-07-27,1002767,798381,2,739.0900268554688,516.22998046875,,
v1_tc_thesis_100,2026-07-28,1004154,798381,2,740.8599853515625,491.4599914550781,,
v1_tc_thesis_100,2026-07-29,1000137,896286,1,729.4600219726562,465.0,,
v1_tc_thesis_100,2026-07-30,1016241,896286,1,741.6900024414062,504.5299987792969,,
v1_tc_thesis_100,2026-07-31,1019863,845474,2,747.030029296875,504.8900146484375,,
v1_tc_thesis_100,2026-08-03,1023575,792153,3,757.6699829101562,507.67999267578125,,
v1_tc_thesis_100,2026-08-04,1029129,740974,4,771.3300170898438,542.2100219726562,,
v1_tc_thesis_100,2026-08-05,1024272,689518,5,769.7899780273438,530.7000122070312,,
v1_tc_thesis_100,2026-08-06,1028222,689518,5,768.5599975585938,532.52001953125,,
v1_tc_thesis_100,2026-08-07,1036219,535285,7,773.260009765625,543.27001953125,,
v1_tc_thesis_100,2026-08-10,1031055,483474,7,773.030029296875,529.3900146484375,,
v1_tc_thesis_100,2026-08-11,1036902,481984,7,770.5599975585938,534.2000122070312,,
v1_tc_thesis_100,2026-08-12,1060140,481984,7,772.489990234375,546.6099853515625,,
v1_tc_thesis_100,2026-08-13,1067352,375970,9,777.8800048828125,550.739990234375,,
v1_tc_thesis_100,2026-08-14,1074837,375970,9,776.3400268554688,550.4199829101562,,
v1_tc_thesis_100,2026-08-17,1076994,375970,9,772.6699829101562,559.1199951171875,,
v1_tc_thesis_100,2026-08-18,1050535,375970,9,767.4500122070312,531.3900146484375,,
v1_tc_thesis_100,2026-08-19,1031459,426706,8,769.0599975585938,519.6699829101562,,
v1_tc_thesis_100,2026-08-20,1048989,426706,8,762.5999755859375,522.3499755859375,,
v1_tc_thesis_100,2026-08-21,1052369,426706,8,765.719970703125,520.0499877929688,,
v1_tc_thesis_100,2026-08-24,1037550,371715,8,763.469970703125,506.17999267578125,,
v1_tc_thesis_100,2026-08-25,1050912,371715,8,765.9099731445312,514.0599975585938,,
v1_tc_thesis_100,2026-08-26,1052931,371715,8,766.0800170898438,515.4000244140625,,
v1_tc_thesis_100,2026-08-27,1066246,319068,8,771.0999755859375,525.4299926757812,,
v1_tc_thesis_100,2026-08-28,1049137,319068,8,769.3499755859375,508.6199951171875,,
v1_tc_thesis_100,2026-08-31,1043701,319068,8,767.0499877929688,511.0400085449219,,
v1_tc_thesis_100,2026-09-01,1037433,319068,8,761.780029296875,500.30999755859375,,
v1_tc_thesis_100,2026-09-02,1034341,319068,8,765.1599731445312,501.44000244140625,,
v1_tc_thesis_100,2026-09-03,1040704,319068,8,773.1699829101562,502.20001220703125,,
v1_tc_thesis_100,2026-09-04,1057656,319068,8,770.1900024414062,519.8599853515625,,
v1_tc_thesis_100,2026-09-08,1089937,319068,8,765.9600219726562,528.4000244140625,,
v1_tc_thesis_100,2026-09-09,1087609,264571,9,762.4000244140625,532.0,,
v1_tc_thesis_100,2026-09-10,1076685,264571,9,757.8300170898438,517.4299926757812,,
v1_tc_thesis_100,2026-09-11,1094926,210737,9,764.2899780273438,527.0700073242188,,
v1_tc_thesis_100,2026-09-14,1029546,454938,6,760.8800048828125,497.3999938964844,,
v1_tc_thesis_100,2026-09-15,1029131,454938,6,757.3900146484375,498.8500061035156,,
v1_tc_thesis_100,2026-09-16,1039421,403481,7,754.0499877929688,502.05999755859375,,
v1_tc_thesis_100,2026-09-17,1048411,143538,9,762.5999755859375,519.0999755859375,,
v1_tc_thesis_100,2026-09-18,1061019,38697,10,761.6900024414062,533.0700073242188,,
v1_tc_thesis_100,2026-09-21,1101858,38697,10,773.5,559.3400268554688,,
v1_tc_thesis_100,2026-09-22,1106705,38697,10,773.3800048828125,572.780029296875,,
v1_tc_thesis_100,2026-09-23,1102539,38697,10,767.8099975585938,565.719970703125,,
v1_tc_thesis_100,2026-09-24,1100092,0,11,767.1799926757812,566.0700073242188,,
v1_tc_thesis_33r,2026-04-20,1000000,900000,1,706.8988037109375,417.351806640625,,
v1_tc_thesis_33r,2026-04-21,1000502,900000,1,702.2708129882812,420.5003356933594,,
v1_tc_thesis_33r,2026-04-22,1005789,900000,1,709.3825073242188,431.5650634765625,,
v1_tc_thesis_33r,2026-04-23,1003294,749132,3,706.6295776367188,440.7906799316406,,
v1_tc_thesis_33r,2026-04-24,1011394,798228,2,712.10546875,461.38092041015625,,
v1_tc_thesis_33r,2026-04-27,1009766,747658,3,713.332275390625,455.19384765625,,
v1_tc_thesis_33r,2026-04-28,1003589,846333,2,709.8612060546875,438.50177001953125,,
v1_tc_thesis_33r,2026-04-29,1003870,846333,2,709.7515258789062,449.7763977050781,,
v1_tc_thesis_33r,2026-04-30,1004863,846333,2,716.8132934570312,461.2209777832031,,
v1_tc_thesis_33r,2026-05-01,1005600,846333,2,718.7982177734375,465.5289306640625,,
v1_tc_thesis_33r,2026-05-04,1006608,796053,3,716.1649780273438,461.8406982421875,,
v1_tc_thesis_33r,2026-05-05,1003041,796053,3,721.9102172851562,482.5008850097656,,
v1_tc_thesis_33r,2026-05-06,1010907,796053,3,731.9443359375,506.6294250488281,,
v1_tc_thesis_33r,2026-05-07,1007371,796053,3,729.7001342773438,492.12628173828125,,
v1_tc_thesis_33r,2026-05-08,1007502,796053,3,735.724609375,520.0530395507812,,
v1_tc_thesis_33r,2026-05-11,1008548,796053,3,737.4002685546875,532.5071411132812,,
v1_tc_thesis_33r,2026-05-12,1005810,796053,3,736.2831420898438,515.7450561523438,,
v1_tc_thesis_33r,2026-05-13,1004345,842164,2,740.4025268554688,528.0392456054688,,
v1_tc_thesis_33r,2026-05-14,1009357,842164,2,746.2474975585938,529.7784423828125,,
v1_tc_thesis_33r,2026-05-15,1005486,842164,2,737.2706298828125,508.27862548828125,,
v1_tc_thesis_33r,2026-05-18,1003248,842164,2,736.751953125,495.6346435546875,,
v1_tc_thesis_33r,2026-05-19,1003355,842164,2,731.8446044921875,496.50421142578125,,
v1_tc_thesis_33r,2026-05-20,1005224,842164,2,739.3452758789062,520.0630493164062,,
v1_tc_thesis_33r,2026-05-21,1007117,842164,2,740.8114624023438,524.4609985351562,,
v1_tc_thesis_33r,2026-05-22,1006863,842164,2,743.7239990234375,537.0750122070312,,
v1_tc_thesis_33r,2026-05-26,1008613,842164,2,748.6613159179688,569.8194580078125,,
v1_tc_thesis_33r,2026-05-27,1011483,842164,2,748.5316162109375,563.7122802734375,,
v1_tc_thesis_33r,2026-05-28,1011556,842164,2,752.6609497070312,569.19970703125,,
v1_tc_thesis_33r,2026-05-29,1010462,842164,2,754.5361328125,568.8099365234375,,
v1_tc_thesis_33r,2026-06-01,1015095,842164,2,756.5908203125,571.6585083007812,,
v1_tc_thesis_33r,2026-06-02,1019620,842164,2,757.6182250976562,604.7328491210938,,
v1_tc_thesis_33r,2026-06-03,1017861,842164,2,752.3018798828125,615.3877563476562,,
v1_tc_thesis_33r,2026-06-04,1018656,791271,3,755.1445922851562,602.4338989257812,,
v1_tc_thesis_33r,2026-06-05,1008876,740338,3,735.65478515625,539.5138549804688,,
v1_tc_thesis_33r,2026-06-08,1009386,740338,3,737.3204345703125,571.1787719726562,,
v1_tc_thesis_33r,2026-06-09,1009386,838146,2,735.1560668945312,561.8732299804688,,
v1_tc_thesis_33r,2026-06-10,1002907,874976,2,723.56591796875,541.2529907226562,,
v1_tc_thesis_33r,2026-06-11,1005386,574103,5,735.8642578125,586.6514282226562,,
v1_tc_thesis_33r,2026-06-12,1011620,574103,5,739.843994140625,595.9669799804688,,
v1_tc_thesis_33r,2026-06-15,1027247,610606,5,752.890380859375,628.4500122070312,,
v1_tc_thesis_33r,2026-06-16,1025990,610606,5,748.4019775390625,591.239990234375,,
v1_tc_thesis_33r,2026-06-17,1025207,559306,6,739.0560302734375,599.72998046875,,
v1_tc_thesis_33r,2026-06-18,1051749,526271,7,746.739990234375,639.4500122070312,,
v1_tc_thesis_33r,2026-06-22,1049351,473740,7,744.3900146484375,655.010009765625,,
v1_tc_thesis_33r,2026-06-23,1026945,519611,7,733.5800170898438,603.3900146484375,,
v1_tc_thesis_33r,2026-06-24,1025667,570644,6,733.239990234375,601.5,,
v1_tc_thesis_33r,2026-06-25,1016209,665863,5,734.2999877929688,625.2000122070312,,
v1_tc_thesis_33r,2026-06-26,995876,698006,4,728.989990234375,589.9400024414062,,
v1_tc_thesis_33r,2026-06-29,1010954,598418,5,741.0,614.3499755859375,,
v1_tc_thesis_33r,2026-06-30,1025544,547870,6,746.77001953125,640.760009765625,,
v1_tc_thesis_33r,2026-07-01,1016909,496593,6,745.760009765625,599.7000122070312,,
v1_tc_thesis_33r,2026-07-02,1010997,515694,6,744.780029296875,566.3200073242188,,
v1_tc_thesis_33r,2026-07-06,1023305,515694,6,751.280029296875,581.510009765625,,
v1_tc_thesis_33r,2026-07-07,1015110,541870,6,747.7100219726562,551.6900024414062,,
v1_tc_thesis_33r,2026-07-08,1012964,541870,6,745.4000244140625,562.030029296875,,
v1_tc_thesis_33r,2026-07-09,1013410,541870,6,751.7100219726562,581.7000122070312,,
v1_tc_thesis_33r,2026-07-10,1013955,541870,6,754.9500122070312,581.3400268554688,,
v1_tc_thesis_33r,2026-07-13,1006038,541870,6,749.1699829101562,553.6099853515625,,
v1_tc_thesis_33r,2026-07-14,1013591,541870,6,751.8300170898438,567.9199829101562,,
v1_tc_thesis_33r,2026-07-15,1020090,563198,6,754.8099975585938,555.27001953125,,
v1_tc_thesis_33r,2026-07-16,1009649,602278,5,750.719970703125,530.5,,
v1_tc_thesis_33r,2026-07-17,1001400,602278,5,743.2899780273438,521.8099975585938,,
v1_tc_thesis_33r,2026-07-20,1006001,602278,5,742.0900268554688,524.1400146484375,,
v1_tc_thesis_33r,2026-07-21,1008080,602278,5,748.280029296875,552.6900024414062,,
v1_tc_thesis_33r,2026-07-22,1007693,602278,5,747.4099731445312,555.52001953125,,
v1_tc_thesis_33r,2026-07-23,996221,692038,4,738.1799926757812,551.239990234375,,
v1_tc_thesis_33r,2026-07-24,994009,692038,4,738.9299926757812,527.010009765625,,
v1_tc_thesis_33r,2026-07-27,990621,692038,4,739.0900268554688,516.22998046875,,
v1_tc_thesis_33r,2026-07-28,990569,692038,4,740.8599853515625,491.4599914550781,,
v1_tc_thesis_33r,2026-07-29,985653,789307,3,729.4600219726562,465.0,,
v1_tc_thesis_33r,2026-07-30,1004517,789307,3,741.6900024414062,504.5299987792969,,
v1_tc_thesis_33r,2026-07-31,1008566,739081,4,747.030029296875,504.8900146484375,,
v1_tc_thesis_33r,2026-08-03,1012224,686330,5,757.6699829101562,507.67999267578125,,
v1_tc_thesis_33r,2026-08-04,1018839,635719,6,771.3300170898438,542.2100219726562,,
v1_tc_thesis_33r,2026-08-05,1013489,584777,7,769.7899780273438,530.7000122070312,,
v1_tc_thesis_33r,2026-08-06,1019097,584777,7,768.5599975585938,532.52001953125,,
v1_tc_thesis_33r,2026-08-07,1028626,431912,9,773.260009765625,543.27001953125,,
v1_tc_thesis_33r,2026-08-10,1023529,380481,9,773.030029296875,529.3900146484375,,
v1_tc_thesis_33r,2026-08-11,1031315,378923,9,770.5599975585938,534.2000122070312,,
v1_tc_thesis_33r,2026-08-12,1054919,378923,9,772.489990234375,546.6099853515625,,
v1_tc_thesis_33r,2026-08-13,1062735,273431,11,777.8800048828125,550.739990234375,,
v1_tc_thesis_33r,2026-08-14,1070067,273431,11,776.3400268554688,550.4199829101562,,
v1_tc_thesis_33r,2026-08-17,1073117,273431,11,772.6699829101562,559.1199951171875,,
v1_tc_thesis_33r,2026-08-18,1043859,273431,11,767.4500122070312,531.3900146484375,,
v1_tc_thesis_33r,2026-08-19,1024750,323917,10,769.0599975585938,519.6699829101562,,
v1_tc_thesis_33r,2026-08-20,1042625,323917,10,762.5999755859375,522.3499755859375,,
v1_tc_thesis_33r,2026-08-21,1046656,323917,10,765.719970703125,520.0499877929688,,
v1_tc_thesis_33r,2026-08-24,1030888,269250,10,763.469970703125,506.17999267578125,,
v1_tc_thesis_33r,2026-08-25,1045925,269250,10,765.9099731445312,514.0599975585938,,
v1_tc_thesis_33r,2026-08-26,1047943,269250,10,766.0800170898438,515.4000244140625,,
v1_tc_thesis_33r,2026-08-27,1061416,216853,10,771.0999755859375,525.4299926757812,,
v1_tc_thesis_33r,2026-08-28,1043596,216853,10,769.3499755859375,508.6199951171875,,
v1_tc_thesis_33r,2026-08-31,1038459,216853,10,767.0499877929688,511.0400085449219,,
v1_tc_thesis_33r,2026-09-01,1031929,216853,10,761.780029296875,500.30999755859375,,
v1_tc_thesis_33r,2026-09-02,1029738,216853,10,765.1599731445312,501.44000244140625,,
v1_tc_thesis_33r,2026-09-03,1036493,216853,10,773.1699829101562,502.20001220703125,,
v1_tc_thesis_33r,2026-09-04,1055438,216853,10,770.1900024414062,519.8599853515625,,
v1_tc_thesis_33r,2026-09-08,1087819,216853,10,765.9600219726562,528.4000244140625,,
v1_tc_thesis_33r,2026-09-09,1084533,162462,11,762.4000244140625,532.0,,
v1_tc_thesis_33r,2026-09-10,1072882,162462,11,757.8300170898438,517.4299926757812,,
v1_tc_thesis_33r,2026-09-11,1091830,108818,11,764.2899780273438,527.0700073242188,,
v1_tc_thesis_33r,2026-09-14,1025536,351756,8,760.8800048828125,497.3999938964844,,
v1_tc_thesis_33r,2026-09-15,1023093,351756,8,757.3900146484375,498.8500061035156,,
v1_tc_thesis_33r,2026-09-16,1033925,300601,9,754.0499877929688,502.05999755859375,,
v1_tc_thesis_33r,2026-09-17,1044386,42033,11,762.5999755859375,519.0999755859375,,
v1_tc_thesis_33r,2026-09-18,1057655,0,11,761.6900024414062,533.0700073242188,,
v1_tc_thesis_33r,2026-09-21,1098508,0,11,773.5,559.3400268554688,,
v1_tc_thesis_33r,2026-09-22,1103916,0,11,773.3800048828125,572.780029296875,,
v1_tc_thesis_33r,2026-09-23,1099177,0,11,767.8099975585938,565.719970703125,,
v1_tc_thesis_33r,2026-09-24,1096369,0,11,767.1799926757812,566.0700073242188,,
v1_tc_thesis_33s,2026-04-20,1000000,900000,1,706.8988037109375,417.351806640625,,
v1_tc_thesis_33s,2026-04-21,1000502,900000,1,702.2708129882812,420.5003356933594,,
v1_tc_thesis_33s,2026-04-22,1005789,900000,1,709.3825073242188,431.5650634765625,,
v1_tc_thesis_33s,2026-04-23,1003294,749132,3,706.6295776367188,440.7906799316406,,
v1_tc_thesis_33s,2026-04-24,1011394,798228,2,712.10546875,461.38092041015625,,
v1_tc_thesis_33s,2026-04-27,1009766,747658,3,713.332275390625,455.19384765625,,
v1_tc_thesis_33s,2026-04-28,1003589,846333,2,709.8612060546875,438.50177001953125,,
v1_tc_thesis_33s,2026-04-29,1003870,846333,2,709.7515258789062,449.7763977050781,,
v1_tc_thesis_33s,2026-04-30,1004863,846333,2,716.8132934570312,461.2209777832031,,
v1_tc_thesis_33s,2026-05-01,1005600,846333,2,718.7982177734375,465.5289306640625,,
v1_tc_thesis_33s,2026-05-04,1006608,796053,3,716.1649780273438,461.8406982421875,,
v1_tc_thesis_33s,2026-05-05,1003041,796053,3,721.9102172851562,482.5008850097656,,
v1_tc_thesis_33s,2026-05-06,1010907,796053,3,731.9443359375,506.6294250488281,,
v1_tc_thesis_33s,2026-05-07,1007371,796053,3,729.7001342773438,492.12628173828125,,
v1_tc_thesis_33s,2026-05-08,1007502,796053,3,735.724609375,520.0530395507812,,
v1_tc_thesis_33s,2026-05-11,1008548,796053,3,737.4002685546875,532.5071411132812,,
v1_tc_thesis_33s,2026-05-12,1005810,796053,3,736.2831420898438,515.7450561523438,,
v1_tc_thesis_33s,2026-05-13,1004345,842164,2,740.4025268554688,528.0392456054688,,
v1_tc_thesis_33s,2026-05-14,1009357,842164,2,746.2474975585938,529.7784423828125,,
v1_tc_thesis_33s,2026-05-15,1005486,842164,2,737.2706298828125,508.27862548828125,,
v1_tc_thesis_33s,2026-05-18,1003248,842164,2,736.751953125,495.6346435546875,,
v1_tc_thesis_33s,2026-05-19,1003355,842164,2,731.8446044921875,496.50421142578125,,
v1_tc_thesis_33s,2026-05-20,1005224,842164,2,739.3452758789062,520.0630493164062,,
v1_tc_thesis_33s,2026-05-21,1007117,842164,2,740.8114624023438,524.4609985351562,,
v1_tc_thesis_33s,2026-05-22,1006863,842164,2,743.7239990234375,537.0750122070312,,
v1_tc_thesis_33s,2026-05-26,1008613,842164,2,748.6613159179688,569.8194580078125,,
v1_tc_thesis_33s,2026-05-27,1011483,842164,2,748.5316162109375,563.7122802734375,,
v1_tc_thesis_33s,2026-05-28,1011556,842164,2,752.6609497070312,569.19970703125,,
v1_tc_thesis_33s,2026-05-29,1010462,842164,2,754.5361328125,568.8099365234375,,
v1_tc_thesis_33s,2026-06-01,1015095,842164,2,756.5908203125,571.6585083007812,,
v1_tc_thesis_33s,2026-06-02,1019620,842164,2,757.6182250976562,604.7328491210938,,
v1_tc_thesis_33s,2026-06-03,1017861,842164,2,752.3018798828125,615.3877563476562,,
v1_tc_thesis_33s,2026-06-04,1018656,791271,3,755.1445922851562,602.4338989257812,,
v1_tc_thesis_33s,2026-06-05,1008876,740338,3,735.65478515625,539.5138549804688,,
v1_tc_thesis_33s,2026-06-08,1009386,740338,3,737.3204345703125,571.1787719726562,,
v1_tc_thesis_33s,2026-06-09,1009386,838146,2,735.1560668945312,561.8732299804688,,
v1_tc_thesis_33s,2026-06-10,1002907,874976,2,723.56591796875,541.2529907226562,,
v1_tc_thesis_33s,2026-06-11,1005386,574103,5,735.8642578125,586.6514282226562,,
v1_tc_thesis_33s,2026-06-12,1011620,574103,5,739.843994140625,595.9669799804688,,
v1_tc_thesis_33s,2026-06-15,1027247,610606,5,752.890380859375,628.4500122070312,,
v1_tc_thesis_33s,2026-06-16,1025990,610606,5,748.4019775390625,591.239990234375,,
v1_tc_thesis_33s,2026-06-17,1025207,559306,6,739.0560302734375,599.72998046875,,
v1_tc_thesis_33s,2026-06-18,1051749,526271,7,746.739990234375,639.4500122070312,,
v1_tc_thesis_33s,2026-06-22,1049351,473740,7,744.3900146484375,655.010009765625,,
v1_tc_thesis_33s,2026-06-23,1026945,519611,7,733.5800170898438,603.3900146484375,,
v1_tc_thesis_33s,2026-06-24,1025667,570644,6,733.239990234375,601.5,,
v1_tc_thesis_33s,2026-06-25,1016209,665863,5,734.2999877929688,625.2000122070312,,
v1_tc_thesis_33s,2026-06-26,995876,698006,4,728.989990234375,589.9400024414062,,
v1_tc_thesis_33s,2026-06-29,1010954,598418,5,741.0,614.3499755859375,,
v1_tc_thesis_33s,2026-06-30,1025544,547870,6,746.77001953125,640.760009765625,,
v1_tc_thesis_33s,2026-07-01,1016909,496593,6,745.760009765625,599.7000122070312,,
v1_tc_thesis_33s,2026-07-02,1010997,515694,6,744.780029296875,566.3200073242188,,
v1_tc_thesis_33s,2026-07-06,1023305,515694,6,751.280029296875,581.510009765625,,
v1_tc_thesis_33s,2026-07-07,1015110,541870,6,747.7100219726562,551.6900024414062,,
v1_tc_thesis_33s,2026-07-08,1012964,541870,6,745.4000244140625,562.030029296875,,
v1_tc_thesis_33s,2026-07-09,1013410,541870,6,751.7100219726562,581.7000122070312,,
v1_tc_thesis_33s,2026-07-10,1013955,541870,6,754.9500122070312,581.3400268554688,,
v1_tc_thesis_33s,2026-07-13,1006038,541870,6,749.1699829101562,553.6099853515625,,
v1_tc_thesis_33s,2026-07-14,1013591,541870,6,751.8300170898438,567.9199829101562,,
v1_tc_thesis_33s,2026-07-15,1020090,563198,6,754.8099975585938,555.27001953125,,
v1_tc_thesis_33s,2026-07-16,1009649,602278,5,750.719970703125,530.5,,
v1_tc_thesis_33s,2026-07-17,1001400,602278,5,743.2899780273438,521.8099975585938,,
v1_tc_thesis_33s,2026-07-20,1006001,602278,5,742.0900268554688,524.1400146484375,,
v1_tc_thesis_33s,2026-07-21,1008080,602278,5,748.280029296875,552.6900024414062,,
v1_tc_thesis_33s,2026-07-22,1007693,602278,5,747.4099731445312,555.52001953125,,
v1_tc_thesis_33s,2026-07-23,996221,692038,4,738.1799926757812,551.239990234375,,
v1_tc_thesis_33s,2026-07-24,994009,692038,4,738.9299926757812,527.010009765625,,
v1_tc_thesis_33s,2026-07-27,990621,692038,4,739.0900268554688,516.22998046875,,
v1_tc_thesis_33s,2026-07-28,990569,692038,4,740.8599853515625,491.4599914550781,,
v1_tc_thesis_33s,2026-07-29,985653,789307,3,729.4600219726562,465.0,,
v1_tc_thesis_33s,2026-07-30,1004517,789307,3,741.6900024414062,504.5299987792969,,
v1_tc_thesis_33s,2026-07-31,1008566,739081,4,747.030029296875,504.8900146484375,,
v1_tc_thesis_33s,2026-08-03,1012224,686330,5,757.6699829101562,507.67999267578125,,
v1_tc_thesis_33s,2026-08-04,1018839,635719,6,771.3300170898438,542.2100219726562,,
v1_tc_thesis_33s,2026-08-05,1013489,584777,7,769.7899780273438,530.7000122070312,,
v1_tc_thesis_33s,2026-08-06,1019097,584777,7,768.5599975585938,532.52001953125,,
v1_tc_thesis_33s,2026-08-07,1028626,431912,9,773.260009765625,543.27001953125,,
v1_tc_thesis_33s,2026-08-10,1023529,380481,9,773.030029296875,529.3900146484375,,
v1_tc_thesis_33s,2026-08-11,1031315,378923,9,770.5599975585938,534.2000122070312,,
v1_tc_thesis_33s,2026-08-12,1054919,378923,9,772.489990234375,546.6099853515625,,
v1_tc_thesis_33s,2026-08-13,1062735,273431,11,777.8800048828125,550.739990234375,,
v1_tc_thesis_33s,2026-08-14,1070067,273431,11,776.3400268554688,550.4199829101562,,
v1_tc_thesis_33s,2026-08-17,1073117,273431,11,772.6699829101562,559.1199951171875,,
v1_tc_thesis_33s,2026-08-18,1043859,273431,11,767.4500122070312,531.3900146484375,,
v1_tc_thesis_33s,2026-08-19,1024750,323917,10,769.0599975585938,519.6699829101562,,
v1_tc_thesis_33s,2026-08-20,1042625,323917,10,762.5999755859375,522.3499755859375,,
v1_tc_thesis_33s,2026-08-21,1046656,323917,10,765.719970703125,520.0499877929688,,
v1_tc_thesis_33s,2026-08-24,1030888,269250,10,763.469970703125,506.17999267578125,,
v1_tc_thesis_33s,2026-08-25,1045925,269250,10,765.9099731445312,514.0599975585938,,
v1_tc_thesis_33s,2026-08-26,1047943,269250,10,766.0800170898438,515.4000244140625,,
v1_tc_thesis_33s,2026-08-27,1061416,216853,10,771.0999755859375,525.4299926757812,,
v1_tc_thesis_33s,2026-08-28,1043596,216853,10,769.3499755859375,508.6199951171875,,
v1_tc_thesis_33s,2026-08-31,1038459,216853,10,767.0499877929688,511.0400085449219,,
v1_tc_thesis_33s,2026-09-01,1031929,216853,10,761.780029296875,500.30999755859375,,
v1_tc_thesis_33s,2026-09-02,1029738,216853,10,765.1599731445312,501.44000244140625,,
v1_tc_thesis_33s,2026-09-03,1036493,216853,10,773.1699829101562,502.20001220703125,,
v1_tc_thesis_33s,2026-09-04,1055438,216853,10,770.1900024414062,519.8599853515625,,
v1_tc_thesis_33s,2026-09-08,1087819,216853,10,765.9600219726562,528.4000244140625,,
v1_tc_thesis_33s,2026-09-09,1084533,162462,11,762.4000244140625,532.0,,
v1_tc_thesis_33s,2026-09-10,1072882,162462,11,757.8300170898438,517.4299926757812,,
v1_tc_thesis_33s,2026-09-11,1091830,108818,11,764.2899780273438,527.0700073242188,,
v1_tc_thesis_33s,2026-09-14,1025536,351756,8,760.8800048828125,497.3999938964844,,
v1_tc_thesis_33s,2026-09-15,1023093,351756,8,757.3900146484375,498.8500061035156,,
v1_tc_thesis_33s,2026-09-16,1033925,300601,9,754.0499877929688,502.05999755859375,,
v1_tc_thesis_33s,2026-09-17,1044386,42033,11,762.5999755859375,519.0999755859375,,
v1_tc_thesis_33s,2026-09-18,1057655,42033,11,761.6900024414062,533.0700073242188,,
v1_tc_thesis_33s,2026-09-21,1097496,42033,11,773.5,559.3400268554688,,
v1_tc_thesis_33s,2026-09-22,1102240,42033,11,773.3800048828125,572.780029296875,,
v1_tc_thesis_33s,2026-09-23,1098026,42033,11,767.8099975585938,565.719970703125,,
v1_tc_thesis_33s,2026-09-24,1094775,0,12,767.1799926757812,566.0700073242188,,
v1_tc_thesis_50r,2026-04-20,1000000,900000,1,706.8988037109375,417.351806640625,,
v1_tc_thesis_50r,2026-04-21,1000502,900000,1,702.2708129882812,420.5003356933594,,
v1_tc_thesis_50r,2026-04-22,1005789,900000,1,709.3825073242188,431.5650634765625,,
v1_tc_thesis_50r,2026-04-23,1003294,749132,3,706.6295776367188,440.7906799316406,,
v1_tc_thesis_50r,2026-04-24,1011394,798228,2,712.10546875,461.38092041015625,,
v1_tc_thesis_50r,2026-04-27,1009766,747658,3,713.332275390625,455.19384765625,,
v1_tc_thesis_50r,2026-04-28,1003589,846333,2,709.8612060546875,438.50177001953125,,
v1_tc_thesis_50r,2026-04-29,1003870,846333,2,709.7515258789062,449.7763977050781,,
v1_tc_thesis_50r,2026-04-30,1004863,846333,2,716.8132934570312,461.2209777832031,,
v1_tc_thesis_50r,2026-05-01,1005600,846333,2,718.7982177734375,465.5289306640625,,
v1_tc_thesis_50r,2026-05-04,1006608,796053,3,716.1649780273438,461.8406982421875,,
v1_tc_thesis_50r,2026-05-05,1003041,796053,3,721.9102172851562,482.5008850097656,,
v1_tc_thesis_50r,2026-05-06,1010907,796053,3,731.9443359375,506.6294250488281,,
v1_tc_thesis_50r,2026-05-07,1007371,796053,3,729.7001342773438,492.12628173828125,,
v1_tc_thesis_50r,2026-05-08,1007502,796053,3,735.724609375,520.0530395507812,,
v1_tc_thesis_50r,2026-05-11,1008548,796053,3,737.4002685546875,532.5071411132812,,
v1_tc_thesis_50r,2026-05-12,1005810,796053,3,736.2831420898438,515.7450561523438,,
v1_tc_thesis_50r,2026-05-13,1004345,842164,2,740.4025268554688,528.0392456054688,,
v1_tc_thesis_50r,2026-05-14,1009357,842164,2,746.2474975585938,529.7784423828125,,
v1_tc_thesis_50r,2026-05-15,1005486,842164,2,737.2706298828125,508.27862548828125,,
v1_tc_thesis_50r,2026-05-18,1003248,842164,2,736.751953125,495.6346435546875,,
v1_tc_thesis_50r,2026-05-19,1003355,842164,2,731.8446044921875,496.50421142578125,,
v1_tc_thesis_50r,2026-05-20,1005224,842164,2,739.3452758789062,520.0630493164062,,
v1_tc_thesis_50r,2026-05-21,1007117,842164,2,740.8114624023438,524.4609985351562,,
v1_tc_thesis_50r,2026-05-22,1006863,842164,2,743.7239990234375,537.0750122070312,,
v1_tc_thesis_50r,2026-05-26,1008613,842164,2,748.6613159179688,569.8194580078125,,
v1_tc_thesis_50r,2026-05-27,1011483,842164,2,748.5316162109375,563.7122802734375,,
v1_tc_thesis_50r,2026-05-28,1011556,842164,2,752.6609497070312,569.19970703125,,
v1_tc_thesis_50r,2026-05-29,1010462,842164,2,754.5361328125,568.8099365234375,,
v1_tc_thesis_50r,2026-06-01,1015095,842164,2,756.5908203125,571.6585083007812,,
v1_tc_thesis_50r,2026-06-02,1019620,842164,2,757.6182250976562,604.7328491210938,,
v1_tc_thesis_50r,2026-06-03,1017861,842164,2,752.3018798828125,615.3877563476562,,
v1_tc_thesis_50r,2026-06-04,1018656,791271,3,755.1445922851562,602.4338989257812,,
v1_tc_thesis_50r,2026-06-05,1008876,740338,3,735.65478515625,539.5138549804688,,
v1_tc_thesis_50r,2026-06-08,1009386,740338,3,737.3204345703125,571.1787719726562,,
v1_tc_thesis_50r,2026-06-09,1009386,838146,2,735.1560668945312,561.8732299804688,,
v1_tc_thesis_50r,2026-06-10,1002908,893950,2,723.56591796875,541.2529907226562,,
v1_tc_thesis_50r,2026-06-11,1004769,593077,5,735.8642578125,586.6514282226562,,
v1_tc_thesis_50r,2026-06-12,1010871,593077,5,739.843994140625,595.9669799804688,,
v1_tc_thesis_50r,2026-06-15,1025685,648385,5,752.890380859375,628.4500122070312,,
v1_tc_thesis_50r,2026-06-16,1024715,648385,5,748.4019775390625,591.239990234375,,
v1_tc_thesis_50r,2026-06-17,1023356,597149,6,739.0560302734375,599.72998046875,,
v1_tc_thesis_50r,2026-06-18,1045491,573560,7,746.739990234375,639.4500122070312,,
v1_tc_thesis_50r,2026-06-22,1041366,521342,7,744.3900146484375,655.010009765625,,
v1_tc_thesis_50r,2026-06-23,1022661,567222,7,733.5800170898438,603.3900146484375,,
v1_tc_thesis_50r,2026-06-24,1021083,617867,6,733.239990234375,601.5,,
v1_tc_thesis_50r,2026-06-25,1013281,713086,5,734.2999877929688,625.2000122070312,,
v1_tc_thesis_50r,2026-06-26,997534,737044,4,728.989990234375,589.9400024414062,,
v1_tc_thesis_50r,2026-06-29,1009978,637291,5,741.0,614.3499755859375,,
v1_tc_thesis_50r,2026-06-30,1021630,586792,6,746.77001953125,640.760009765625,,
v1_tc_thesis_50r,2026-07-01,1015447,535710,6,745.760009765625,599.7000122070312,,
v1_tc_thesis_50r,2026-07-02,1011417,564650,6,744.780029296875,566.3200073242188,,
v1_tc_thesis_50r,2026-07-06,1021065,564650,6,751.280029296875,581.510009765625,,
v1_tc_thesis_50r,2026-07-07,1015179,594247,6,747.7100219726562,551.6900024414062,,
v1_tc_thesis_50r,2026-07-08,1013692,594247,6,745.4000244140625,562.030029296875,,
v1_tc_thesis_50r,2026-07-09,1013742,594247,6,751.7100219726562,581.7000122070312,,
v1_tc_thesis_50r,2026-07-10,1015244,594247,6,754.9500122070312,581.3400268554688,,
v1_tc_thesis_50r,2026-07-13,1008747,594247,6,749.1699829101562,553.6099853515625,,
v1_tc_thesis_50r,2026-07-14,1015555,594247,6,751.8300170898438,567.9199829101562,,
v1_tc_thesis_50r,2026-07-15,1022157,618363,6,754.8099975585938,555.27001953125,,
v1_tc_thesis_50r,2026-07-16,1013927,640127,5,750.719970703125,530.5,,
v1_tc_thesis_50r,2026-07-17,1006396,640127,5,743.2899780273438,521.8099975585938,,
v1_tc_thesis_50r,2026-07-20,1010746,640127,5,742.0900268554688,524.1400146484375,,
v1_tc_thesis_50r,2026-07-21,1011625,640127,5,748.280029296875,552.6900024414062,,
v1_tc_thesis_50r,2026-07-22,1011234,640127,5,747.4099731445312,555.52001953125,,
v1_tc_thesis_50r,2026-07-23,1000170,729887,4,738.1799926757812,551.239990234375,,
v1_tc_thesis_50r,2026-07-24,998561,729887,4,738.9299926757812,527.010009765625,,
v1_tc_thesis_50r,2026-07-27,995286,729887,4,739.0900268554688,516.22998046875,,
v1_tc_thesis_50r,2026-07-28,995757,729887,4,740.8599853515625,491.4599914550781,,
v1_tc_thesis_50r,2026-07-29,991479,827317,3,729.4600219726562,465.0,,
v1_tc_thesis_50r,2026-07-30,1008977,827317,3,741.6900024414062,504.5299987792969,,
v1_tc_thesis_50r,2026-07-31,1012896,776868,4,747.030029296875,504.8900146484375,,
v1_tc_thesis_50r,2026-08-03,1016521,723897,5,757.6699829101562,507.67999267578125,,
v1_tc_thesis_50r,2026-08-04,1022614,673071,6,771.3300170898438,542.2100219726562,,
v1_tc_thesis_50r,2026-08-05,1017459,621940,7,769.7899780273438,530.7000122070312,,
v1_tc_thesis_50r,2026-08-06,1022549,621940,7,768.5599975585938,532.52001953125,,
v1_tc_thesis_50r,2026-08-07,1031657,468559,9,773.260009765625,543.27001953125,,
v1_tc_thesis_50r,2026-08-10,1026572,416976,9,773.030029296875,529.3900146484375,,
v1_tc_thesis_50r,2026-08-11,1033791,415434,9,770.5599975585938,534.2000122070312,,
v1_tc_thesis_50r,2026-08-12,1057168,415434,9,772.489990234375,546.6099853515625,,
v1_tc_thesis_50r,2026-08-13,1064805,309718,11,777.8800048828125,550.739990234375,,
v1_tc_thesis_50r,2026-08-14,1072285,309718,11,776.3400268554688,550.4199829101562,,
v1_tc_thesis_50r,2026-08-17,1075005,309718,11,772.6699829101562,559.1199951171875,,
v1_tc_thesis_50r,2026-08-18,1046834,309718,11,767.4500122070312,531.3900146484375,,
v1_tc_thesis_50r,2026-08-19,1027741,360311,10,769.0599975585938,519.6699829101562,,
v1_tc_thesis_50r,2026-08-20,1045455,360311,10,762.5999755859375,522.3499755859375,,
v1_tc_thesis_50r,2026-08-21,1049256,360311,10,765.719970703125,520.0499877929688,,
v1_tc_thesis_50r,2026-08-24,1033919,305490,10,763.469970703125,506.17999267578125,,
v1_tc_thesis_50r,2026-08-25,1048375,305490,10,765.9099731445312,514.0599975585938,,
v1_tc_thesis_50r,2026-08-26,1050389,305490,10,766.0800170898438,515.4000244140625,,
v1_tc_thesis_50r,2026-08-27,1063609,252971,10,771.0999755859375,525.4299926757812,,
v1_tc_thesis_50r,2026-08-28,1046174,252971,10,769.3499755859375,508.6199951171875,,
v1_tc_thesis_50r,2026-08-31,1041006,252971,10,767.0499877929688,511.0400085449219,,
v1_tc_thesis_50r,2026-09-01,1034567,252971,10,761.780029296875,500.30999755859375,,
v1_tc_thesis_50r,2026-09-02,1032113,252971,10,765.1599731445312,501.44000244140625,,
v1_tc_thesis_50r,2026-09-03,1038735,252971,10,773.1699829101562,502.20001220703125,,
v1_tc_thesis_50r,2026-09-04,1056919,252971,10,770.1900024414062,519.8599853515625,,
v1_tc_thesis_50r,2026-09-08,1089083,252971,10,765.9600219726562,528.4000244140625,,
v1_tc_thesis_50r,2026-09-09,1086121,198517,11,762.4000244140625,532.0,,
v1_tc_thesis_50r,2026-09-10,1074812,198517,11,757.8300170898438,517.4299926757812,,
v1_tc_thesis_50r,2026-09-11,1093478,144776,11,764.2899780273438,527.0700073242188,,
v1_tc_thesis_50r,2026-09-14,1027695,388282,8,760.8800048828125,497.3999938964844,,
v1_tc_thesis_50r,2026-09-15,1025866,388282,8,757.3900146484375,498.8500061035156,,
v1_tc_thesis_50r,2026-09-16,1036480,336989,9,754.0499877929688,502.05999755859375,,
v1_tc_thesis_50r,2026-09-17,1046288,77781,11,762.5999755859375,519.0999755859375,,
v1_tc_thesis_50r,2026-09-18,1059299,0,11,761.6900024414062,533.0700073242188,,
v1_tc_thesis_50r,2026-09-21,1100426,0,11,773.5,559.3400268554688,,
v1_tc_thesis_50r,2026-09-22,1105849,0,11,773.3800048828125,572.780029296875,,
v1_tc_thesis_50r,2026-09-23,1101131,0,11,767.8099975585938,565.719970703125,,
v1_tc_thesis_50r,2026-09-24,1098511,0,11,767.1799926757812,566.0700073242188,,
v1_tc_thesis_50s,2026-04-20,1000000,900000,1,706.8988037109375,417.351806640625,,
v1_tc_thesis_50s,2026-04-21,1000502,900000,1,702.2708129882812,420.5003356933594,,
v1_tc_thesis_50s,2026-04-22,1005789,900000,1,709.3825073242188,431.5650634765625,,
v1_tc_thesis_50s,2026-04-23,1003294,749132,3,706.6295776367188,440.7906799316406,,
v1_tc_thesis_50s,2026-04-24,1011394,798228,2,712.10546875,461.38092041015625,,
v1_tc_thesis_50s,2026-04-27,1009766,747658,3,713.332275390625,455.19384765625,,
v1_tc_thesis_50s,2026-04-28,1003589,846333,2,709.8612060546875,438.50177001953125,,
v1_tc_thesis_50s,2026-04-29,1003870,846333,2,709.7515258789062,449.7763977050781,,
v1_tc_thesis_50s,2026-04-30,1004863,846333,2,716.8132934570312,461.2209777832031,,
v1_tc_thesis_50s,2026-05-01,1005600,846333,2,718.7982177734375,465.5289306640625,,
v1_tc_thesis_50s,2026-05-04,1006608,796053,3,716.1649780273438,461.8406982421875,,
v1_tc_thesis_50s,2026-05-05,1003041,796053,3,721.9102172851562,482.5008850097656,,
v1_tc_thesis_50s,2026-05-06,1010907,796053,3,731.9443359375,506.6294250488281,,
v1_tc_thesis_50s,2026-05-07,1007371,796053,3,729.7001342773438,492.12628173828125,,
v1_tc_thesis_50s,2026-05-08,1007502,796053,3,735.724609375,520.0530395507812,,
v1_tc_thesis_50s,2026-05-11,1008548,796053,3,737.4002685546875,532.5071411132812,,
v1_tc_thesis_50s,2026-05-12,1005810,796053,3,736.2831420898438,515.7450561523438,,
v1_tc_thesis_50s,2026-05-13,1004345,842164,2,740.4025268554688,528.0392456054688,,
v1_tc_thesis_50s,2026-05-14,1009357,842164,2,746.2474975585938,529.7784423828125,,
v1_tc_thesis_50s,2026-05-15,1005486,842164,2,737.2706298828125,508.27862548828125,,
v1_tc_thesis_50s,2026-05-18,1003248,842164,2,736.751953125,495.6346435546875,,
v1_tc_thesis_50s,2026-05-19,1003355,842164,2,731.8446044921875,496.50421142578125,,
v1_tc_thesis_50s,2026-05-20,1005224,842164,2,739.3452758789062,520.0630493164062,,
v1_tc_thesis_50s,2026-05-21,1007117,842164,2,740.8114624023438,524.4609985351562,,
v1_tc_thesis_50s,2026-05-22,1006863,842164,2,743.7239990234375,537.0750122070312,,
v1_tc_thesis_50s,2026-05-26,1008613,842164,2,748.6613159179688,569.8194580078125,,
v1_tc_thesis_50s,2026-05-27,1011483,842164,2,748.5316162109375,563.7122802734375,,
v1_tc_thesis_50s,2026-05-28,1011556,842164,2,752.6609497070312,569.19970703125,,
v1_tc_thesis_50s,2026-05-29,1010462,842164,2,754.5361328125,568.8099365234375,,
v1_tc_thesis_50s,2026-06-01,1015095,842164,2,756.5908203125,571.6585083007812,,
v1_tc_thesis_50s,2026-06-02,1019620,842164,2,757.6182250976562,604.7328491210938,,
v1_tc_thesis_50s,2026-06-03,1017861,842164,2,752.3018798828125,615.3877563476562,,
v1_tc_thesis_50s,2026-06-04,1018656,791271,3,755.1445922851562,602.4338989257812,,
v1_tc_thesis_50s,2026-06-05,1008876,740338,3,735.65478515625,539.5138549804688,,
v1_tc_thesis_50s,2026-06-08,1009386,740338,3,737.3204345703125,571.1787719726562,,
v1_tc_thesis_50s,2026-06-09,1009386,838146,2,735.1560668945312,561.8732299804688,,
v1_tc_thesis_50s,2026-06-10,1002908,893950,2,723.56591796875,541.2529907226562,,
v1_tc_thesis_50s,2026-06-11,1004769,593077,5,735.8642578125,586.6514282226562,,
v1_tc_thesis_50s,2026-06-12,1010871,593077,5,739.843994140625,595.9669799804688,,
v1_tc_thesis_50s,2026-06-15,1025685,648385,5,752.890380859375,628.4500122070312,,
v1_tc_thesis_50s,2026-06-16,1024715,648385,5,748.4019775390625,591.239990234375,,
v1_tc_thesis_50s,2026-06-17,1023356,597149,6,739.0560302734375,599.72998046875,,
v1_tc_thesis_50s,2026-06-18,1045491,573560,7,746.739990234375,639.4500122070312,,
v1_tc_thesis_50s,2026-06-22,1041366,521342,7,744.3900146484375,655.010009765625,,
v1_tc_thesis_50s,2026-06-23,1022661,567222,7,733.5800170898438,603.3900146484375,,
v1_tc_thesis_50s,2026-06-24,1021083,617867,6,733.239990234375,601.5,,
v1_tc_thesis_50s,2026-06-25,1013281,713086,5,734.2999877929688,625.2000122070312,,
v1_tc_thesis_50s,2026-06-26,997534,737044,4,728.989990234375,589.9400024414062,,
v1_tc_thesis_50s,2026-06-29,1009978,637291,5,741.0,614.3499755859375,,
v1_tc_thesis_50s,2026-06-30,1021630,586792,6,746.77001953125,640.760009765625,,
v1_tc_thesis_50s,2026-07-01,1015447,535710,6,745.760009765625,599.7000122070312,,
v1_tc_thesis_50s,2026-07-02,1011417,564650,6,744.780029296875,566.3200073242188,,
v1_tc_thesis_50s,2026-07-06,1021065,564650,6,751.280029296875,581.510009765625,,
v1_tc_thesis_50s,2026-07-07,1015179,594247,6,747.7100219726562,551.6900024414062,,
v1_tc_thesis_50s,2026-07-08,1013692,594247,6,745.4000244140625,562.030029296875,,
v1_tc_thesis_50s,2026-07-09,1013742,594247,6,751.7100219726562,581.7000122070312,,
v1_tc_thesis_50s,2026-07-10,1015244,594247,6,754.9500122070312,581.3400268554688,,
v1_tc_thesis_50s,2026-07-13,1008747,594247,6,749.1699829101562,553.6099853515625,,
v1_tc_thesis_50s,2026-07-14,1015555,594247,6,751.8300170898438,567.9199829101562,,
v1_tc_thesis_50s,2026-07-15,1022157,618363,6,754.8099975585938,555.27001953125,,
v1_tc_thesis_50s,2026-07-16,1013927,640127,5,750.719970703125,530.5,,
v1_tc_thesis_50s,2026-07-17,1006396,640127,5,743.2899780273438,521.8099975585938,,
v1_tc_thesis_50s,2026-07-20,1010746,640127,5,742.0900268554688,524.1400146484375,,
v1_tc_thesis_50s,2026-07-21,1011625,640127,5,748.280029296875,552.6900024414062,,
v1_tc_thesis_50s,2026-07-22,1011234,640127,5,747.4099731445312,555.52001953125,,
v1_tc_thesis_50s,2026-07-23,1000170,729887,4,738.1799926757812,551.239990234375,,
v1_tc_thesis_50s,2026-07-24,998561,729887,4,738.9299926757812,527.010009765625,,
v1_tc_thesis_50s,2026-07-27,995286,729887,4,739.0900268554688,516.22998046875,,
v1_tc_thesis_50s,2026-07-28,995757,729887,4,740.8599853515625,491.4599914550781,,
v1_tc_thesis_50s,2026-07-29,991479,827317,3,729.4600219726562,465.0,,
v1_tc_thesis_50s,2026-07-30,1008977,827317,3,741.6900024414062,504.5299987792969,,
v1_tc_thesis_50s,2026-07-31,1012896,776868,4,747.030029296875,504.8900146484375,,
v1_tc_thesis_50s,2026-08-03,1016521,723897,5,757.6699829101562,507.67999267578125,,
v1_tc_thesis_50s,2026-08-04,1022614,673071,6,771.3300170898438,542.2100219726562,,
v1_tc_thesis_50s,2026-08-05,1017459,621940,7,769.7899780273438,530.7000122070312,,
v1_tc_thesis_50s,2026-08-06,1022549,621940,7,768.5599975585938,532.52001953125,,
v1_tc_thesis_50s,2026-08-07,1031657,468559,9,773.260009765625,543.27001953125,,
v1_tc_thesis_50s,2026-08-10,1026572,416976,9,773.030029296875,529.3900146484375,,
v1_tc_thesis_50s,2026-08-11,1033791,415434,9,770.5599975585938,534.2000122070312,,
v1_tc_thesis_50s,2026-08-12,1057168,415434,9,772.489990234375,546.6099853515625,,
v1_tc_thesis_50s,2026-08-13,1064805,309718,11,777.8800048828125,550.739990234375,,
v1_tc_thesis_50s,2026-08-14,1072285,309718,11,776.3400268554688,550.4199829101562,,
v1_tc_thesis_50s,2026-08-17,1075005,309718,11,772.6699829101562,559.1199951171875,,
v1_tc_thesis_50s,2026-08-18,1046834,309718,11,767.4500122070312,531.3900146484375,,
v1_tc_thesis_50s,2026-08-19,1027741,360311,10,769.0599975585938,519.6699829101562,,
v1_tc_thesis_50s,2026-08-20,1045455,360311,10,762.5999755859375,522.3499755859375,,
v1_tc_thesis_50s,2026-08-21,1049256,360311,10,765.719970703125,520.0499877929688,,
v1_tc_thesis_50s,2026-08-24,1033919,305490,10,763.469970703125,506.17999267578125,,
v1_tc_thesis_50s,2026-08-25,1048375,305490,10,765.9099731445312,514.0599975585938,,
v1_tc_thesis_50s,2026-08-26,1050389,305490,10,766.0800170898438,515.4000244140625,,
v1_tc_thesis_50s,2026-08-27,1063609,252971,10,771.0999755859375,525.4299926757812,,
v1_tc_thesis_50s,2026-08-28,1046174,252971,10,769.3499755859375,508.6199951171875,,
v1_tc_thesis_50s,2026-08-31,1041006,252971,10,767.0499877929688,511.0400085449219,,
v1_tc_thesis_50s,2026-09-01,1034567,252971,10,761.780029296875,500.30999755859375,,
v1_tc_thesis_50s,2026-09-02,1032113,252971,10,765.1599731445312,501.44000244140625,,
v1_tc_thesis_50s,2026-09-03,1038735,252971,10,773.1699829101562,502.20001220703125,,
v1_tc_thesis_50s,2026-09-04,1056919,252971,10,770.1900024414062,519.8599853515625,,
v1_tc_thesis_50s,2026-09-08,1089083,252971,10,765.9600219726562,528.4000244140625,,
v1_tc_thesis_50s,2026-09-09,1086121,198517,11,762.4000244140625,532.0,,
v1_tc_thesis_50s,2026-09-10,1074812,198517,11,757.8300170898438,517.4299926757812,,
v1_tc_thesis_50s,2026-09-11,1093478,144776,11,764.2899780273438,527.0700073242188,,
v1_tc_thesis_50s,2026-09-14,1027695,388282,8,760.8800048828125,497.3999938964844,,
v1_tc_thesis_50s,2026-09-15,1025866,388282,8,757.3900146484375,498.8500061035156,,
v1_tc_thesis_50s,2026-09-16,1036480,336989,9,754.0499877929688,502.05999755859375,,
v1_tc_thesis_50s,2026-09-17,1046288,77781,11,762.5999755859375,519.0999755859375,,
v1_tc_thesis_50s,2026-09-18,1059299,77781,11,761.6900024414062,533.0700073242188,,
v1_tc_thesis_50s,2026-09-21,1098552,77781,11,773.5,559.3400268554688,,
v1_tc_thesis_50s,2026-09-22,1102748,77781,11,773.3800048828125,572.780029296875,,
v1_tc_thesis_50s,2026-09-23,1099002,77781,11,767.8099975585938,565.719970703125,,
v1_tc_thesis_50s,2026-09-24,1095562,22831,12,767.1799926757812,566.0700073242188,,
v1_tc_val_100,2026-04-20,1000000,900000,1,706.8988037109375,417.351806640625,,
v1_tc_val_100,2026-04-21,1000502,900000,1,702.2708129882812,420.5003356933594,,
v1_tc_val_100,2026-04-22,1005789,900000,1,709.3825073242188,431.5650634765625,,
v1_tc_val_100,2026-04-23,1003294,749132,3,706.6295776367188,440.7906799316406,,
v1_tc_val_100,2026-04-24,1011394,798228,2,712.10546875,461.38092041015625,,
v1_tc_val_100,2026-04-27,1009766,747658,3,713.332275390625,455.19384765625,,
v1_tc_val_100,2026-04-28,1003589,846333,2,709.8612060546875,438.50177001953125,,
v1_tc_val_100,2026-04-29,1003870,846333,2,709.7515258789062,449.7763977050781,,
v1_tc_val_100,2026-04-30,1004863,846333,2,716.8132934570312,461.2209777832031,,
v1_tc_val_100,2026-05-01,1005600,846333,2,718.7982177734375,465.5289306640625,,
v1_tc_val_100,2026-05-04,1006608,796053,3,716.1649780273438,461.8406982421875,,
v1_tc_val_100,2026-05-05,1003041,796053,3,721.9102172851562,482.5008850097656,,
v1_tc_val_100,2026-05-06,1010907,796053,3,731.9443359375,506.6294250488281,,
v1_tc_val_100,2026-05-07,1007371,796053,3,729.7001342773438,492.12628173828125,,
v1_tc_val_100,2026-05-08,1007502,796053,3,735.724609375,520.0530395507812,,
v1_tc_val_100,2026-05-11,1008548,796053,3,737.4002685546875,532.5071411132812,,
v1_tc_val_100,2026-05-12,1005810,796053,3,736.2831420898438,515.7450561523438,,
v1_tc_val_100,2026-05-13,1004345,842164,2,740.4025268554688,528.0392456054688,,
v1_tc_val_100,2026-05-14,1009357,842164,2,746.2474975585938,529.7784423828125,,
v1_tc_val_100,2026-05-15,1005486,842164,2,737.2706298828125,508.27862548828125,,
v1_tc_val_100,2026-05-18,1003248,842164,2,736.751953125,495.6346435546875,,
v1_tc_val_100,2026-05-19,1003355,842164,2,731.8446044921875,496.50421142578125,,
v1_tc_val_100,2026-05-20,1005224,842164,2,739.3452758789062,520.0630493164062,,
v1_tc_val_100,2026-05-21,1007117,842164,2,740.8114624023438,524.4609985351562,,
v1_tc_val_100,2026-05-22,1006863,842164,2,743.7239990234375,537.0750122070312,,
v1_tc_val_100,2026-05-26,1008613,842164,2,748.6613159179688,569.8194580078125,,
v1_tc_val_100,2026-05-27,1011483,842164,2,748.5316162109375,563.7122802734375,,
v1_tc_val_100,2026-05-28,1011556,842164,2,752.6609497070312,569.19970703125,,
v1_tc_val_100,2026-05-29,1010462,842164,2,754.5361328125,568.8099365234375,,
v1_tc_val_100,2026-06-01,1015095,842164,2,756.5908203125,571.6585083007812,,
v1_tc_val_100,2026-06-02,1019620,842164,2,757.6182250976562,604.7328491210938,,
v1_tc_val_100,2026-06-03,1017861,842164,2,752.3018798828125,615.3877563476562,,
v1_tc_val_100,2026-06-04,1018656,791271,3,755.1445922851562,602.4338989257812,,
v1_tc_val_100,2026-06-05,1008876,740338,3,735.65478515625,539.5138549804688,,
v1_tc_val_100,2026-06-08,1009386,740338,3,737.3204345703125,571.1787719726562,,
v1_tc_val_100,2026-06-09,1009386,838146,2,735.1560668945312,561.8732299804688,,
v1_tc_val_100,2026-06-10,1002907,838146,2,723.56591796875,541.2529907226562,,
v1_tc_val_100,2026-06-11,1006585,537273,5,735.8642578125,586.6514282226562,,
v1_tc_val_100,2026-06-12,1013078,537273,5,739.843994140625,595.9669799804688,,
v1_tc_val_100,2026-06-15,1030282,537273,5,752.890380859375,628.4500122070312,,
v1_tc_val_100,2026-06-16,1028467,537273,5,748.4019775390625,591.239990234375,,
v1_tc_val_100,2026-06-17,1028802,485850,6,739.0560302734375,599.72998046875,,
v1_tc_val_100,2026-06-18,1063901,434410,7,746.739990234375,639.4500122070312,,
v1_tc_val_100,2026-06-22,1064853,381272,7,744.3900146484375,655.010009765625,,
v1_tc_val_100,2026-06-23,1035260,427123,7,733.5800170898438,603.3900146484375,,
v1_tc_val_100,2026-06-24,1034561,478911,6,733.239990234375,601.5,,
v1_tc_val_100,2026-06-25,1021892,574130,5,734.2999877929688,625.2000122070312,,
v1_tc_val_100,2026-06-26,992651,622220,4,728.989990234375,589.9400024414062,,
v1_tc_val_100,2026-06-29,1012842,522955,5,741.0,614.3499755859375,,
v1_tc_val_100,2026-06-30,1033135,472313,6,746.77001953125,640.760009765625,,
v1_tc_val_100,2026-07-01,1019740,420656,6,745.760009765625,599.7000122070312,,
v1_tc_val_100,2026-07-02,1010173,420656,6,744.780029296875,566.3200073242188,,
v1_tc_val_100,2026-07-06,1027645,420656,6,751.280029296875,581.510009765625,,
v1_tc_val_100,2026-07-07,1014965,420656,6,747.7100219726562,551.6900024414062,,
v1_tc_val_100,2026-07-08,1011742,420656,6,745.4000244140625,562.030029296875,,
v1_tc_val_100,2026-07-09,1012952,420656,6,751.7100219726562,581.7000122070312,,
v1_tc_val_100,2026-07-10,1011511,420656,6,754.9500122070312,581.3400268554688,,
v1_tc_val_100,2026-07-13,1000273,420656,6,749.1699829101562,553.6099853515625,,
v1_tc_val_100,2026-07-14,1009219,420656,6,751.8300170898438,567.9199829101562,,
v1_tc_val_100,2026-07-15,1015476,420656,6,754.8099975585938,555.27001953125,,
v1_tc_val_100,2026-07-16,998752,507713,5,750.719970703125,530.5,,
v1_tc_val_100,2026-07-17,988592,507713,5,743.2899780273438,521.8099975585938,,
v1_tc_val_100,2026-07-20,993860,507713,5,742.0900268554688,524.1400146484375,,
v1_tc_val_100,2026-07-21,999275,507713,5,748.280029296875,552.6900024414062,,
v1_tc_val_100,2026-07-22,998747,507713,5,747.4099731445312,555.52001953125,,
v1_tc_val_100,2026-07-23,986224,597473,4,738.1799926757812,551.239990234375,,
v1_tc_val_100,2026-07-24,982294,597473,4,738.9299926757812,527.010009765625,,
v1_tc_val_100,2026-07-27,978491,597473,4,739.0900268554688,516.22998046875,,
v1_tc_val_100,2026-07-28,977119,597473,4,740.8599853515625,491.4599914550781,,
v1_tc_val_100,2026-07-29,970166,694427,3,729.4600219726562,465.0,,
v1_tc_val_100,2026-07-30,992978,694427,3,741.6900024414062,504.5299987792969,,
v1_tc_val_100,2026-07-31,997322,644778,4,747.030029296875,504.8900146484375,,
v1_tc_val_100,2026-08-03,1001134,592597,5,757.6699829101562,507.67999267578125,,
v1_tc_val_100,2026-08-04,1009246,542540,6,771.3300170898438,542.2100219726562,,
v1_tc_val_100,2026-08-05,1003385,492078,7,769.7899780273438,530.7000122070312,,
v1_tc_val_100,2026-08-06,1010186,492078,7,768.5599975585938,532.52001953125,,
v1_tc_val_100,2026-08-07,1020595,340551,9,773.260009765625,543.27001953125,,
v1_tc_val_100,2026-08-10,1015424,289521,9,773.030029296875,529.3900146484375,,
v1_tc_val_100,2026-08-11,1024453,287934,9,770.5599975585938,534.2000122070312,,
v1_tc_val_100,2026-08-12,1048758,287934,9,772.489990234375,546.6099853515625,,
v1_tc_val_100,2026-08-13,1056966,183058,11,777.8800048828125,550.739990234375,,
v1_tc_val_100,2026-08-14,1063813,183058,11,776.3400268554688,550.4199829101562,,
v1_tc_val_100,2026-08-17,1067692,183058,11,772.6699829101562,559.1199951171875,,
v1_tc_val_100,2026-08-18,1035597,183058,11,767.4500122070312,531.3900146484375,,
v1_tc_val_100,2026-08-19,1016439,233249,10,769.0599975585938,519.6699829101562,,
v1_tc_val_100,2026-08-20,1034760,233249,10,762.5999755859375,522.3499755859375,,
v1_tc_val_100,2026-08-21,1039365,233249,10,765.719970703125,520.0499877929688,,
v1_tc_val_100,2026-08-24,1022404,179019,10,763.469970703125,506.17999267578125,,
v1_tc_val_100,2026-08-25,1038867,179019,10,765.9099731445312,514.0599975585938,,
v1_tc_val_100,2026-08-26,1040907,179019,10,766.0800170898438,515.4000244140625,,
v1_tc_val_100,2026-08-27,1055278,126974,10,771.0999755859375,525.4299926757812,,
v1_tc_val_100,2026-08-28,1036317,126974,10,769.3499755859375,508.6199951171875,,
v1_tc_val_100,2026-08-31,1031144,126974,10,767.0499877929688,511.0400085449219,,
v1_tc_val_100,2026-09-01,1024390,126974,10,761.780029296875,500.30999755859375,,
v1_tc_val_100,2026-09-02,1022786,126974,10,765.1599731445312,501.44000244140625,,
v1_tc_val_100,2026-09-03,1029861,126974,10,773.1699829101562,502.20001220703125,,
v1_tc_val_100,2026-09-04,1050773,126974,10,770.1900024414062,519.8599853515625,,
v1_tc_val_100,2026-09-08,1083960,126974,10,765.9600219726562,528.4000244140625,,
v1_tc_val_100,2026-09-09,1079883,72776,11,762.4000244140625,532.0,,
v1_tc_val_100,2026-09-10,1067264,72776,11,757.8300170898438,517.4299926757812,,
v1_tc_val_100,2026-09-11,1086958,19413,11,764.2899780273438,527.0700073242188,,
v1_tc_val_100,2026-09-14,1019135,260761,8,760.8800048828125,497.3999938964844,,
v1_tc_val_100,2026-09-15,1015299,260761,8,757.3900146484375,498.8500061035156,,
v1_tc_val_100,2026-09-16,1026698,209996,9,754.0499877929688,502.05999755859375,,
v1_tc_val_100,2026-09-17,1038986,0,11,762.5999755859375,519.0999755859375,,
v1_tc_val_100,2026-09-18,1053000,0,11,761.6900024414062,533.0700073242188,,
v1_tc_val_100,2026-09-21,1088716,0,11,773.5,559.3400268554688,,
v1_tc_val_100,2026-09-22,1093931,0,11,773.3800048828125,572.780029296875,,
v1_tc_val_100,2026-09-23,1089117,0,11,767.8099975585938,565.719970703125,,
v1_tc_val_100,2026-09-24,1084385,0,11,767.1799926757812,566.0700073242188,,
v1_tc_val_33r,2026-04-20,1000000,900000,1,706.8988037109375,417.351806640625,,
v1_tc_val_33r,2026-04-21,1000502,900000,1,702.2708129882812,420.5003356933594,,
v1_tc_val_33r,2026-04-22,1005789,900000,1,709.3825073242188,431.5650634765625,,
v1_tc_val_33r,2026-04-23,1003294,749132,3,706.6295776367188,440.7906799316406,,
v1_tc_val_33r,2026-04-24,1011394,798228,2,712.10546875,461.38092041015625,,
v1_tc_val_33r,2026-04-27,1009766,747658,3,713.332275390625,455.19384765625,,
v1_tc_val_33r,2026-04-28,1003589,846333,2,709.8612060546875,438.50177001953125,,
v1_tc_val_33r,2026-04-29,1003870,846333,2,709.7515258789062,449.7763977050781,,
v1_tc_val_33r,2026-04-30,1004863,846333,2,716.8132934570312,461.2209777832031,,
v1_tc_val_33r,2026-05-01,1005600,846333,2,718.7982177734375,465.5289306640625,,
v1_tc_val_33r,2026-05-04,1006608,796053,3,716.1649780273438,461.8406982421875,,
v1_tc_val_33r,2026-05-05,1003041,796053,3,721.9102172851562,482.5008850097656,,
v1_tc_val_33r,2026-05-06,1010907,796053,3,731.9443359375,506.6294250488281,,
v1_tc_val_33r,2026-05-07,1007371,796053,3,729.7001342773438,492.12628173828125,,
v1_tc_val_33r,2026-05-08,1007502,796053,3,735.724609375,520.0530395507812,,
v1_tc_val_33r,2026-05-11,1008548,796053,3,737.4002685546875,532.5071411132812,,
v1_tc_val_33r,2026-05-12,1005810,796053,3,736.2831420898438,515.7450561523438,,
v1_tc_val_33r,2026-05-13,1004345,842164,2,740.4025268554688,528.0392456054688,,
v1_tc_val_33r,2026-05-14,1009357,842164,2,746.2474975585938,529.7784423828125,,
v1_tc_val_33r,2026-05-15,1005486,842164,2,737.2706298828125,508.27862548828125,,
v1_tc_val_33r,2026-05-18,1003248,842164,2,736.751953125,495.6346435546875,,
v1_tc_val_33r,2026-05-19,1003355,842164,2,731.8446044921875,496.50421142578125,,
v1_tc_val_33r,2026-05-20,1005224,842164,2,739.3452758789062,520.0630493164062,,
v1_tc_val_33r,2026-05-21,1007117,842164,2,740.8114624023438,524.4609985351562,,
v1_tc_val_33r,2026-05-22,1006863,842164,2,743.7239990234375,537.0750122070312,,
v1_tc_val_33r,2026-05-26,1008613,842164,2,748.6613159179688,569.8194580078125,,
v1_tc_val_33r,2026-05-27,1011483,842164,2,748.5316162109375,563.7122802734375,,
v1_tc_val_33r,2026-05-28,1011556,842164,2,752.6609497070312,569.19970703125,,
v1_tc_val_33r,2026-05-29,1010462,842164,2,754.5361328125,568.8099365234375,,
v1_tc_val_33r,2026-06-01,1015095,842164,2,756.5908203125,571.6585083007812,,
v1_tc_val_33r,2026-06-02,1019620,842164,2,757.6182250976562,604.7328491210938,,
v1_tc_val_33r,2026-06-03,1017861,842164,2,752.3018798828125,615.3877563476562,,
v1_tc_val_33r,2026-06-04,1018656,791271,3,755.1445922851562,602.4338989257812,,
v1_tc_val_33r,2026-06-05,1008876,740338,3,735.65478515625,539.5138549804688,,
v1_tc_val_33r,2026-06-08,1009386,740338,3,737.3204345703125,571.1787719726562,,
v1_tc_val_33r,2026-06-09,1009386,838146,2,735.1560668945312,561.8732299804688,,
v1_tc_val_33r,2026-06-10,1002907,838146,2,723.56591796875,541.2529907226562,,
v1_tc_val_33r,2026-06-11,1006585,537273,5,735.8642578125,586.6514282226562,,
v1_tc_val_33r,2026-06-12,1013078,537273,5,739.843994140625,595.9669799804688,,
v1_tc_val_33r,2026-06-15,1030282,537273,5,752.890380859375,628.4500122070312,,
v1_tc_val_33r,2026-06-16,1028467,537273,5,748.4019775390625,591.239990234375,,
v1_tc_val_33r,2026-06-17,1028802,485850,6,739.0560302734375,599.72998046875,,
v1_tc_val_33r,2026-06-18,1063901,434410,7,746.739990234375,639.4500122070312,,
v1_tc_val_33r,2026-06-22,1064853,381272,7,744.3900146484375,655.010009765625,,
v1_tc_val_33r,2026-06-23,1035260,427123,7,733.5800170898438,603.3900146484375,,
v1_tc_val_33r,2026-06-24,1034561,478911,6,733.239990234375,601.5,,
v1_tc_val_33r,2026-06-25,1021892,574130,5,734.2999877929688,625.2000122070312,,
v1_tc_val_33r,2026-06-26,992651,622220,4,728.989990234375,589.9400024414062,,
v1_tc_val_33r,2026-06-29,1012842,522955,5,741.0,614.3499755859375,,
v1_tc_val_33r,2026-06-30,1033135,472313,6,746.77001953125,640.760009765625,,
v1_tc_val_33r,2026-07-01,1019740,420656,6,745.760009765625,599.7000122070312,,
v1_tc_val_33r,2026-07-02,1010173,420656,6,744.780029296875,566.3200073242188,,
v1_tc_val_33r,2026-07-06,1027645,420656,6,751.280029296875,581.510009765625,,
v1_tc_val_33r,2026-07-07,1014965,420656,6,747.7100219726562,551.6900024414062,,
v1_tc_val_33r,2026-07-08,1011742,420656,6,745.4000244140625,562.030029296875,,
v1_tc_val_33r,2026-07-09,1012952,420656,6,751.7100219726562,581.7000122070312,,
v1_tc_val_33r,2026-07-10,1011511,420656,6,754.9500122070312,581.3400268554688,,
v1_tc_val_33r,2026-07-13,1000273,420656,6,749.1699829101562,553.6099853515625,,
v1_tc_val_33r,2026-07-14,1009219,420656,6,751.8300170898438,567.9199829101562,,
v1_tc_val_33r,2026-07-15,1015476,420656,6,754.8099975585938,555.27001953125,,
v1_tc_val_33r,2026-07-16,998752,507713,5,750.719970703125,530.5,,
v1_tc_val_33r,2026-07-17,988592,507713,5,743.2899780273438,521.8099975585938,,
v1_tc_val_33r,2026-07-20,993860,507713,5,742.0900268554688,524.1400146484375,,
v1_tc_val_33r,2026-07-21,999275,507713,5,748.280029296875,552.6900024414062,,
v1_tc_val_33r,2026-07-22,998747,507713,5,747.4099731445312,555.52001953125,,
v1_tc_val_33r,2026-07-23,986224,597473,4,738.1799926757812,551.239990234375,,
v1_tc_val_33r,2026-07-24,982294,597473,4,738.9299926757812,527.010009765625,,
v1_tc_val_33r,2026-07-27,978491,597473,4,739.0900268554688,516.22998046875,,
v1_tc_val_33r,2026-07-28,977119,597473,4,740.8599853515625,491.4599914550781,,
v1_tc_val_33r,2026-07-29,970166,694427,3,729.4600219726562,465.0,,
v1_tc_val_33r,2026-07-30,992978,694427,3,741.6900024414062,504.5299987792969,,
v1_tc_val_33r,2026-07-31,997322,644778,4,747.030029296875,504.8900146484375,,
v1_tc_val_33r,2026-08-03,1001134,592597,5,757.6699829101562,507.67999267578125,,
v1_tc_val_33r,2026-08-04,1009246,542540,6,771.3300170898438,542.2100219726562,,
v1_tc_val_33r,2026-08-05,1003385,492078,7,769.7899780273438,530.7000122070312,,
v1_tc_val_33r,2026-08-06,1010186,492078,7,768.5599975585938,532.52001953125,,
v1_tc_val_33r,2026-08-07,1020595,340551,9,773.260009765625,543.27001953125,,
v1_tc_val_33r,2026-08-10,1015424,289521,9,773.030029296875,529.3900146484375,,
v1_tc_val_33r,2026-08-11,1024453,287934,9,770.5599975585938,534.2000122070312,,
v1_tc_val_33r,2026-08-12,1048758,287934,9,772.489990234375,546.6099853515625,,
v1_tc_val_33r,2026-08-13,1056966,183058,11,777.8800048828125,550.739990234375,,
v1_tc_val_33r,2026-08-14,1063813,183058,11,776.3400268554688,550.4199829101562,,
v1_tc_val_33r,2026-08-17,1067692,183058,11,772.6699829101562,559.1199951171875,,
v1_tc_val_33r,2026-08-18,1035597,183058,11,767.4500122070312,531.3900146484375,,
v1_tc_val_33r,2026-08-19,1016439,233249,10,769.0599975585938,519.6699829101562,,
v1_tc_val_33r,2026-08-20,1034760,233249,10,762.5999755859375,522.3499755859375,,
v1_tc_val_33r,2026-08-21,1039365,233249,10,765.719970703125,520.0499877929688,,
v1_tc_val_33r,2026-08-24,1022404,179019,10,763.469970703125,506.17999267578125,,
v1_tc_val_33r,2026-08-25,1038867,179019,10,765.9099731445312,514.0599975585938,,
v1_tc_val_33r,2026-08-26,1040907,179019,10,766.0800170898438,515.4000244140625,,
v1_tc_val_33r,2026-08-27,1055278,126974,10,771.0999755859375,525.4299926757812,,
v1_tc_val_33r,2026-08-28,1036317,126974,10,769.3499755859375,508.6199951171875,,
v1_tc_val_33r,2026-08-31,1031144,126974,10,767.0499877929688,511.0400085449219,,
v1_tc_val_33r,2026-09-01,1024390,126974,10,761.780029296875,500.30999755859375,,
v1_tc_val_33r,2026-09-02,1022786,126974,10,765.1599731445312,501.44000244140625,,
v1_tc_val_33r,2026-09-03,1029861,126974,10,773.1699829101562,502.20001220703125,,
v1_tc_val_33r,2026-09-04,1050773,126974,10,770.1900024414062,519.8599853515625,,
v1_tc_val_33r,2026-09-08,1083960,126974,10,765.9600219726562,528.4000244140625,,
v1_tc_val_33r,2026-09-09,1079883,72776,11,762.4000244140625,532.0,,
v1_tc_val_33r,2026-09-10,1067264,72776,11,757.8300170898438,517.4299926757812,,
v1_tc_val_33r,2026-09-11,1086958,19413,11,764.2899780273438,527.0700073242188,,
v1_tc_val_33r,2026-09-14,1019135,260761,8,760.8800048828125,497.3999938964844,,
v1_tc_val_33r,2026-09-15,1015299,260761,8,757.3900146484375,498.8500061035156,,
v1_tc_val_33r,2026-09-16,1026698,209996,9,754.0499877929688,502.05999755859375,,
v1_tc_val_33r,2026-09-17,1038986,0,11,762.5999755859375,519.0999755859375,,
v1_tc_val_33r,2026-09-18,1053000,0,11,761.6900024414062,533.0700073242188,,
v1_tc_val_33r,2026-09-21,1088716,0,11,773.5,559.3400268554688,,
v1_tc_val_33r,2026-09-22,1093931,0,11,773.3800048828125,572.780029296875,,
v1_tc_val_33r,2026-09-23,1089117,0,11,767.8099975585938,565.719970703125,,
v1_tc_val_33r,2026-09-24,1084385,0,11,767.1799926757812,566.0700073242188,,
v1_tc_val_33s,2026-04-20,1000000,900000,1,706.8988037109375,417.351806640625,,
v1_tc_val_33s,2026-04-21,1000502,900000,1,702.2708129882812,420.5003356933594,,
v1_tc_val_33s,2026-04-22,1005789,900000,1,709.3825073242188,431.5650634765625,,
v1_tc_val_33s,2026-04-23,1003294,749132,3,706.6295776367188,440.7906799316406,,
v1_tc_val_33s,2026-04-24,1011394,798228,2,712.10546875,461.38092041015625,,
v1_tc_val_33s,2026-04-27,1009766,747658,3,713.332275390625,455.19384765625,,
v1_tc_val_33s,2026-04-28,1003589,846333,2,709.8612060546875,438.50177001953125,,
v1_tc_val_33s,2026-04-29,1003870,846333,2,709.7515258789062,449.7763977050781,,
v1_tc_val_33s,2026-04-30,1004863,846333,2,716.8132934570312,461.2209777832031,,
v1_tc_val_33s,2026-05-01,1005600,846333,2,718.7982177734375,465.5289306640625,,
v1_tc_val_33s,2026-05-04,1006608,796053,3,716.1649780273438,461.8406982421875,,
v1_tc_val_33s,2026-05-05,1003041,796053,3,721.9102172851562,482.5008850097656,,
v1_tc_val_33s,2026-05-06,1010907,796053,3,731.9443359375,506.6294250488281,,
v1_tc_val_33s,2026-05-07,1007371,796053,3,729.7001342773438,492.12628173828125,,
v1_tc_val_33s,2026-05-08,1007502,796053,3,735.724609375,520.0530395507812,,
v1_tc_val_33s,2026-05-11,1008548,796053,3,737.4002685546875,532.5071411132812,,
v1_tc_val_33s,2026-05-12,1005810,796053,3,736.2831420898438,515.7450561523438,,
v1_tc_val_33s,2026-05-13,1004345,842164,2,740.4025268554688,528.0392456054688,,
v1_tc_val_33s,2026-05-14,1009357,842164,2,746.2474975585938,529.7784423828125,,
v1_tc_val_33s,2026-05-15,1005486,842164,2,737.2706298828125,508.27862548828125,,
v1_tc_val_33s,2026-05-18,1003248,842164,2,736.751953125,495.6346435546875,,
v1_tc_val_33s,2026-05-19,1003355,842164,2,731.8446044921875,496.50421142578125,,
v1_tc_val_33s,2026-05-20,1005224,842164,2,739.3452758789062,520.0630493164062,,
v1_tc_val_33s,2026-05-21,1007117,842164,2,740.8114624023438,524.4609985351562,,
v1_tc_val_33s,2026-05-22,1006863,842164,2,743.7239990234375,537.0750122070312,,
v1_tc_val_33s,2026-05-26,1008613,842164,2,748.6613159179688,569.8194580078125,,
v1_tc_val_33s,2026-05-27,1011483,842164,2,748.5316162109375,563.7122802734375,,
v1_tc_val_33s,2026-05-28,1011556,842164,2,752.6609497070312,569.19970703125,,
v1_tc_val_33s,2026-05-29,1010462,842164,2,754.5361328125,568.8099365234375,,
v1_tc_val_33s,2026-06-01,1015095,842164,2,756.5908203125,571.6585083007812,,
v1_tc_val_33s,2026-06-02,1019620,842164,2,757.6182250976562,604.7328491210938,,
v1_tc_val_33s,2026-06-03,1017861,842164,2,752.3018798828125,615.3877563476562,,
v1_tc_val_33s,2026-06-04,1018656,791271,3,755.1445922851562,602.4338989257812,,
v1_tc_val_33s,2026-06-05,1008876,740338,3,735.65478515625,539.5138549804688,,
v1_tc_val_33s,2026-06-08,1009386,740338,3,737.3204345703125,571.1787719726562,,
v1_tc_val_33s,2026-06-09,1009386,838146,2,735.1560668945312,561.8732299804688,,
v1_tc_val_33s,2026-06-10,1002907,838146,2,723.56591796875,541.2529907226562,,
v1_tc_val_33s,2026-06-11,1006585,537273,5,735.8642578125,586.6514282226562,,
v1_tc_val_33s,2026-06-12,1013078,537273,5,739.843994140625,595.9669799804688,,
v1_tc_val_33s,2026-06-15,1030282,537273,5,752.890380859375,628.4500122070312,,
v1_tc_val_33s,2026-06-16,1028467,537273,5,748.4019775390625,591.239990234375,,
v1_tc_val_33s,2026-06-17,1028802,485850,6,739.0560302734375,599.72998046875,,
v1_tc_val_33s,2026-06-18,1063901,434410,7,746.739990234375,639.4500122070312,,
v1_tc_val_33s,2026-06-22,1064853,381272,7,744.3900146484375,655.010009765625,,
v1_tc_val_33s,2026-06-23,1035260,427123,7,733.5800170898438,603.3900146484375,,
v1_tc_val_33s,2026-06-24,1034561,478911,6,733.239990234375,601.5,,
v1_tc_val_33s,2026-06-25,1021892,574130,5,734.2999877929688,625.2000122070312,,
v1_tc_val_33s,2026-06-26,992651,622220,4,728.989990234375,589.9400024414062,,
v1_tc_val_33s,2026-06-29,1012842,522955,5,741.0,614.3499755859375,,
v1_tc_val_33s,2026-06-30,1033135,472313,6,746.77001953125,640.760009765625,,
v1_tc_val_33s,2026-07-01,1019740,420656,6,745.760009765625,599.7000122070312,,
v1_tc_val_33s,2026-07-02,1010173,420656,6,744.780029296875,566.3200073242188,,
v1_tc_val_33s,2026-07-06,1027645,420656,6,751.280029296875,581.510009765625,,
v1_tc_val_33s,2026-07-07,1014965,420656,6,747.7100219726562,551.6900024414062,,
v1_tc_val_33s,2026-07-08,1011742,420656,6,745.4000244140625,562.030029296875,,
v1_tc_val_33s,2026-07-09,1012952,420656,6,751.7100219726562,581.7000122070312,,
v1_tc_val_33s,2026-07-10,1011511,420656,6,754.9500122070312,581.3400268554688,,
v1_tc_val_33s,2026-07-13,1000273,420656,6,749.1699829101562,553.6099853515625,,
v1_tc_val_33s,2026-07-14,1009219,420656,6,751.8300170898438,567.9199829101562,,
v1_tc_val_33s,2026-07-15,1015476,420656,6,754.8099975585938,555.27001953125,,
v1_tc_val_33s,2026-07-16,998752,507713,5,750.719970703125,530.5,,
v1_tc_val_33s,2026-07-17,988592,507713,5,743.2899780273438,521.8099975585938,,
v1_tc_val_33s,2026-07-20,993860,507713,5,742.0900268554688,524.1400146484375,,
v1_tc_val_33s,2026-07-21,999275,507713,5,748.280029296875,552.6900024414062,,
v1_tc_val_33s,2026-07-22,998747,507713,5,747.4099731445312,555.52001953125,,
v1_tc_val_33s,2026-07-23,986224,597473,4,738.1799926757812,551.239990234375,,
v1_tc_val_33s,2026-07-24,982294,597473,4,738.9299926757812,527.010009765625,,
v1_tc_val_33s,2026-07-27,978491,597473,4,739.0900268554688,516.22998046875,,
v1_tc_val_33s,2026-07-28,977119,597473,4,740.8599853515625,491.4599914550781,,
v1_tc_val_33s,2026-07-29,970166,694427,3,729.4600219726562,465.0,,
v1_tc_val_33s,2026-07-30,992978,694427,3,741.6900024414062,504.5299987792969,,
v1_tc_val_33s,2026-07-31,997322,644778,4,747.030029296875,504.8900146484375,,
v1_tc_val_33s,2026-08-03,1001134,592597,5,757.6699829101562,507.67999267578125,,
v1_tc_val_33s,2026-08-04,1009246,542540,6,771.3300170898438,542.2100219726562,,
v1_tc_val_33s,2026-08-05,1003385,492078,7,769.7899780273438,530.7000122070312,,
v1_tc_val_33s,2026-08-06,1010186,492078,7,768.5599975585938,532.52001953125,,
v1_tc_val_33s,2026-08-07,1020595,340551,9,773.260009765625,543.27001953125,,
v1_tc_val_33s,2026-08-10,1015424,289521,9,773.030029296875,529.3900146484375,,
v1_tc_val_33s,2026-08-11,1024453,287934,9,770.5599975585938,534.2000122070312,,
v1_tc_val_33s,2026-08-12,1048758,287934,9,772.489990234375,546.6099853515625,,
v1_tc_val_33s,2026-08-13,1056966,183058,11,777.8800048828125,550.739990234375,,
v1_tc_val_33s,2026-08-14,1063813,183058,11,776.3400268554688,550.4199829101562,,
v1_tc_val_33s,2026-08-17,1067692,183058,11,772.6699829101562,559.1199951171875,,
v1_tc_val_33s,2026-08-18,1035597,183058,11,767.4500122070312,531.3900146484375,,
v1_tc_val_33s,2026-08-19,1016439,233249,10,769.0599975585938,519.6699829101562,,
v1_tc_val_33s,2026-08-20,1034760,233249,10,762.5999755859375,522.3499755859375,,
v1_tc_val_33s,2026-08-21,1039365,233249,10,765.719970703125,520.0499877929688,,
v1_tc_val_33s,2026-08-24,1022404,179019,10,763.469970703125,506.17999267578125,,
v1_tc_val_33s,2026-08-25,1038867,179019,10,765.9099731445312,514.0599975585938,,
v1_tc_val_33s,2026-08-26,1040907,179019,10,766.0800170898438,515.4000244140625,,
v1_tc_val_33s,2026-08-27,1055278,126974,10,771.0999755859375,525.4299926757812,,
v1_tc_val_33s,2026-08-28,1036317,126974,10,769.3499755859375,508.6199951171875,,
v1_tc_val_33s,2026-08-31,1031144,126974,10,767.0499877929688,511.0400085449219,,
v1_tc_val_33s,2026-09-01,1024390,126974,10,761.780029296875,500.30999755859375,,
v1_tc_val_33s,2026-09-02,1022786,126974,10,765.1599731445312,501.44000244140625,,
v1_tc_val_33s,2026-09-03,1029861,126974,10,773.1699829101562,502.20001220703125,,
v1_tc_val_33s,2026-09-04,1050773,126974,10,770.1900024414062,519.8599853515625,,
v1_tc_val_33s,2026-09-08,1083960,126974,10,765.9600219726562,528.4000244140625,,
v1_tc_val_33s,2026-09-09,1079883,72776,11,762.4000244140625,532.0,,
v1_tc_val_33s,2026-09-10,1067264,72776,11,757.8300170898438,517.4299926757812,,
v1_tc_val_33s,2026-09-11,1086958,19413,11,764.2899780273438,527.0700073242188,,
v1_tc_val_33s,2026-09-14,1019135,260761,8,760.8800048828125,497.3999938964844,,
v1_tc_val_33s,2026-09-15,1015299,260761,8,757.3900146484375,498.8500061035156,,
v1_tc_val_33s,2026-09-16,1026698,209996,9,754.0499877929688,502.05999755859375,,
v1_tc_val_33s,2026-09-17,1038986,0,11,762.5999755859375,519.0999755859375,,
v1_tc_val_33s,2026-09-18,1053000,0,11,761.6900024414062,533.0700073242188,,
v1_tc_val_33s,2026-09-21,1088716,0,11,773.5,559.3400268554688,,
v1_tc_val_33s,2026-09-22,1093931,0,11,773.3800048828125,572.780029296875,,
v1_tc_val_33s,2026-09-23,1089117,0,11,767.8099975585938,565.719970703125,,
v1_tc_val_33s,2026-09-24,1084385,0,11,767.1799926757812,566.0700073242188,,
v1_tc_val_50r,2026-04-20,1000000,900000,1,706.8988037109375,417.351806640625,,
v1_tc_val_50r,2026-04-21,1000502,900000,1,702.2708129882812,420.5003356933594,,
v1_tc_val_50r,2026-04-22,1005789,900000,1,709.3825073242188,431.5650634765625,,
v1_tc_val_50r,2026-04-23,1003294,749132,3,706.6295776367188,440.7906799316406,,
v1_tc_val_50r,2026-04-24,1011394,798228,2,712.10546875,461.38092041015625,,
v1_tc_val_50r,2026-04-27,1009766,747658,3,713.332275390625,455.19384765625,,
v1_tc_val_50r,2026-04-28,1003589,846333,2,709.8612060546875,438.50177001953125,,
v1_tc_val_50r,2026-04-29,1003870,846333,2,709.7515258789062,449.7763977050781,,
v1_tc_val_50r,2026-04-30,1004863,846333,2,716.8132934570312,461.2209777832031,,
v1_tc_val_50r,2026-05-01,1005600,846333,2,718.7982177734375,465.5289306640625,,
v1_tc_val_50r,2026-05-04,1006608,796053,3,716.1649780273438,461.8406982421875,,
v1_tc_val_50r,2026-05-05,1003041,796053,3,721.9102172851562,482.5008850097656,,
v1_tc_val_50r,2026-05-06,1010907,796053,3,731.9443359375,506.6294250488281,,
v1_tc_val_50r,2026-05-07,1007371,796053,3,729.7001342773438,492.12628173828125,,
v1_tc_val_50r,2026-05-08,1007502,796053,3,735.724609375,520.0530395507812,,
v1_tc_val_50r,2026-05-11,1008548,796053,3,737.4002685546875,532.5071411132812,,
v1_tc_val_50r,2026-05-12,1005810,796053,3,736.2831420898438,515.7450561523438,,
v1_tc_val_50r,2026-05-13,1004345,842164,2,740.4025268554688,528.0392456054688,,
v1_tc_val_50r,2026-05-14,1009357,842164,2,746.2474975585938,529.7784423828125,,
v1_tc_val_50r,2026-05-15,1005486,842164,2,737.2706298828125,508.27862548828125,,
v1_tc_val_50r,2026-05-18,1003248,842164,2,736.751953125,495.6346435546875,,
v1_tc_val_50r,2026-05-19,1003355,842164,2,731.8446044921875,496.50421142578125,,
v1_tc_val_50r,2026-05-20,1005224,842164,2,739.3452758789062,520.0630493164062,,
v1_tc_val_50r,2026-05-21,1007117,842164,2,740.8114624023438,524.4609985351562,,
v1_tc_val_50r,2026-05-22,1006863,842164,2,743.7239990234375,537.0750122070312,,
v1_tc_val_50r,2026-05-26,1008613,842164,2,748.6613159179688,569.8194580078125,,
v1_tc_val_50r,2026-05-27,1011483,842164,2,748.5316162109375,563.7122802734375,,
v1_tc_val_50r,2026-05-28,1011556,842164,2,752.6609497070312,569.19970703125,,
v1_tc_val_50r,2026-05-29,1010462,842164,2,754.5361328125,568.8099365234375,,
v1_tc_val_50r,2026-06-01,1015095,842164,2,756.5908203125,571.6585083007812,,
v1_tc_val_50r,2026-06-02,1019620,842164,2,757.6182250976562,604.7328491210938,,
v1_tc_val_50r,2026-06-03,1017861,842164,2,752.3018798828125,615.3877563476562,,
v1_tc_val_50r,2026-06-04,1018656,791271,3,755.1445922851562,602.4338989257812,,
v1_tc_val_50r,2026-06-05,1008876,740338,3,735.65478515625,539.5138549804688,,
v1_tc_val_50r,2026-06-08,1009386,740338,3,737.3204345703125,571.1787719726562,,
v1_tc_val_50r,2026-06-09,1009386,838146,2,735.1560668945312,561.8732299804688,,
v1_tc_val_50r,2026-06-10,1002907,838146,2,723.56591796875,541.2529907226562,,
v1_tc_val_50r,2026-06-11,1006585,537273,5,735.8642578125,586.6514282226562,,
v1_tc_val_50r,2026-06-12,1013078,537273,5,739.843994140625,595.9669799804688,,
v1_tc_val_50r,2026-06-15,1030282,537273,5,752.890380859375,628.4500122070312,,
v1_tc_val_50r,2026-06-16,1028467,537273,5,748.4019775390625,591.239990234375,,
v1_tc_val_50r,2026-06-17,1028802,485850,6,739.0560302734375,599.72998046875,,
v1_tc_val_50r,2026-06-18,1063901,434410,7,746.739990234375,639.4500122070312,,
v1_tc_val_50r,2026-06-22,1064853,381272,7,744.3900146484375,655.010009765625,,
v1_tc_val_50r,2026-06-23,1035260,427123,7,733.5800170898438,603.3900146484375,,
v1_tc_val_50r,2026-06-24,1034561,478911,6,733.239990234375,601.5,,
v1_tc_val_50r,2026-06-25,1021892,574130,5,734.2999877929688,625.2000122070312,,
v1_tc_val_50r,2026-06-26,992651,622220,4,728.989990234375,589.9400024414062,,
v1_tc_val_50r,2026-06-29,1012842,522955,5,741.0,614.3499755859375,,
v1_tc_val_50r,2026-06-30,1033135,472313,6,746.77001953125,640.760009765625,,
v1_tc_val_50r,2026-07-01,1019740,420656,6,745.760009765625,599.7000122070312,,
v1_tc_val_50r,2026-07-02,1010173,420656,6,744.780029296875,566.3200073242188,,
v1_tc_val_50r,2026-07-06,1027645,420656,6,751.280029296875,581.510009765625,,
v1_tc_val_50r,2026-07-07,1014965,420656,6,747.7100219726562,551.6900024414062,,
v1_tc_val_50r,2026-07-08,1011742,420656,6,745.4000244140625,562.030029296875,,
v1_tc_val_50r,2026-07-09,1012952,420656,6,751.7100219726562,581.7000122070312,,
v1_tc_val_50r,2026-07-10,1011511,420656,6,754.9500122070312,581.3400268554688,,
v1_tc_val_50r,2026-07-13,1000273,420656,6,749.1699829101562,553.6099853515625,,
v1_tc_val_50r,2026-07-14,1009219,420656,6,751.8300170898438,567.9199829101562,,
v1_tc_val_50r,2026-07-15,1015476,420656,6,754.8099975585938,555.27001953125,,
v1_tc_val_50r,2026-07-16,998752,507713,5,750.719970703125,530.5,,
v1_tc_val_50r,2026-07-17,988592,507713,5,743.2899780273438,521.8099975585938,,
v1_tc_val_50r,2026-07-20,993860,507713,5,742.0900268554688,524.1400146484375,,
v1_tc_val_50r,2026-07-21,999275,507713,5,748.280029296875,552.6900024414062,,
v1_tc_val_50r,2026-07-22,998747,507713,5,747.4099731445312,555.52001953125,,
v1_tc_val_50r,2026-07-23,986224,597473,4,738.1799926757812,551.239990234375,,
v1_tc_val_50r,2026-07-24,982294,597473,4,738.9299926757812,527.010009765625,,
v1_tc_val_50r,2026-07-27,978491,597473,4,739.0900268554688,516.22998046875,,
v1_tc_val_50r,2026-07-28,977119,597473,4,740.8599853515625,491.4599914550781,,
v1_tc_val_50r,2026-07-29,970166,694427,3,729.4600219726562,465.0,,
v1_tc_val_50r,2026-07-30,992978,694427,3,741.6900024414062,504.5299987792969,,
v1_tc_val_50r,2026-07-31,997322,644778,4,747.030029296875,504.8900146484375,,
v1_tc_val_50r,2026-08-03,1001134,592597,5,757.6699829101562,507.67999267578125,,
v1_tc_val_50r,2026-08-04,1009246,542540,6,771.3300170898438,542.2100219726562,,
v1_tc_val_50r,2026-08-05,1003385,492078,7,769.7899780273438,530.7000122070312,,
v1_tc_val_50r,2026-08-06,1010186,492078,7,768.5599975585938,532.52001953125,,
v1_tc_val_50r,2026-08-07,1020595,340551,9,773.260009765625,543.27001953125,,
v1_tc_val_50r,2026-08-10,1015424,289521,9,773.030029296875,529.3900146484375,,
v1_tc_val_50r,2026-08-11,1024453,287934,9,770.5599975585938,534.2000122070312,,
v1_tc_val_50r,2026-08-12,1048758,287934,9,772.489990234375,546.6099853515625,,
v1_tc_val_50r,2026-08-13,1056966,183058,11,777.8800048828125,550.739990234375,,
v1_tc_val_50r,2026-08-14,1063813,183058,11,776.3400268554688,550.4199829101562,,
v1_tc_val_50r,2026-08-17,1067692,183058,11,772.6699829101562,559.1199951171875,,
v1_tc_val_50r,2026-08-18,1035597,183058,11,767.4500122070312,531.3900146484375,,
v1_tc_val_50r,2026-08-19,1016439,233249,10,769.0599975585938,519.6699829101562,,
v1_tc_val_50r,2026-08-20,1034760,233249,10,762.5999755859375,522.3499755859375,,
v1_tc_val_50r,2026-08-21,1039365,233249,10,765.719970703125,520.0499877929688,,
v1_tc_val_50r,2026-08-24,1022404,179019,10,763.469970703125,506.17999267578125,,
v1_tc_val_50r,2026-08-25,1038867,179019,10,765.9099731445312,514.0599975585938,,
v1_tc_val_50r,2026-08-26,1040907,179019,10,766.0800170898438,515.4000244140625,,
v1_tc_val_50r,2026-08-27,1055278,126974,10,771.0999755859375,525.4299926757812,,
v1_tc_val_50r,2026-08-28,1036317,126974,10,769.3499755859375,508.6199951171875,,
v1_tc_val_50r,2026-08-31,1031144,126974,10,767.0499877929688,511.0400085449219,,
v1_tc_val_50r,2026-09-01,1024390,126974,10,761.780029296875,500.30999755859375,,
v1_tc_val_50r,2026-09-02,1022786,126974,10,765.1599731445312,501.44000244140625,,
v1_tc_val_50r,2026-09-03,1029861,126974,10,773.1699829101562,502.20001220703125,,
v1_tc_val_50r,2026-09-04,1050773,126974,10,770.1900024414062,519.8599853515625,,
v1_tc_val_50r,2026-09-08,1083960,126974,10,765.9600219726562,528.4000244140625,,
v1_tc_val_50r,2026-09-09,1079883,72776,11,762.4000244140625,532.0,,
v1_tc_val_50r,2026-09-10,1067264,72776,11,757.8300170898438,517.4299926757812,,
v1_tc_val_50r,2026-09-11,1086958,19413,11,764.2899780273438,527.0700073242188,,
v1_tc_val_50r,2026-09-14,1019135,260761,8,760.8800048828125,497.3999938964844,,
v1_tc_val_50r,2026-09-15,1015299,260761,8,757.3900146484375,498.8500061035156,,
v1_tc_val_50r,2026-09-16,1026698,209996,9,754.0499877929688,502.05999755859375,,
v1_tc_val_50r,2026-09-17,1038986,0,11,762.5999755859375,519.0999755859375,,
v1_tc_val_50r,2026-09-18,1053000,0,11,761.6900024414062,533.0700073242188,,
v1_tc_val_50r,2026-09-21,1088716,0,11,773.5,559.3400268554688,,
v1_tc_val_50r,2026-09-22,1093931,0,11,773.3800048828125,572.780029296875,,
v1_tc_val_50r,2026-09-23,1089117,0,11,767.8099975585938,565.719970703125,,
v1_tc_val_50r,2026-09-24,1084385,0,11,767.1799926757812,566.0700073242188,,
v1_tc_val_50s,2026-04-20,1000000,900000,1,706.8988037109375,417.351806640625,,
v1_tc_val_50s,2026-04-21,1000502,900000,1,702.2708129882812,420.5003356933594,,
v1_tc_val_50s,2026-04-22,1005789,900000,1,709.3825073242188,431.5650634765625,,
v1_tc_val_50s,2026-04-23,1003294,749132,3,706.6295776367188,440.7906799316406,,
v1_tc_val_50s,2026-04-24,1011394,798228,2,712.10546875,461.38092041015625,,
v1_tc_val_50s,2026-04-27,1009766,747658,3,713.332275390625,455.19384765625,,
v1_tc_val_50s,2026-04-28,1003589,846333,2,709.8612060546875,438.50177001953125,,
v1_tc_val_50s,2026-04-29,1003870,846333,2,709.7515258789062,449.7763977050781,,
v1_tc_val_50s,2026-04-30,1004863,846333,2,716.8132934570312,461.2209777832031,,
v1_tc_val_50s,2026-05-01,1005600,846333,2,718.7982177734375,465.5289306640625,,
v1_tc_val_50s,2026-05-04,1006608,796053,3,716.1649780273438,461.8406982421875,,
v1_tc_val_50s,2026-05-05,1003041,796053,3,721.9102172851562,482.5008850097656,,
v1_tc_val_50s,2026-05-06,1010907,796053,3,731.9443359375,506.6294250488281,,
v1_tc_val_50s,2026-05-07,1007371,796053,3,729.7001342773438,492.12628173828125,,
v1_tc_val_50s,2026-05-08,1007502,796053,3,735.724609375,520.0530395507812,,
v1_tc_val_50s,2026-05-11,1008548,796053,3,737.4002685546875,532.5071411132812,,
v1_tc_val_50s,2026-05-12,1005810,796053,3,736.2831420898438,515.7450561523438,,
v1_tc_val_50s,2026-05-13,1004345,842164,2,740.4025268554688,528.0392456054688,,
v1_tc_val_50s,2026-05-14,1009357,842164,2,746.2474975585938,529.7784423828125,,
v1_tc_val_50s,2026-05-15,1005486,842164,2,737.2706298828125,508.27862548828125,,
v1_tc_val_50s,2026-05-18,1003248,842164,2,736.751953125,495.6346435546875,,
v1_tc_val_50s,2026-05-19,1003355,842164,2,731.8446044921875,496.50421142578125,,
v1_tc_val_50s,2026-05-20,1005224,842164,2,739.3452758789062,520.0630493164062,,
v1_tc_val_50s,2026-05-21,1007117,842164,2,740.8114624023438,524.4609985351562,,
v1_tc_val_50s,2026-05-22,1006863,842164,2,743.7239990234375,537.0750122070312,,
v1_tc_val_50s,2026-05-26,1008613,842164,2,748.6613159179688,569.8194580078125,,
v1_tc_val_50s,2026-05-27,1011483,842164,2,748.5316162109375,563.7122802734375,,
v1_tc_val_50s,2026-05-28,1011556,842164,2,752.6609497070312,569.19970703125,,
v1_tc_val_50s,2026-05-29,1010462,842164,2,754.5361328125,568.8099365234375,,
v1_tc_val_50s,2026-06-01,1015095,842164,2,756.5908203125,571.6585083007812,,
v1_tc_val_50s,2026-06-02,1019620,842164,2,757.6182250976562,604.7328491210938,,
v1_tc_val_50s,2026-06-03,1017861,842164,2,752.3018798828125,615.3877563476562,,
v1_tc_val_50s,2026-06-04,1018656,791271,3,755.1445922851562,602.4338989257812,,
v1_tc_val_50s,2026-06-05,1008876,740338,3,735.65478515625,539.5138549804688,,
v1_tc_val_50s,2026-06-08,1009386,740338,3,737.3204345703125,571.1787719726562,,
v1_tc_val_50s,2026-06-09,1009386,838146,2,735.1560668945312,561.8732299804688,,
v1_tc_val_50s,2026-06-10,1002907,838146,2,723.56591796875,541.2529907226562,,
v1_tc_val_50s,2026-06-11,1006585,537273,5,735.8642578125,586.6514282226562,,
v1_tc_val_50s,2026-06-12,1013078,537273,5,739.843994140625,595.9669799804688,,
v1_tc_val_50s,2026-06-15,1030282,537273,5,752.890380859375,628.4500122070312,,
v1_tc_val_50s,2026-06-16,1028467,537273,5,748.4019775390625,591.239990234375,,
v1_tc_val_50s,2026-06-17,1028802,485850,6,739.0560302734375,599.72998046875,,
v1_tc_val_50s,2026-06-18,1063901,434410,7,746.739990234375,639.4500122070312,,
v1_tc_val_50s,2026-06-22,1064853,381272,7,744.3900146484375,655.010009765625,,
v1_tc_val_50s,2026-06-23,1035260,427123,7,733.5800170898438,603.3900146484375,,
v1_tc_val_50s,2026-06-24,1034561,478911,6,733.239990234375,601.5,,
v1_tc_val_50s,2026-06-25,1021892,574130,5,734.2999877929688,625.2000122070312,,
v1_tc_val_50s,2026-06-26,992651,622220,4,728.989990234375,589.9400024414062,,
v1_tc_val_50s,2026-06-29,1012842,522955,5,741.0,614.3499755859375,,
v1_tc_val_50s,2026-06-30,1033135,472313,6,746.77001953125,640.760009765625,,
v1_tc_val_50s,2026-07-01,1019740,420656,6,745.760009765625,599.7000122070312,,
v1_tc_val_50s,2026-07-02,1010173,420656,6,744.780029296875,566.3200073242188,,
v1_tc_val_50s,2026-07-06,1027645,420656,6,751.280029296875,581.510009765625,,
v1_tc_val_50s,2026-07-07,1014965,420656,6,747.7100219726562,551.6900024414062,,
v1_tc_val_50s,2026-07-08,1011742,420656,6,745.4000244140625,562.030029296875,,
v1_tc_val_50s,2026-07-09,1012952,420656,6,751.7100219726562,581.7000122070312,,
v1_tc_val_50s,2026-07-10,1011511,420656,6,754.9500122070312,581.3400268554688,,
v1_tc_val_50s,2026-07-13,1000273,420656,6,749.1699829101562,553.6099853515625,,
v1_tc_val_50s,2026-07-14,1009219,420656,6,751.8300170898438,567.9199829101562,,
v1_tc_val_50s,2026-07-15,1015476,420656,6,754.8099975585938,555.27001953125,,
v1_tc_val_50s,2026-07-16,998752,507713,5,750.719970703125,530.5,,
v1_tc_val_50s,2026-07-17,988592,507713,5,743.2899780273438,521.8099975585938,,
v1_tc_val_50s,2026-07-20,993860,507713,5,742.0900268554688,524.1400146484375,,
v1_tc_val_50s,2026-07-21,999275,507713,5,748.280029296875,552.6900024414062,,
v1_tc_val_50s,2026-07-22,998747,507713,5,747.4099731445312,555.52001953125,,
v1_tc_val_50s,2026-07-23,986224,597473,4,738.1799926757812,551.239990234375,,
v1_tc_val_50s,2026-07-24,982294,597473,4,738.9299926757812,527.010009765625,,
v1_tc_val_50s,2026-07-27,978491,597473,4,739.0900268554688,516.22998046875,,
v1_tc_val_50s,2026-07-28,977119,597473,4,740.8599853515625,491.4599914550781,,
v1_tc_val_50s,2026-07-29,970166,694427,3,729.4600219726562,465.0,,
v1_tc_val_50s,2026-07-30,992978,694427,3,741.6900024414062,504.5299987792969,,
v1_tc_val_50s,2026-07-31,997322,644778,4,747.030029296875,504.8900146484375,,
v1_tc_val_50s,2026-08-03,1001134,592597,5,757.6699829101562,507.67999267578125,,
v1_tc_val_50s,2026-08-04,1009246,542540,6,771.3300170898438,542.2100219726562,,
v1_tc_val_50s,2026-08-05,1003385,492078,7,769.7899780273438,530.7000122070312,,
v1_tc_val_50s,2026-08-06,1010186,492078,7,768.5599975585938,532.52001953125,,
v1_tc_val_50s,2026-08-07,1020595,340551,9,773.260009765625,543.27001953125,,
v1_tc_val_50s,2026-08-10,1015424,289521,9,773.030029296875,529.3900146484375,,
v1_tc_val_50s,2026-08-11,1024453,287934,9,770.5599975585938,534.2000122070312,,
v1_tc_val_50s,2026-08-12,1048758,287934,9,772.489990234375,546.6099853515625,,
v1_tc_val_50s,2026-08-13,1056966,183058,11,777.8800048828125,550.739990234375,,
v1_tc_val_50s,2026-08-14,1063813,183058,11,776.3400268554688,550.4199829101562,,
v1_tc_val_50s,2026-08-17,1067692,183058,11,772.6699829101562,559.1199951171875,,
v1_tc_val_50s,2026-08-18,1035597,183058,11,767.4500122070312,531.3900146484375,,
v1_tc_val_50s,2026-08-19,1016439,233249,10,769.0599975585938,519.6699829101562,,
v1_tc_val_50s,2026-08-20,1034760,233249,10,762.5999755859375,522.3499755859375,,
v1_tc_val_50s,2026-08-21,1039365,233249,10,765.719970703125,520.0499877929688,,
v1_tc_val_50s,2026-08-24,1022404,179019,10,763.469970703125,506.17999267578125,,
v1_tc_val_50s,2026-08-25,1038867,179019,10,765.9099731445312,514.0599975585938,,
v1_tc_val_50s,2026-08-26,1040907,179019,10,766.0800170898438,515.4000244140625,,
v1_tc_val_50s,2026-08-27,1055278,126974,10,771.0999755859375,525.4299926757812,,
v1_tc_val_50s,2026-08-28,1036317,126974,10,769.3499755859375,508.6199951171875,,
v1_tc_val_50s,2026-08-31,1031144,126974,10,767.0499877929688,511.0400085449219,,
v1_tc_val_50s,2026-09-01,1024390,126974,10,761.780029296875,500.30999755859375,,
v1_tc_val_50s,2026-09-02,1022786,126974,10,765.1599731445312,501.44000244140625,,
v1_tc_val_50s,2026-09-03,1029861,126974,10,773.1699829101562,502.20001220703125,,
v1_tc_val_50s,2026-09-04,1050773,126974,10,770.1900024414062,519.8599853515625,,
v1_tc_val_50s,2026-09-08,1083960,126974,10,765.9600219726562,528.4000244140625,,
v1_tc_val_50s,2026-09-09,1079883,72776,11,762.4000244140625,532.0,,
v1_tc_val_50s,2026-09-10,1067264,72776,11,757.8300170898438,517.4299926757812,,
v1_tc_val_50s,2026-09-11,1086958,19413,11,764.2899780273438,527.0700073242188,,
v1_tc_val_50s,2026-09-14,1019135,260761,8,760.8800048828125,497.3999938964844,,
v1_tc_val_50s,2026-09-15,1015299,260761,8,757.3900146484375,498.8500061035156,,
v1_tc_val_50s,2026-09-16,1026698,209996,9,754.0499877929688,502.05999755859375,,
v1_tc_val_50s,2026-09-17,1038986,0,11,762.5999755859375,519.0999755859375,,
v1_tc_val_50s,2026-09-18,1053000,0,11,761.6900024414062,533.0700073242188,,
v1_tc_val_50s,2026-09-21,1088716,0,11,773.5,559.3400268554688,,
v1_tc_val_50s,2026-09-22,1093931,0,11,773.3800048828125,572.780029296875,,
v1_tc_val_50s,2026-09-23,1089117,0,11,767.8099975585938,565.719970703125,,
v1_tc_val_50s,2026-09-24,1084385,0,11,767.1799926757812,566.0700073242188,,
v1_trail10,2026-04-20,1000000,900000,1,706.8988037109375,417.351806640625,,
v1_trail10,2026-04-21,1000502,900000,1,702.2708129882812,420.5003356933594,,
v1_trail10,2026-04-22,1005789,900000,1,709.3825073242188,431.5650634765625,,
v1_trail10,2026-04-23,1003294,749132,3,706.6295776367188,440.7906799316406,,
v1_trail10,2026-04-24,1011173,798007,2,712.10546875,461.38092041015625,,
v1_trail10,2026-04-27,1009546,747448,3,713.332275390625,455.19384765625,,
v1_trail10,2026-04-28,1003368,846123,2,709.8612060546875,438.50177001953125,,
v1_trail10,2026-04-29,1003649,846123,2,709.7515258789062,449.7763977050781,,
v1_trail10,2026-04-30,1004642,846123,2,716.8132934570312,461.2209777832031,,
v1_trail10,2026-05-01,1005379,846123,2,718.7982177734375,465.5289306640625,,
v1_trail10,2026-05-04,1006387,795854,3,716.1649780273438,461.8406982421875,,
v1_trail10,2026-05-05,1002821,795854,3,721.9102172851562,482.5008850097656,,
v1_trail10,2026-05-06,1010686,795854,3,731.9443359375,506.6294250488281,,
v1_trail10,2026-05-07,1007151,795854,3,729.7001342773438,492.12628173828125,,
v1_trail10,2026-05-08,1006127,842853,2,735.724609375,520.0530395507812,,
v1_trail10,2026-05-11,1005570,842853,2,737.4002685546875,532.5071411132812,,
v1_trail10,2026-05-12,1003152,842853,2,736.2831420898438,515.7450561523438,,
v1_trail10,2026-05-13,1005023,842853,2,740.4025268554688,528.0392456054688,,
v1_trail10,2026-05-14,1010035,842853,2,746.2474975585938,529.7784423828125,,
v1_trail10,2026-05-15,1006164,842853,2,737.2706298828125,508.27862548828125,,
v1_trail10,2026-05-18,1003926,842853,2,736.751953125,495.6346435546875,,
v1_trail10,2026-05-19,1004032,842853,2,731.8446044921875,496.50421142578125,,
v1_trail10,2026-05-20,1005901,842853,2,739.3452758789062,520.0630493164062,,
v1_trail10,2026-05-21,1007794,842853,2,740.8114624023438,524.4609985351562,,
v1_trail10,2026-05-22,1007541,842853,2,743.7239990234375,537.0750122070312,,
v1_trail10,2026-05-26,1009290,842853,2,748.6613159179688,569.8194580078125,,
v1_trail10,2026-05-27,1012160,842853,2,748.5316162109375,563.7122802734375,,
v1_trail10,2026-05-28,1012234,842853,2,752.6609497070312,569.19970703125,,
v1_trail10,2026-05-29,1011139,842853,2,754.5361328125,568.8099365234375,,
v1_trail10,2026-06-01,1015772,842853,2,756.5908203125,571.6585083007812,,
v1_trail10,2026-06-02,1020297,842853,2,757.6182250976562,604.7328491210938,,
v1_trail10,2026-06-03,1018538,842853,2,752.3018798828125,615.3877563476562,,
v1_trail10,2026-06-04,1019333,791926,3,755.1445922851562,602.4338989257812,,
v1_trail10,2026-06-05,1009552,740959,3,735.65478515625,539.5138549804688,,
v1_trail10,2026-06-08,1010061,740959,3,737.3204345703125,571.1787719726562,,
v1_trail10,2026-06-09,1010698,839470,2,735.1560668945312,561.8732299804688,,
v1_trail10,2026-06-10,1004219,839470,2,723.56591796875,541.2529907226562,,
v1_trail10,2026-06-11,1007897,538204,5,735.8642578125,586.6514282226562,,
v1_trail10,2026-06-12,1008658,637464,4,739.843994140625,595.9669799804688,,
v1_trail10,2026-06-15,1020117,637464,4,752.890380859375,628.4500122070312,,
v1_trail10,2026-06-16,1015842,739131,3,748.4019775390625,591.239990234375,,
v1_trail10,2026-06-17,1015968,790477,3,739.0560302734375,599.72998046875,,
v1_trail10,2026-06-18,1028849,739679,4,746.739990234375,639.4500122070312,,
v1_trail10,2026-06-22,1029230,688293,4,744.3900146484375,655.010009765625,,
v1_trail10,2026-06-23,1012662,585369,6,733.5800170898438,603.3900146484375,,
v1_trail10,2026-06-24,1008246,585560,5,733.239990234375,601.5,,
v1_trail10,2026-06-25,999992,684224,4,734.2999877929688,625.2000122070312,,
v1_trail10,2026-06-26,998802,733149,3,728.989990234375,589.9400024414062,,
v1_trail10,2026-06-29,1008467,533389,5,741.0,614.3499755859375,,
v1_trail10,2026-06-30,1019442,482966,6,746.77001953125,640.760009765625,,
v1_trail10,2026-07-01,1008844,532491,5,745.760009765625,599.7000122070312,,
v1_trail10,2026-07-02,1004960,482049,6,744.780029296875,566.3200073242188,,
v1_trail10,2026-07-06,1012707,634240,4,751.280029296875,581.510009765625,,
v1_trail10,2026-07-07,1005718,634240,4,747.7100219726562,551.6900024414062,,
v1_trail10,2026-07-08,1005637,634240,4,745.4000244140625,562.030029296875,,
v1_trail10,2026-07-09,1008955,634240,4,751.7100219726562,581.7000122070312,,
v1_trail10,2026-07-10,1008481,634240,4,754.9500122070312,581.3400268554688,,
v1_trail10,2026-07-13,1007201,750110,3,749.1699829101562,553.6099853515625,,
v1_trail10,2026-07-14,1016092,649390,4,751.8300170898438,567.9199829101562,,
v1_trail10,2026-07-15,1020887,748878,3,754.8099975585938,555.27001953125,,
v1_trail10,2026-07-16,1019249,953460,1,750.719970703125,530.5,,
v1_trail10,2026-07-17,1018660,953460,1,743.2899780273438,521.8099975585938,,
v1_trail10,2026-07-20,1018853,953460,1,742.0900268554688,524.1400146484375,,
v1_trail10,2026-07-21,1018802,953460,1,748.280029296875,552.6900024414062,,
v1_trail10,2026-07-22,1019981,953460,1,747.4099731445312,555.52001953125,,
v1_trail10,2026-07-23,1019388,953460,1,738.1799926757812,551.239990234375,,
v1_trail10,2026-07-24,1019731,953460,1,738.9299926757812,527.010009765625,,
v1_trail10,2026-07-27,1020369,953460,1,739.0900268554688,516.22998046875,,
v1_trail10,2026-07-28,1019452,953460,1,740.8599853515625,491.4599914550781,,
v1_trail10,2026-07-29,1021322,953460,1,729.4600219726562,465.0,,
v1_trail10,2026-07-30,1019964,953460,1,741.6900024414062,504.5299987792969,,
v1_trail10,2026-07-31,1020378,902462,2,747.030029296875,504.8900146484375,,
v1_trail10,2026-08-03,1017434,849268,3,757.6699829101562,507.67999267578125,,
v1_trail10,2026-08-04,1021222,798396,4,771.3300170898438,542.2100219726562,,
v1_trail10,2026-08-05,1018424,849879,3,769.7899780273438,530.7000122070312,,
v1_trail10,2026-08-06,1021360,849879,3,768.5599975585938,532.52001953125,,
v1_trail10,2026-08-07,1025763,696675,6,773.260009765625,543.27001953125,,
v1_trail10,2026-08-10,1024136,695936,5,773.030029296875,529.3900146484375,,
v1_trail10,2026-08-11,1027813,694458,5,770.5599975585938,534.2000122070312,,
v1_trail10,2026-08-12,1042663,694458,5,772.489990234375,546.6099853515625,,
v1_trail10,2026-08-13,1048539,647797,6,777.8800048828125,550.739990234375,,
v1_trail10,2026-08-14,1052586,703683,5,776.3400268554688,550.4199829101562,,
v1_trail10,2026-08-17,1056584,703683,5,772.6699829101562,559.1199951171875,,
v1_trail10,2026-08-18,1050074,756168,4,767.4500122070312,531.3900146484375,,
v1_trail10,2026-08-19,1037265,806336,3,769.0599975585938,519.6699829101562,,
v1_trail10,2026-08-20,1047285,924575,2,762.5999755859375,522.3499755859375,,
v1_trail10,2026-08-21,1047254,924575,2,765.719970703125,520.0499877929688,,
v1_trail10,2026-08-24,1045636,920530,2,763.469970703125,506.17999267578125,,
v1_trail10,2026-08-25,1047546,920530,2,765.9099731445312,514.0599975585938,,
v1_trail10,2026-08-26,1047844,920530,2,766.0800170898438,515.4000244140625,,
v1_trail10,2026-08-27,1048243,868138,2,771.0999755859375,525.4299926757812,,
v1_trail10,2026-08-28,1048522,868138,2,769.3499755859375,508.6199951171875,,
v1_trail10,2026-08-31,1047262,868138,2,767.0499877929688,511.0400085449219,,
v1_trail10,2026-09-01,1045917,815775,3,761.780029296875,500.30999755859375,,
v1_trail10,2026-09-02,1046424,867347,2,765.1599731445312,501.44000244140625,,
v1_trail10,2026-09-03,1046174,867347,2,773.1699829101562,502.20001220703125,,
v1_trail10,2026-09-04,1050128,867347,2,770.1900024414062,519.8599853515625,,
v1_trail10,2026-09-08,1051833,867347,2,765.9600219726562,528.4000244140625,,
v1_trail10,2026-09-09,1048251,814755,3,762.4000244140625,532.0,,
v1_trail10,2026-09-10,1047366,814755,3,757.8300170898438,517.4299926757812,,
v1_trail10,2026-09-11,1055566,762387,3,764.2899780273438,527.0700073242188,,
v1_trail10,2026-09-14,1040726,965588,1,760.8800048828125,497.3999938964844,,
v1_trail10,2026-09-15,1038540,965588,1,757.3900146484375,498.8500061035156,,
v1_trail10,2026-09-16,1038798,913661,2,754.0499877929688,502.05999755859375,,
v1_trail10,2026-09-17,1039654,653872,4,762.5999755859375,519.0999755859375,,
v1_trail10,2026-09-18,1045843,445942,6,761.6900024414062,533.0700073242188,,
v1_trail10,2026-09-21,1076780,341358,7,773.5,559.3400268554688,,
v1_trail10,2026-09-22,1083505,341358,7,773.3800048828125,572.780029296875,,
v1_trail10,2026-09-23,1075070,451917,6,767.8099975585938,565.719970703125,,
v1_trail10,2026-09-24,1080589,398163,7,767.1799926757812,566.0700073242188,,
v1_wide10,2026-04-20,1000000,900000,1,706.8988037109375,417.351806640625,,
v1_wide10,2026-04-21,1000502,900000,1,702.2708129882812,420.5003356933594,,
v1_wide10,2026-04-22,1005789,900000,1,709.3825073242188,431.5650634765625,,
v1_wide10,2026-04-23,1002762,698843,4,706.6295776367188,440.7906799316406,,
v1_wide10,2026-04-24,1009831,697492,3,712.10546875,461.38092041015625,,
v1_wide10,2026-04-27,1008067,647000,4,713.332275390625,455.19384765625,,
v1_wide10,2026-04-28,1001695,647000,4,709.8612060546875,438.50177001953125,,
v1_wide10,2026-04-29,1002163,647000,4,709.7515258789062,449.7763977050781,,
v1_wide10,2026-04-30,1009389,647000,4,716.8132934570312,461.2209777832031,,
v1_wide10,2026-05-01,1009874,647000,4,718.7982177734375,465.5289306640625,,
v1_wide10,2026-05-04,1008161,596506,5,716.1649780273438,461.8406982421875,,
v1_wide10,2026-05-05,1008201,596506,5,721.9102172851562,482.5008850097656,,
v1_wide10,2026-05-06,1024048,596506,5,731.9443359375,506.6294250488281,,
v1_wide10,2026-05-07,1019038,596506,5,729.7001342773438,492.12628173828125,,
v1_wide10,2026-05-08,1024093,596506,5,735.724609375,520.0530395507812,,
v1_wide10,2026-05-11,1024977,596506,5,737.4002685546875,532.5071411132812,,
v1_wide10,2026-05-12,1019561,596506,5,736.2831420898438,515.7450561523438,,
v1_wide10,2026-05-13,1023574,642814,4,740.4025268554688,528.0392456054688,,
v1_wide10,2026-05-14,1029161,642814,4,746.2474975585938,529.7784423828125,,
v1_wide10,2026-05-15,1019192,642814,4,737.2706298828125,508.27862548828125,,
v1_wide10,2026-05-18,1015455,642814,4,736.751953125,495.6346435546875,,
v1_wide10,2026-05-19,1017075,642814,4,731.8446044921875,496.50421142578125,,
v1_wide10,2026-05-20,1023836,642814,4,739.3452758789062,520.0630493164062,,
v1_wide10,2026-05-21,1029853,642814,4,740.8114624023438,524.4609985351562,,
v1_wide10,2026-05-22,1033128,642814,4,743.7239990234375,537.0750122070312,,
v1_wide10,2026-05-26,1034664,642814,4,748.6613159179688,569.8194580078125,,
v1_wide10,2026-05-27,1035163,642814,4,748.5316162109375,563.7122802734375,,
v1_wide10,2026-05-28,1035579,642814,4,752.6609497070312,569.19970703125,,
v1_wide10,2026-05-29,1036799,642814,4,754.5361328125,568.8099365234375,,
v1_wide10,2026-06-01,1042436,642814,4,756.5908203125,571.6585083007812,,
v1_wide10,2026-06-02,1055519,642814,4,757.6182250976562,604.7328491210938,,
v1_wide10,2026-06-03,1055786,642814,4,752.3018798828125,615.3877563476562,,
v1_wide10,2026-06-04,1056904,590025,5,755.1445922851562,602.4338989257812,,
v1_wide10,2026-06-05,1038069,537180,5,735.65478515625,539.5138549804688,,
v1_wide10,2026-06-08,1043865,537180,5,737.3204345703125,571.1787719726562,,
v1_wide10,2026-06-09,1045994,636885,4,735.1560668945312,561.8732299804688,,
v1_wide10,2026-06-10,1033157,636885,4,723.56591796875,541.2529907226562,,
v1_wide10,2026-06-11,1049856,326937,7,735.8642578125,586.6514282226562,,
v1_wide10,2026-06-12,1055422,326937,7,739.843994140625,595.9669799804688,,
v1_wide10,2026-06-15,1075739,326937,7,752.890380859375,628.4500122070312,,
v1_wide10,2026-06-16,1067982,326937,7,748.4019775390625,591.239990234375,,
v1_wide10,2026-06-17,1075049,273538,8,739.0560302734375,599.72998046875,,
v1_wide10,2026-06-18,1116584,219786,9,746.739990234375,639.4500122070312,,
v1_wide10,2026-06-22,1117587,164028,9,744.3900146484375,655.010009765625,,
v1_wide10,2026-06-23,1076470,211921,9,733.5800170898438,603.3900146484375,,
v1_wide10,2026-06-24,1069975,211921,9,733.239990234375,601.5,,
v1_wide10,2026-06-25,1059064,258422,8,734.2999877929688,625.2000122070312,,
v1_wide10,2026-06-26,1026019,258422,8,728.989990234375,589.9400024414062,,
v1_wide10,2026-06-29,1058521,258422,8,741.0,614.3499755859375,,
v1_wide10,2026-06-30,1088569,205496,9,746.77001953125,640.760009765625,,
v1_wide10,2026-07-01,1061315,151068,9,745.760009765625,599.7000122070312,,
v1_wide10,2026-07-02,1040521,199100,8,744.780029296875,566.3200073242188,,
v1_wide10,2026-07-06,1063449,199100,8,751.280029296875,581.510009765625,,
v1_wide10,2026-07-07,1047970,199100,8,747.7100219726562,551.6900024414062,,
v1_wide10,2026-07-08,1046552,199100,8,745.4000244140625,562.030029296875,,
v1_wide10,2026-07-09,1052309,199100,8,751.7100219726562,581.7000122070312,,
v1_wide10,2026-07-10,1050705,199100,8,754.9500122070312,581.3400268554688,,
v1_wide10,2026-07-13,1034895,199100,8,749.1699829101562,553.6099853515625,,
v1_wide10,2026-07-14,1049429,199100,8,751.8300170898438,567.9199829101562,,
v1_wide10,2026-07-15,1060691,199100,8,754.8099975585938,555.27001953125,,
v1_wide10,2026-07-16,1036973,199100,8,750.719970703125,530.5,,
v1_wide10,2026-07-17,1026363,199100,8,743.2899780273438,521.8099975585938,,
v1_wide10,2026-07-20,1023441,199100,8,742.0900268554688,524.1400146484375,,
v1_wide10,2026-07-21,1045589,199100,8,748.280029296875,552.6900024414062,,
v1_wide10,2026-07-22,1044389,199100,8,747.4099731445312,555.52001953125,,
v1_wide10,2026-07-23,1030798,199100,8,738.1799926757812,551.239990234375,,
v1_wide10,2026-07-24,1010975,199100,8,738.9299926757812,527.010009765625,,
v1_wide10,2026-07-27,1004745,199100,8,739.0900268554688,516.22998046875,,
v1_wide10,2026-07-28,990315,199100,8,740.8599853515625,491.4599914550781,,
v1_wide10,2026-07-29,982148,199100,8,729.4600219726562,465.0,,
v1_wide10,2026-07-30,1032981,199100,8,741.6900024414062,504.5299987792969,,
v1_wide10,2026-07-31,1044113,147451,9,747.030029296875,504.8900146484375,,
v1_wide10,2026-08-03,1069885,43039,11,757.6699829101562,507.67999267578125,,
v1_wide10,2026-08-04,1095790,0,12,771.3300170898438,542.2100219726562,,
v1_wide10,2026-08-05,1086131,0,12,769.7899780273438,530.7000122070312,,
v1_wide10,2026-08-06,1095305,0,12,768.5599975585938,532.52001953125,,
v1_wide10,2026-08-07,1109685,0,12,773.260009765625,543.27001953125,,
v1_wide10,2026-08-10,1096431,0,12,773.030029296875,529.3900146484375,,
v1_wide10,2026-08-11,1107167,0,12,770.5599975585938,534.2000122070312,,
v1_wide10,2026-08-12,1133730,0,12,772.489990234375,546.6099853515625,,
v1_wide10,2026-08-13,1135479,0,12,777.8800048828125,550.739990234375,,
v1_wide10,2026-08-14,1137488,0,12,776.3400268554688,550.4199829101562,,
v1_wide10,2026-08-17,1145772,0,12,772.6699829101562,559.1199951171875,,
v1_wide10,2026-08-18,1101114,0,12,767.4500122070312,531.3900146484375,,
v1_wide10,2026-08-19,1088654,0,12,769.0599975585938,519.6699829101562,,
v1_wide10,2026-08-20,1091132,0,12,762.5999755859375,522.3499755859375,,
v1_wide10,2026-08-21,1093777,0,12,765.719970703125,520.0499877929688,,
v1_wide10,2026-08-24,1081113,0,12,763.469970703125,506.17999267578125,,
v1_wide10,2026-08-25,1102410,0,12,765.9099731445312,514.0599975585938,,
v1_wide10,2026-08-26,1105420,0,12,766.0800170898438,515.4000244140625,,
v1_wide10,2026-08-27,1117738,0,12,771.0999755859375,525.4299926757812,,
v1_wide10,2026-08-28,1098727,0,12,769.3499755859375,508.6199951171875,,
v1_wide10,2026-08-31,1096567,0,12,767.0499877929688,511.0400085449219,,
v1_wide10,2026-09-01,1084294,0,12,761.780029296875,500.30999755859375,,
v1_wide10,2026-09-02,1093722,0,12,765.1599731445312,501.44000244140625,,
v1_wide10,2026-09-03,1104784,0,12,773.1699829101562,502.20001220703125,,
v1_wide10,2026-09-04,1127363,0,12,770.1900024414062,519.8599853515625,,
v1_wide10,2026-09-08,1151979,0,12,765.9600219726562,528.4000244140625,,
v1_wide10,2026-09-09,1139060,0,12,762.4000244140625,532.0,,
v1_wide10,2026-09-10,1119122,0,12,757.8300170898438,517.4299926757812,,
v1_wide10,2026-09-11,1135755,0,12,764.2899780273438,527.0700073242188,,
v1_wide10,2026-09-14,1095653,0,12,760.8800048828125,497.3999938964844,,
v1_wide10,2026-09-15,1090279,0,12,757.3900146484375,498.8500061035156,,
v1_wide10,2026-09-16,1102478,0,12,754.0499877929688,502.05999755859375,,
v1_wide10,2026-09-17,1120825,0,12,762.5999755859375,519.0999755859375,,
v1_wide10,2026-09-18,1125372,0,12,761.6900024414062,533.0700073242188,,
v1_wide10,2026-09-21,1149807,0,12,773.5,559.3400268554688,,
v1_wide10,2026-09-22,1155742,0,12,773.3800048828125,572.780029296875,,
v1_wide10,2026-09-23,1143344,0,12,767.8099975585938,565.719970703125,,
v1_wide10,2026-09-24,1134806,0,12,767.1799926757812,566.0700073242188,,
v1_wide_ext_100,2026-04-20,1000000,900000,1,706.8988037109375,417.351806640625,,
v1_wide_ext_100,2026-04-21,1000502,900000,1,702.2708129882812,420.5003356933594,,
v1_wide_ext_100,2026-04-22,1005789,900000,1,709.3825073242188,431.5650634765625,,
v1_wide_ext_100,2026-04-23,1002762,698843,4,706.6295776367188,440.7906799316406,,
v1_wide_ext_100,2026-04-24,1009831,697492,3,712.10546875,461.38092041015625,,
v1_wide_ext_100,2026-04-27,1008067,647000,4,713.332275390625,455.19384765625,,
v1_wide_ext_100,2026-04-28,1001695,647000,4,709.8612060546875,438.50177001953125,,
v1_wide_ext_100,2026-04-29,1002163,647000,4,709.7515258789062,449.7763977050781,,
v1_wide_ext_100,2026-04-30,1009389,647000,4,716.8132934570312,461.2209777832031,,
v1_wide_ext_100,2026-05-01,1009874,647000,4,718.7982177734375,465.5289306640625,,
v1_wide_ext_100,2026-05-04,1008161,596506,5,716.1649780273438,461.8406982421875,,
v1_wide_ext_100,2026-05-05,1008201,645647,4,721.9102172851562,482.5008850097656,,
v1_wide_ext_100,2026-05-06,1023532,645647,4,731.9443359375,506.6294250488281,,
v1_wide_ext_100,2026-05-07,1020722,753470,3,729.7001342773438,492.12628173828125,,
v1_wide_ext_100,2026-05-08,1019649,753470,3,735.724609375,520.0530395507812,,
v1_wide_ext_100,2026-05-11,1020784,753470,3,737.4002685546875,532.5071411132812,,
v1_wide_ext_100,2026-05-12,1018876,753470,3,736.2831420898438,515.7450561523438,,
v1_wide_ext_100,2026-05-13,1021933,753470,3,740.4025268554688,528.0392456054688,,
v1_wide_ext_100,2026-05-14,1027312,753470,3,746.2474975585938,529.7784423828125,,
v1_wide_ext_100,2026-05-15,1023215,753470,3,737.2706298828125,508.27862548828125,,
v1_wide_ext_100,2026-05-18,1021566,753470,3,736.751953125,495.6346435546875,,
v1_wide_ext_100,2026-05-19,1024106,753470,3,731.8446044921875,496.50421142578125,,
v1_wide_ext_100,2026-05-20,1024428,753470,3,739.3452758789062,520.0630493164062,,
v1_wide_ext_100,2026-05-21,1027472,753470,3,740.8114624023438,524.4609985351562,,
v1_wide_ext_100,2026-05-22,1027843,753470,3,743.7239990234375,537.0750122070312,,
v1_wide_ext_100,2026-05-26,1029440,753470,3,748.6613159179688,569.8194580078125,,
v1_wide_ext_100,2026-05-27,1032365,753470,3,748.5316162109375,563.7122802734375,,
v1_wide_ext_100,2026-05-28,1032220,753470,3,752.6609497070312,569.19970703125,,
v1_wide_ext_100,2026-05-29,1032944,753470,3,754.5361328125,568.8099365234375,,
v1_wide_ext_100,2026-06-01,1037458,753470,3,756.5908203125,571.6585083007812,,
v1_wide_ext_100,2026-06-02,1045088,753470,3,757.6182250976562,604.7328491210938,,
v1_wide_ext_100,2026-06-03,1043865,753470,3,752.3018798828125,615.3877563476562,,
v1_wide_ext_100,2026-06-04,1042775,701277,4,755.1445922851562,602.4338989257812,,
v1_wide_ext_100,2026-06-05,1032174,649138,4,735.65478515625,539.5138549804688,,
v1_wide_ext_100,2026-06-08,1030366,649138,4,737.3204345703125,571.1787719726562,,
v1_wide_ext_100,2026-06-09,1030494,747613,3,735.1560668945312,561.8732299804688,,
v1_wide_ext_100,2026-06-10,1020752,747613,3,723.56591796875,541.2529907226562,,
v1_wide_ext_100,2026-06-11,1025717,441388,6,735.8642578125,586.6514282226562,,
v1_wide_ext_100,2026-06-12,1033770,441388,6,739.843994140625,595.9669799804688,,
v1_wide_ext_100,2026-06-15,1051874,441388,6,752.890380859375,628.4500122070312,,
v1_wide_ext_100,2026-06-16,1050405,557931,5,748.4019775390625,591.239990234375,,
v1_wide_ext_100,2026-06-17,1051229,505411,6,739.0560302734375,599.72998046875,,
v1_wide_ext_100,2026-06-18,1079829,452850,7,746.739990234375,639.4500122070312,,
v1_wide_ext_100,2026-06-22,1079364,398930,7,744.3900146484375,655.010009765625,,
v1_wide_ext_100,2026-06-23,1057846,445850,7,733.5800170898438,603.3900146484375,,
v1_wide_ext_100,2026-06-24,1051447,445850,7,733.239990234375,601.5,,
v1_wide_ext_100,2026-06-25,1036829,490760,6,734.2999877929688,625.2000122070312,,
v1_wide_ext_100,2026-06-26,1008149,490760,6,728.989990234375,589.9400024414062,,
v1_wide_ext_100,2026-06-29,1027902,490760,6,741.0,614.3499755859375,,
v1_wide_ext_100,2026-06-30,1044033,439365,7,746.77001953125,640.760009765625,,
v1_wide_ext_100,2026-07-01,1036376,560483,5,745.760009765625,599.7000122070312,,
v1_wide_ext_100,2026-07-02,1038725,560483,5,744.780029296875,566.3200073242188,,
v1_wide_ext_100,2026-07-06,1042843,560483,5,751.280029296875,581.510009765625,,
v1_wide_ext_100,2026-07-07,1048700,560483,5,747.7100219726562,551.6900024414062,,
v1_wide_ext_100,2026-07-08,1050928,560483,5,745.4000244140625,562.030029296875,,
v1_wide_ext_100,2026-07-09,1053037,560483,5,751.7100219726562,581.7000122070312,,
v1_wide_ext_100,2026-07-10,1057805,560483,5,754.9500122070312,581.3400268554688,,
v1_wide_ext_100,2026-07-13,1055102,560483,5,749.1699829101562,553.6099853515625,,
v1_wide_ext_100,2026-07-14,1062314,560483,5,751.8300170898438,567.9199829101562,,
v1_wide_ext_100,2026-07-15,1072525,560483,5,754.8099975585938,555.27001953125,,
v1_wide_ext_100,2026-07-16,1067218,560483,5,750.719970703125,530.5,,
v1_wide_ext_100,2026-07-17,1059077,560483,5,743.2899780273438,521.8099975585938,,
v1_wide_ext_100,2026-07-20,1063015,560483,5,742.0900268554688,524.1400146484375,,
v1_wide_ext_100,2026-07-21,1062536,560483,5,748.280029296875,552.6900024414062,,
v1_wide_ext_100,2026-07-22,1065639,560483,5,747.4099731445312,555.52001953125,,
v1_wide_ext_100,2026-07-23,1054077,560483,5,738.1799926757812,551.239990234375,,
v1_wide_ext_100,2026-07-24,1054307,560483,5,738.9299926757812,527.010009765625,,
v1_wide_ext_100,2026-07-27,1055087,560483,5,739.0900268554688,516.22998046875,,
v1_wide_ext_100,2026-07-28,1056295,560483,5,740.8599853515625,491.4599914550781,,
v1_wide_ext_100,2026-07-29,1056591,560483,5,729.4600219726562,465.0,,
v1_wide_ext_100,2026-07-30,1073798,560483,5,741.6900024414062,504.5299987792969,,
v1_wide_ext_100,2026-07-31,1086562,506793,6,747.030029296875,504.8900146484375,,
v1_wide_ext_100,2026-08-03,1105543,398137,8,757.6699829101562,507.67999267578125,,
v1_wide_ext_100,2026-08-04,1119705,342860,9,771.3300170898438,542.2100219726562,,
v1_wide_ext_100,2026-08-05,1110309,342860,9,769.7899780273438,530.7000122070312,,
v1_wide_ext_100,2026-08-06,1118821,451970,8,768.5599975585938,532.52001953125,,
v1_wide_ext_100,2026-08-07,1133199,284147,10,773.260009765625,543.27001953125,,
v1_wide_ext_100,2026-08-10,1124832,227487,10,773.030029296875,529.3900146484375,,
v1_wide_ext_100,2026-08-11,1132250,171245,11,770.5599975585938,534.2000122070312,,
v1_wide_ext_100,2026-08-12,1164602,171245,11,772.489990234375,546.6099853515625,,
v1_wide_ext_100,2026-08-13,1172922,54785,12,777.8800048828125,550.739990234375,,
v1_wide_ext_100,2026-08-14,1186147,54785,12,776.3400268554688,550.4199829101562,,
v1_wide_ext_100,2026-08-17,1197102,54785,12,772.6699829101562,559.1199951171875,,
v1_wide_ext_100,2026-08-18,1154779,111600,11,767.4500122070312,531.3900146484375,,
v1_wide_ext_100,2026-08-19,1132415,111600,11,769.0599975585938,519.6699829101562,,
v1_wide_ext_100,2026-08-20,1157491,111600,11,762.5999755859375,522.3499755859375,,
v1_wide_ext_100,2026-08-21,1161987,176779,10,765.719970703125,520.0499877929688,,
v1_wide_ext_100,2026-08-24,1145218,60651,11,763.469970703125,506.17999267578125,,
v1_wide_ext_100,2026-08-25,1163699,60651,11,765.9099731445312,514.0599975585938,,
v1_wide_ext_100,2026-08-26,1165912,60651,11,766.0800170898438,515.4000244140625,,
v1_wide_ext_100,2026-08-27,1172091,2355,11,771.0999755859375,525.4299926757812,,
v1_wide_ext_100,2026-08-28,1158605,2355,11,769.3499755859375,508.6199951171875,,
v1_wide_ext_100,2026-08-31,1155694,2355,11,767.0499877929688,511.0400085449219,,
v1_wide_ext_100,2026-09-01,1145071,2355,11,761.780029296875,500.30999755859375,,
v1_wide_ext_100,2026-09-02,1145374,2355,11,765.1599731445312,501.44000244140625,,
v1_wide_ext_100,2026-09-03,1153995,2355,11,773.1699829101562,502.20001220703125,,
v1_wide_ext_100,2026-09-04,1181245,2355,11,770.1900024414062,519.8599853515625,,
v1_wide_ext_100,2026-09-08,1213543,201258,9,765.9600219726562,528.4000244140625,,
v1_wide_ext_100,2026-09-09,1209902,140581,10,762.4000244140625,532.0,,
v1_wide_ext_100,2026-09-10,1201600,140581,10,757.8300170898438,517.4299926757812,,
v1_wide_ext_100,2026-09-11,1218602,80501,10,764.2899780273438,527.0700073242188,,
v1_wide_ext_100,2026-09-14,1158555,304394,8,760.8800048828125,497.3999938964844,,
v1_wide_ext_100,2026-09-15,1149481,440418,7,757.3900146484375,498.8500061035156,,
v1_wide_ext_100,2026-09-16,1155108,382944,8,754.0499877929688,502.05999755859375,,
v1_wide_ext_100,2026-09-17,1154963,94069,10,762.5999755859375,519.0999755859375,,
v1_wide_ext_100,2026-09-18,1177255,384919,8,761.6900024414062,533.0700073242188,,
v1_wide_ext_100,2026-09-21,1198737,363552,8,773.5,559.3400268554688,,
v1_wide_ext_100,2026-09-22,1205534,243678,9,773.3800048828125,572.780029296875,,
v1_wide_ext_100,2026-09-23,1191085,243678,9,767.8099975585938,565.719970703125,,
v1_wide_ext_100,2026-09-24,1179968,184124,10,767.1799926757812,566.0700073242188,,
v1_wide_ext_100_all,2026-04-20,1000000,880000,1,706.8988037109375,417.351806640625,,
v1_wide_ext_100_all,2026-04-21,1000603,880000,1,702.2708129882812,420.5003356933594,,
v1_wide_ext_100_all,2026-04-22,1006946,880000,1,709.3825073242188,431.5650634765625,,
v1_wide_ext_100_all,2026-04-23,1003312,638332,4,706.6295776367188,440.7906799316406,,
v1_wide_ext_100_all,2026-04-24,1011797,636752,3,712.10546875,461.38092041015625,,
v1_wide_ext_100_all,2026-04-27,1009675,576044,4,713.332275390625,455.19384765625,,
v1_wide_ext_100_all,2026-04-28,1002027,576044,4,709.8612060546875,438.50177001953125,,
v1_wide_ext_100_all,2026-04-29,1002589,576044,4,709.7515258789062,449.7763977050781,,
v1_wide_ext_100_all,2026-04-30,1011268,576044,4,716.8132934570312,461.2209777832031,,
v1_wide_ext_100_all,2026-05-01,1011849,576044,4,718.7982177734375,465.5289306640625,,
v1_wide_ext_100_all,2026-05-04,1009790,515333,5,716.1649780273438,461.8406982421875,,
v1_wide_ext_100_all,2026-05-05,1009841,574418,4,721.9102172851562,482.5008850097656,,
v1_wide_ext_100_all,2026-05-06,1028249,574418,4,731.9443359375,506.6294250488281,,
v1_wide_ext_100_all,2026-05-07,1024876,703955,3,729.7001342773438,492.12628173828125,,
v1_wide_ext_100_all,2026-05-08,1023588,703955,3,735.724609375,520.0530395507812,,
v1_wide_ext_100_all,2026-05-11,1024954,703955,3,737.4002685546875,532.5071411132812,,
v1_wide_ext_100_all,2026-05-12,1022664,703955,3,736.2831420898438,515.7450561523438,,
v1_wide_ext_100_all,2026-05-13,1026337,703955,3,740.4025268554688,528.0392456054688,,
v1_wide_ext_100_all,2026-05-14,1032794,703955,3,746.2474975585938,529.7784423828125,,
v1_wide_ext_100_all,2026-05-15,1027875,703955,3,737.2706298828125,508.27862548828125,,
v1_wide_ext_100_all,2026-05-18,1025899,703955,3,736.751953125,495.6346435546875,,
v1_wide_ext_100_all,2026-05-19,1028949,703955,3,731.8446044921875,496.50421142578125,,
v1_wide_ext_100_all,2026-05-20,1029334,703955,3,739.3452758789062,520.0630493164062,,
v1_wide_ext_100_all,2026-05-21,1032987,703955,3,740.8114624023438,524.4609985351562,,
v1_wide_ext_100_all,2026-05-22,1033436,703955,3,743.7239990234375,537.0750122070312,,
v1_wide_ext_100_all,2026-05-26,1035350,703955,3,748.6613159179688,569.8194580078125,,
v1_wide_ext_100_all,2026-05-27,1038861,703955,3,748.5316162109375,563.7122802734375,,
v1_wide_ext_100_all,2026-05-28,1038685,703955,3,752.6609497070312,569.19970703125,,
v1_wide_ext_100_all,2026-05-29,1039556,703955,3,754.5361328125,568.8099365234375,,
v1_wide_ext_100_all,2026-06-01,1044972,703955,3,756.5908203125,571.6585083007812,,
v1_wide_ext_100_all,2026-06-02,1054136,703955,3,757.6182250976562,604.7328491210938,,
v1_wide_ext_100_all,2026-06-03,1052671,703955,3,752.3018798828125,615.3877563476562,,
v1_wide_ext_100_all,2026-06-04,1051359,640795,4,755.1445922851562,602.4338989257812,,
v1_wide_ext_100_all,2026-06-05,1038619,577713,4,735.65478515625,539.5138549804688,,
v1_wide_ext_100_all,2026-06-08,1036433,577713,4,737.3204345703125,571.1787719726562,,
v1_wide_ext_100_all,2026-06-09,1036561,696868,3,735.1560668945312,561.8732299804688,,
v1_wide_ext_100_all,2026-06-10,1024864,696868,3,723.56591796875,541.2529907226562,,
v1_wide_ext_100_all,2026-06-11,1030822,327916,6,735.8642578125,586.6514282226562,,
v1_wide_ext_100_all,2026-06-12,1040515,327916,6,739.843994140625,595.9669799804688,,
v1_wide_ext_100_all,2026-06-15,1062299,327916,6,752.890380859375,628.4500122070312,,
v1_wide_ext_100_all,2026-06-16,1060547,467768,5,748.4019775390625,591.239990234375,,
v1_wide_ext_100_all,2026-06-17,1061529,404135,6,739.0560302734375,599.72998046875,,
v1_wide_ext_100_all,2026-06-18,1096007,340443,7,746.739990234375,639.4500122070312,,
v1_wide_ext_100_all,2026-06-22,1095441,274786,7,744.3900146484375,655.010009765625,,
v1_wide_ext_100_all,2026-06-23,1069460,331659,7,733.5800170898438,603.3900146484375,,
v1_wide_ext_100_all,2026-06-24,1061681,331659,7,733.239990234375,601.5,,
v1_wide_ext_100_all,2026-06-25,1044014,386323,6,734.2999877929688,625.2000122070312,,
v1_wide_ext_100_all,2026-06-26,1009463,386323,6,728.989990234375,589.9400024414062,,
v1_wide_ext_100_all,2026-06-29,1033277,386323,6,741.0,614.3499755859375,,
v1_wide_ext_100_all,2026-06-30,1052734,324326,7,746.77001953125,640.760009765625,,
v1_wide_ext_100_all,2026-07-01,1043490,470353,5,745.760009765625,599.7000122070312,,
v1_wide_ext_100_all,2026-07-02,1046317,470353,5,744.780029296875,566.3200073242188,,
v1_wide_ext_100_all,2026-07-06,1051267,470353,5,751.280029296875,581.510009765625,,
v1_wide_ext_100_all,2026-07-07,1058309,470353,5,747.7100219726562,551.6900024414062,,
v1_wide_ext_100_all,2026-07-08,1060984,470353,5,745.4000244140625,562.030029296875,,
v1_wide_ext_100_all,2026-07-09,1063516,470353,5,751.7100219726562,581.7000122070312,,
v1_wide_ext_100_all,2026-07-10,1069257,470353,5,754.9500122070312,581.3400268554688,,
v1_wide_ext_100_all,2026-07-13,1066005,470353,5,749.1699829101562,553.6099853515625,,
v1_wide_ext_100_all,2026-07-14,1074678,470353,5,751.8300170898438,567.9199829101562,,
v1_wide_ext_100_all,2026-07-15,1086980,470353,5,754.8099975585938,555.27001953125,,
v1_wide_ext_100_all,2026-07-16,1080590,470353,5,750.719970703125,530.5,,
v1_wide_ext_100_all,2026-07-17,1070781,470353,5,743.2899780273438,521.8099975585938,,
v1_wide_ext_100_all,2026-07-20,1075533,470353,5,742.0900268554688,524.1400146484375,,
v1_wide_ext_100_all,2026-07-21,1074952,470353,5,748.280029296875,552.6900024414062,,
v1_wide_ext_100_all,2026-07-22,1078669,470353,5,747.4099731445312,555.52001953125,,
v1_wide_ext_100_all,2026-07-23,1064735,470353,5,738.1799926757812,551.239990234375,,
v1_wide_ext_100_all,2026-07-24,1065009,470353,5,738.9299926757812,527.010009765625,,
v1_wide_ext_100_all,2026-07-27,1065949,470353,5,739.0900268554688,516.22998046875,,
v1_wide_ext_100_all,2026-07-28,1067414,470353,5,740.8599853515625,491.4599914550781,,
v1_wide_ext_100_all,2026-07-29,1067757,470353,5,729.4600219726562,465.0,,
v1_wide_ext_100_all,2026-07-30,1088544,470353,5,741.6900024414062,504.5299987792969,,
v1_wide_ext_100_all,2026-07-31,1103937,405040,6,747.030029296875,504.8900146484375,,
v1_wide_ext_100_all,2026-08-03,1126884,272568,8,757.6699829101562,507.67999267578125,,
v1_wide_ext_100_all,2026-08-04,1144078,204955,9,771.3300170898438,542.2100219726562,,
v1_wide_ext_100_all,2026-08-05,1132679,204955,9,769.7899780273438,530.7000122070312,,
v1_wide_ext_100_all,2026-08-06,1142956,336415,8,768.5599975585938,532.52001953125,,
v1_wide_ext_100_all,2026-08-07,1160441,130684,10,773.260009765625,543.27001953125,,
v1_wide_ext_100_all,2026-08-10,1150189,61058,10,773.030029296875,529.3900146484375,,
v1_wide_ext_100_all,2026-08-11,1159256,-7953,11,770.5599975585938,534.2000122070312,,
v1_wide_ext_100_all,2026-08-12,1198921,-7953,11,772.489990234375,546.6099853515625,,
v1_wide_ext_100_all,2026-08-13,1209096,-151823,12,777.8800048828125,550.739990234375,,
v1_wide_ext_100_all,2026-08-14,1225282,-151823,12,776.3400268554688,550.4199829101562,,
v1_wide_ext_100_all,2026-08-17,1238710,-151823,12,772.6699829101562,559.1199951171875,,
v1_wide_ext_100_all,2026-08-18,1186968,-81637,11,767.4500122070312,531.3900146484375,,
v1_wide_ext_100_all,2026-08-19,1159564,-81637,11,769.0599975585938,519.6699829101562,,
v1_wide_ext_100_all,2026-08-20,1190330,-81637,11,762.5999755859375,522.3499755859375,,
v1_wide_ext_100_all,2026-08-21,1195793,-2348,10,765.719970703125,520.0499877929688,,
v1_wide_ext_100_all,2026-08-24,1175202,-145741,11,763.469970703125,506.17999267578125,,
v1_wide_ext_100_all,2026-08-25,1197787,-145741,11,765.9099731445312,514.0599975585938,,
v1_wide_ext_100_all,2026-08-26,1200508,-145741,11,766.0800170898438,515.4000244140625,,
v1_wide_ext_100_all,2026-08-27,1208133,-217771,11,771.0999755859375,525.4299926757812,,
v1_wide_ext_100_all,2026-08-28,1191506,-290259,12,769.3499755859375,508.6199951171875,,
v1_wide_ext_100_all,2026-08-31,1188922,-290259,12,767.0499877929688,511.0400085449219,,
v1_wide_ext_100_all,2026-09-01,1174311,-290259,12,761.780029296875,500.30999755859375,,
v1_wide_ext_100_all,2026-09-02,1176738,-290259,12,765.1599731445312,501.44000244140625,,
v1_wide_ext_100_all,2026-09-03,1187922,-290259,12,773.1699829101562,502.20001220703125,,
v1_wide_ext_100_all,2026-09-04,1226280,-290259,12,770.1900024414062,519.8599853515625,,
v1_wide_ext_100_all,2026-09-08,1264278,-45761,10,765.9600219726562,528.4000244140625,,
v1_wide_ext_100_all,2026-09-09,1258707,-121618,10,762.4000244140625,532.0,,
v1_wide_ext_100_all,2026-09-10,1250168,-121618,10,757.8300170898438,517.4299926757812,,
v1_wide_ext_100_all,2026-09-11,1275404,-121618,10,764.2899780273438,527.0700073242188,,
v1_wide_ext_100_all,2026-09-14,1200303,161727,8,760.8800048828125,497.3999938964844,,
v1_wide_ext_100_all,2026-09-15,1189343,326061,7,757.3900146484375,498.8500061035156,,
v1_wide_ext_100_all,2026-09-16,1196280,254700,8,754.0499877929688,502.05999755859375,,
v1_wide_ext_100_all,2026-09-17,1196070,-104331,10,762.5999755859375,519.0999755859375,,
v1_wide_ext_100_all,2026-09-18,1223530,84680,9,761.6900024414062,533.0700073242188,,
v1_wide_ext_100_all,2026-09-21,1254016,84878,9,773.5,559.3400268554688,,
v1_wide_ext_100_all,2026-09-22,1264642,83646,9,773.3800048828125,572.780029296875,,
v1_wide_ext_100_all,2026-09-23,1246933,83646,9,767.8099975585938,565.719970703125,,
v1_wide_ext_100_all,2026-09-24,1233226,8830,10,767.1799926757812,566.0700073242188,,
v1_wide_ext_100_b12,2026-04-20,1000000,880000,1,706.8988037109375,417.351806640625,,
v1_wide_ext_100_b12,2026-04-21,1000603,880000,1,702.2708129882812,420.5003356933594,,
v1_wide_ext_100_b12,2026-04-22,1006946,880000,1,709.3825073242188,431.5650634765625,,
v1_wide_ext_100_b12,2026-04-23,1003312,638332,4,706.6295776367188,440.7906799316406,,
v1_wide_ext_100_b12,2026-04-24,1011797,636752,3,712.10546875,461.38092041015625,,
v1_wide_ext_100_b12,2026-04-27,1009675,576044,4,713.332275390625,455.19384765625,,
v1_wide_ext_100_b12,2026-04-28,1002027,576044,4,709.8612060546875,438.50177001953125,,
v1_wide_ext_100_b12,2026-04-29,1002589,576044,4,709.7515258789062,449.7763977050781,,
v1_wide_ext_100_b12,2026-04-30,1011268,576044,4,716.8132934570312,461.2209777832031,,
v1_wide_ext_100_b12,2026-05-01,1011849,576044,4,718.7982177734375,465.5289306640625,,
v1_wide_ext_100_b12,2026-05-04,1009790,515333,5,716.1649780273438,461.8406982421875,,
v1_wide_ext_100_b12,2026-05-05,1009841,574418,4,721.9102172851562,482.5008850097656,,
v1_wide_ext_100_b12,2026-05-06,1028249,574418,4,731.9443359375,506.6294250488281,,
v1_wide_ext_100_b12,2026-05-07,1024876,703955,3,729.7001342773438,492.12628173828125,,
v1_wide_ext_100_b12,2026-05-08,1023588,703955,3,735.724609375,520.0530395507812,,
v1_wide_ext_100_b12,2026-05-11,1024954,703955,3,737.4002685546875,532.5071411132812,,
v1_wide_ext_100_b12,2026-05-12,1022664,703955,3,736.2831420898438,515.7450561523438,,
v1_wide_ext_100_b12,2026-05-13,1026337,703955,3,740.4025268554688,528.0392456054688,,
v1_wide_ext_100_b12,2026-05-14,1032794,703955,3,746.2474975585938,529.7784423828125,,
v1_wide_ext_100_b12,2026-05-15,1027875,703955,3,737.2706298828125,508.27862548828125,,
v1_wide_ext_100_b12,2026-05-18,1025899,703955,3,736.751953125,495.6346435546875,,
v1_wide_ext_100_b12,2026-05-19,1028949,703955,3,731.8446044921875,496.50421142578125,,
v1_wide_ext_100_b12,2026-05-20,1029334,703955,3,739.3452758789062,520.0630493164062,,
v1_wide_ext_100_b12,2026-05-21,1032987,703955,3,740.8114624023438,524.4609985351562,,
v1_wide_ext_100_b12,2026-05-22,1033436,703955,3,743.7239990234375,537.0750122070312,,
v1_wide_ext_100_b12,2026-05-26,1035350,703955,3,748.6613159179688,569.8194580078125,,
v1_wide_ext_100_b12,2026-05-27,1038861,703955,3,748.5316162109375,563.7122802734375,,
v1_wide_ext_100_b12,2026-05-28,1038685,703955,3,752.6609497070312,569.19970703125,,
v1_wide_ext_100_b12,2026-05-29,1039556,703955,3,754.5361328125,568.8099365234375,,
v1_wide_ext_100_b12,2026-06-01,1044972,703955,3,756.5908203125,571.6585083007812,,
v1_wide_ext_100_b12,2026-06-02,1054136,703955,3,757.6182250976562,604.7328491210938,,
v1_wide_ext_100_b12,2026-06-03,1052671,703955,3,752.3018798828125,615.3877563476562,,
v1_wide_ext_100_b12,2026-06-04,1051359,640795,4,755.1445922851562,602.4338989257812,,
v1_wide_ext_100_b12,2026-06-05,1038619,577713,4,735.65478515625,539.5138549804688,,
v1_wide_ext_100_b12,2026-06-08,1036433,577713,4,737.3204345703125,571.1787719726562,,
v1_wide_ext_100_b12,2026-06-09,1036561,696868,3,735.1560668945312,561.8732299804688,,
v1_wide_ext_100_b12,2026-06-10,1024864,696868,3,723.56591796875,541.2529907226562,,
v1_wide_ext_100_b12,2026-06-11,1030822,327916,6,735.8642578125,586.6514282226562,,
v1_wide_ext_100_b12,2026-06-12,1040515,327916,6,739.843994140625,595.9669799804688,,
v1_wide_ext_100_b12,2026-06-15,1062299,327916,6,752.890380859375,628.4500122070312,,
v1_wide_ext_100_b12,2026-06-16,1060547,467768,5,748.4019775390625,591.239990234375,,
v1_wide_ext_100_b12,2026-06-17,1061529,404135,6,739.0560302734375,599.72998046875,,
v1_wide_ext_100_b12,2026-06-18,1096007,340443,7,746.739990234375,639.4500122070312,,
v1_wide_ext_100_b12,2026-06-22,1095441,274786,7,744.3900146484375,655.010009765625,,
v1_wide_ext_100_b12,2026-06-23,1069460,331659,7,733.5800170898438,603.3900146484375,,
v1_wide_ext_100_b12,2026-06-24,1061681,331659,7,733.239990234375,601.5,,
v1_wide_ext_100_b12,2026-06-25,1044014,386323,6,734.2999877929688,625.2000122070312,,
v1_wide_ext_100_b12,2026-06-26,1009463,386323,6,728.989990234375,589.9400024414062,,
v1_wide_ext_100_b12,2026-06-29,1033277,386323,6,741.0,614.3499755859375,,
v1_wide_ext_100_b12,2026-06-30,1052734,324326,7,746.77001953125,640.760009765625,,
v1_wide_ext_100_b12,2026-07-01,1043490,470353,5,745.760009765625,599.7000122070312,,
v1_wide_ext_100_b12,2026-07-02,1046317,470353,5,744.780029296875,566.3200073242188,,
v1_wide_ext_100_b12,2026-07-06,1051267,470353,5,751.280029296875,581.510009765625,,
v1_wide_ext_100_b12,2026-07-07,1058309,470353,5,747.7100219726562,551.6900024414062,,
v1_wide_ext_100_b12,2026-07-08,1060984,470353,5,745.4000244140625,562.030029296875,,
v1_wide_ext_100_b12,2026-07-09,1063516,470353,5,751.7100219726562,581.7000122070312,,
v1_wide_ext_100_b12,2026-07-10,1069257,470353,5,754.9500122070312,581.3400268554688,,
v1_wide_ext_100_b12,2026-07-13,1066005,470353,5,749.1699829101562,553.6099853515625,,
v1_wide_ext_100_b12,2026-07-14,1074678,470353,5,751.8300170898438,567.9199829101562,,
v1_wide_ext_100_b12,2026-07-15,1086980,470353,5,754.8099975585938,555.27001953125,,
v1_wide_ext_100_b12,2026-07-16,1080590,470353,5,750.719970703125,530.5,,
v1_wide_ext_100_b12,2026-07-17,1070781,470353,5,743.2899780273438,521.8099975585938,,
v1_wide_ext_100_b12,2026-07-20,1075533,470353,5,742.0900268554688,524.1400146484375,,
v1_wide_ext_100_b12,2026-07-21,1074952,470353,5,748.280029296875,552.6900024414062,,
v1_wide_ext_100_b12,2026-07-22,1078669,470353,5,747.4099731445312,555.52001953125,,
v1_wide_ext_100_b12,2026-07-23,1064735,470353,5,738.1799926757812,551.239990234375,,
v1_wide_ext_100_b12,2026-07-24,1065009,470353,5,738.9299926757812,527.010009765625,,
v1_wide_ext_100_b12,2026-07-27,1065949,470353,5,739.0900268554688,516.22998046875,,
v1_wide_ext_100_b12,2026-07-28,1067414,470353,5,740.8599853515625,491.4599914550781,,
v1_wide_ext_100_b12,2026-07-29,1067757,470353,5,729.4600219726562,465.0,,
v1_wide_ext_100_b12,2026-07-30,1088544,470353,5,741.6900024414062,504.5299987792969,,
v1_wide_ext_100_b12,2026-07-31,1103937,405040,6,747.030029296875,504.8900146484375,,
v1_wide_ext_100_b12,2026-08-03,1126884,272568,8,757.6699829101562,507.67999267578125,,
v1_wide_ext_100_b12,2026-08-04,1144078,204955,9,771.3300170898438,542.2100219726562,,
v1_wide_ext_100_b12,2026-08-05,1132679,204955,9,769.7899780273438,530.7000122070312,,
v1_wide_ext_100_b12,2026-08-06,1142956,336415,8,768.5599975585938,532.52001953125,,
v1_wide_ext_100_b12,2026-08-07,1160441,130684,10,773.260009765625,543.27001953125,,
v1_wide_ext_100_b12,2026-08-10,1150189,61058,10,773.030029296875,529.3900146484375,,
v1_wide_ext_100_b12,2026-08-11,1159256,0,11,770.5599975585938,534.2000122070312,,
v1_wide_ext_100_b12,2026-08-12,1197944,0,11,772.489990234375,546.6099853515625,,
v1_wide_ext_100_b12,2026-08-13,1208154,0,11,777.8800048828125,550.739990234375,,
v1_wide_ext_100_b12,2026-08-14,1223073,0,11,776.3400268554688,550.4199829101562,,
v1_wide_ext_100_b12,2026-08-17,1231860,0,11,772.6699829101562,559.1199951171875,,
v1_wide_ext_100_b12,2026-08-18,1189487,0,11,767.4500122070312,531.3900146484375,,
v1_wide_ext_100_b12,2026-08-19,1162449,0,11,769.0599975585938,519.6699829101562,,
v1_wide_ext_100_b12,2026-08-20,1190551,0,11,762.5999755859375,522.3499755859375,,
v1_wide_ext_100_b12,2026-08-21,1196626,79289,10,765.719970703125,520.0499877929688,,
v1_wide_ext_100_b12,2026-08-24,1180205,7491,10,763.469970703125,506.17999267578125,,
v1_wide_ext_100_b12,2026-08-25,1199747,7491,10,765.9099731445312,514.0599975585938,,
v1_wide_ext_100_b12,2026-08-26,1201540,7491,10,766.0800170898438,515.4000244140625,,
v1_wide_ext_100_b12,2026-08-27,1206917,7491,10,771.0999755859375,525.4299926757812,,
v1_wide_ext_100_b12,2026-08-28,1190962,7491,10,769.3499755859375,508.6199951171875,,
v1_wide_ext_100_b12,2026-08-31,1188480,7491,10,767.0499877929688,511.0400085449219,,
v1_wide_ext_100_b12,2026-09-01,1178726,7491,10,761.780029296875,500.30999755859375,,
v1_wide_ext_100_b12,2026-09-02,1176895,7491,10,765.1599731445312,501.44000244140625,,
v1_wide_ext_100_b12,2026-09-03,1187240,7491,10,773.1699829101562,502.20001220703125,,
v1_wide_ext_100_b12,2026-09-04,1211681,7491,10,770.1900024414062,519.8599853515625,,
v1_wide_ext_100_b12,2026-09-08,1247626,165797,8,765.9600219726562,528.4000244140625,,
v1_wide_ext_100_b12,2026-09-09,1247099,90939,9,762.4000244140625,532.0,,
v1_wide_ext_100_b12,2026-09-10,1239807,90939,9,757.8300170898438,517.4299926757812,,
v1_wide_ext_100_b12,2026-09-11,1253850,16551,9,764.2899780273438,527.0700073242188,,
v1_wide_ext_100_b12,2026-09-14,1191681,291740,7,760.8800048828125,497.3999938964844,,
v1_wide_ext_100_b12,2026-09-15,1180522,456074,6,757.3900146484375,498.8500061035156,,
v1_wide_ext_100_b12,2026-09-16,1185881,385243,7,754.0499877929688,502.05999755859375,,
v1_wide_ext_100_b12,2026-09-17,1188010,29333,9,762.5999755859375,519.0999755859375,,
v1_wide_ext_100_b12,2026-09-18,1211620,502872,6,761.6900024414062,533.0700073242188,,
v1_wide_ext_100_b12,2026-09-21,1228915,357478,7,773.5,559.3400268554688,,
v1_wide_ext_100_b12,2026-09-22,1232786,210008,8,773.3800048828125,572.780029296875,,
v1_wide_ext_100_b12,2026-09-23,1219314,210008,8,767.8099975585938,565.719970703125,,
v1_wide_ext_100_b12,2026-09-24,1212302,136849,9,767.1799926757812,566.0700073242188,,
v1_wide_ext_100_b30,2026-04-20,1000000,700000,1,706.8988037109375,417.351806640625,,
v1_wide_ext_100_b30,2026-04-21,1001507,700000,1,702.2708129882812,420.5003356933594,,
v1_wide_ext_100_b30,2026-04-22,1017366,700000,1,709.3825073242188,431.5650634765625,,
v1_wide_ext_100_b30,2026-04-23,1008227,89580,4,706.6295776367188,440.7906799316406,,
v1_wide_ext_100_b30,2026-04-24,1029501,86536,3,712.10546875,461.38092041015625,,
v1_wide_ext_100_b30,2026-04-27,1025112,0,4,713.332275390625,455.19384765625,,
v1_wide_ext_100_b30,2026-04-28,1005492,0,4,709.8612060546875,438.50177001953125,,
v1_wide_ext_100_b30,2026-04-29,1007068,0,4,709.7515258789062,449.7763977050781,,
v1_wide_ext_100_b30,2026-04-30,1028434,0,4,716.8132934570312,461.2209777832031,,
v1_wide_ext_100_b30,2026-05-01,1029492,0,4,718.7982177734375,465.5289306640625,,
v1_wide_ext_100_b30,2026-05-04,1024347,0,4,716.1649780273438,461.8406982421875,,
v1_wide_ext_100_b30,2026-05-05,1028982,0,4,721.9102172851562,482.5008850097656,,
v1_wide_ext_100_b30,2026-05-06,1074592,0,4,731.9443359375,506.6294250488281,,
v1_wide_ext_100_b30,2026-05-07,1066143,327192,3,729.7001342773438,492.12628173828125,,
v1_wide_ext_100_b30,2026-05-08,1062869,327192,3,735.724609375,520.0530395507812,,
v1_wide_ext_100_b30,2026-05-11,1064526,327192,3,737.4002685546875,532.5071411132812,,
v1_wide_ext_100_b30,2026-05-12,1059373,327192,3,736.2831420898438,515.7450561523438,,
v1_wide_ext_100_b30,2026-05-13,1067054,327192,3,740.4025268554688,528.0392456054688,,
v1_wide_ext_100_b30,2026-05-14,1083049,327192,3,746.2474975585938,529.7784423828125,,
v1_wide_ext_100_b30,2026-05-15,1071032,327192,3,737.2706298828125,508.27862548828125,,
v1_wide_ext_100_b30,2026-05-18,1066033,327192,3,736.751953125,495.6346435546875,,
v1_wide_ext_100_b30,2026-05-19,1072399,327192,3,731.8446044921875,496.50421142578125,,
v1_wide_ext_100_b30,2026-05-20,1074090,327192,3,739.3452758789062,520.0630493164062,,
v1_wide_ext_100_b30,2026-05-21,1082755,327192,3,740.8114624023438,524.4609985351562,,
v1_wide_ext_100_b30,2026-05-22,1083287,327192,3,743.7239990234375,537.0750122070312,,
v1_wide_ext_100_b30,2026-05-26,1088563,327192,3,748.6613159179688,569.8194580078125,,
v1_wide_ext_100_b30,2026-05-27,1097306,327192,3,748.5316162109375,563.7122802734375,,
v1_wide_ext_100_b30,2026-05-28,1097516,327192,3,752.6609497070312,569.19970703125,,
v1_wide_ext_100_b30,2026-05-29,1098887,327192,3,754.5361328125,568.8099365234375,,
v1_wide_ext_100_b30,2026-06-01,1112500,327192,3,756.5908203125,571.6585083007812,,
v1_wide_ext_100_b30,2026-06-02,1133534,327192,3,757.6182250976562,604.7328491210938,,
v1_wide_ext_100_b30,2026-06-03,1128631,327192,3,752.3018798828125,615.3877563476562,,
v1_wide_ext_100_b30,2026-06-04,1127036,157897,4,755.1445922851562,602.4338989257812,,
v1_wide_ext_100_b30,2026-06-05,1095140,0,4,735.65478515625,539.5138549804688,,
v1_wide_ext_100_b30,2026-06-08,1091400,0,4,737.3204345703125,571.1787719726562,,
v1_wide_ext_100_b30,2026-06-09,1090153,308681,3,735.1560668945312,561.8732299804688,,
v1_wide_ext_100_b30,2026-06-10,1062445,308681,3,723.56591796875,541.2529907226562,,
v1_wide_ext_100_b30,2026-06-11,1077628,0,4,735.8642578125,586.6514282226562,,
v1_wide_ext_100_b30,2026-06-12,1099397,0,4,739.843994140625,595.9669799804688,,
v1_wide_ext_100_b30,2026-06-15,1134571,0,4,752.890380859375,628.4500122070312,,
v1_wide_ext_100_b30,2026-06-16,1132773,349629,3,748.4019775390625,591.239990234375,,
v1_wide_ext_100_b30,2026-06-17,1146120,179713,4,739.0560302734375,599.72998046875,,
v1_wide_ext_100_b30,2026-06-18,1218684,7795,5,746.739990234375,639.4500122070312,,
v1_wide_ext_100_b30,2026-06-22,1236745,7795,5,744.3900146484375,655.010009765625,,
v1_wide_ext_100_b30,2026-06-23,1190562,0,5,733.5800170898438,603.3900146484375,,
v1_wide_ext_100_b30,2026-06-24,1173644,0,5,733.239990234375,601.5,,
v1_wide_ext_100_b30,2026-06-25,1136370,138683,4,734.2999877929688,625.2000122070312,,
v1_wide_ext_100_b30,2026-06-26,1061109,138683,4,728.989990234375,589.9400024414062,,
v1_wide_ext_100_b30,2026-06-29,1103165,0,5,741.0,614.3499755859375,,
v1_wide_ext_100_b30,2026-06-30,1144271,0,5,746.77001953125,640.760009765625,,
v1_wide_ext_100_b30,2026-07-01,1118182,535659,3,745.760009765625,599.7000122070312,,
v1_wide_ext_100_b30,2026-07-02,1123745,367932,4,744.780029296875,566.3200073242188,,
v1_wide_ext_100_b30,2026-07-06,1133280,367932,4,751.280029296875,581.510009765625,,
v1_wide_ext_100_b30,2026-07-07,1146433,367932,4,747.7100219726562,551.6900024414062,,
v1_wide_ext_100_b30,2026-07-08,1154162,367932,4,745.4000244140625,562.030029296875,,
v1_wide_ext_100_b30,2026-07-09,1160135,367932,4,751.7100219726562,581.7000122070312,,
v1_wide_ext_100_b30,2026-07-10,1168813,367932,4,754.9500122070312,581.3400268554688,,
v1_wide_ext_100_b30,2026-07-13,1162505,367932,4,749.1699829101562,553.6099853515625,,
v1_wide_ext_100_b30,2026-07-14,1179564,193556,4,751.8300170898438,567.9199829101562,,
v1_wide_ext_100_b30,2026-07-15,1194016,193556,4,754.8099975585938,555.27001953125,,
v1_wide_ext_100_b30,2026-07-16,1178853,193556,4,750.719970703125,530.5,,
v1_wide_ext_100_b30,2026-07-17,1163827,193556,4,743.2899780273438,521.8099975585938,,
v1_wide_ext_100_b30,2026-07-20,1166098,193556,4,742.0900268554688,524.1400146484375,,
v1_wide_ext_100_b30,2026-07-21,1171614,193556,4,748.280029296875,552.6900024414062,,
v1_wide_ext_100_b30,2026-07-22,1188435,193556,4,747.4099731445312,555.52001953125,,
v1_wide_ext_100_b30,2026-07-23,1171991,193556,4,738.1799926757812,551.239990234375,,
v1_wide_ext_100_b30,2026-07-24,1171443,193556,4,738.9299926757812,527.010009765625,,
v1_wide_ext_100_b30,2026-07-27,1161505,193556,4,739.0900268554688,516.22998046875,,
v1_wide_ext_100_b30,2026-07-28,1160101,193556,4,740.8599853515625,491.4599914550781,,
v1_wide_ext_100_b30,2026-07-29,1159710,514782,3,729.4600219726562,465.0,,
v1_wide_ext_100_b30,2026-07-30,1156910,514782,3,741.6900024414062,504.5299987792969,,
v1_wide_ext_100_b30,2026-07-31,1164317,341246,4,747.030029296875,504.8900146484375,,
v1_wide_ext_100_b30,2026-08-03,1188223,0,6,757.6699829101562,507.67999267578125,,
v1_wide_ext_100_b30,2026-08-04,1219431,0,6,771.3300170898438,542.2100219726562,,
v1_wide_ext_100_b30,2026-08-05,1195891,0,6,769.7899780273438,530.7000122070312,,
v1_wide_ext_100_b30,2026-08-06,1210600,0,6,768.5599975585938,532.52001953125,,
v1_wide_ext_100_b30,2026-08-07,1234177,0,6,773.260009765625,543.27001953125,,
v1_wide_ext_100_b30,2026-08-10,1216552,0,6,773.030029296875,529.3900146484375,,
v1_wide_ext_100_b30,2026-08-11,1233013,0,6,770.5599975585938,534.2000122070312,,
v1_wide_ext_100_b30,2026-08-12,1273653,0,6,772.489990234375,546.6099853515625,,
v1_wide_ext_100_b30,2026-08-13,1264724,0,6,777.8800048828125,550.739990234375,,
v1_wide_ext_100_b30,2026-08-14,1276702,0,6,776.3400268554688,550.4199829101562,,
v1_wide_ext_100_b30,2026-08-17,1300254,0,6,772.6699829101562,559.1199951171875,,
v1_wide_ext_100_b30,2026-08-18,1244891,0,6,767.4500122070312,531.3900146484375,,
v1_wide_ext_100_b30,2026-08-19,1224829,0,6,769.0599975585938,519.6699829101562,,
v1_wide_ext_100_b30,2026-08-20,1239253,0,6,762.5999755859375,522.3499755859375,,
v1_wide_ext_100_b30,2026-08-21,1242292,210670,5,765.719970703125,520.0499877929688,,
v1_wide_ext_100_b30,2026-08-24,1232740,24326,5,763.469970703125,506.17999267578125,,
v1_wide_ext_100_b30,2026-08-25,1250057,24326,5,765.9099731445312,514.0599975585938,,
v1_wide_ext_100_b30,2026-08-26,1244516,24326,5,766.0800170898438,515.4000244140625,,
v1_wide_ext_100_b30,2026-08-27,1243223,24326,5,771.0999755859375,525.4299926757812,,
v1_wide_ext_100_b30,2026-08-28,1237417,24326,5,769.3499755859375,508.6199951171875,,
v1_wide_ext_100_b30,2026-08-31,1230258,24326,5,767.0499877929688,511.0400085449219,,
v1_wide_ext_100_b30,2026-09-01,1216718,24326,5,761.780029296875,500.30999755859375,,
v1_wide_ext_100_b30,2026-09-02,1226673,24326,5,765.1599731445312,501.44000244140625,,
v1_wide_ext_100_b30,2026-09-03,1227710,24326,5,773.1699829101562,502.20001220703125,,
v1_wide_ext_100_b30,2026-09-04,1246277,24326,5,770.1900024414062,519.8599853515625,,
v1_wide_ext_100_b30,2026-09-08,1274002,24326,5,765.9600219726562,528.4000244140625,,
v1_wide_ext_100_b30,2026-09-09,1264272,24326,5,762.4000244140625,532.0,,
v1_wide_ext_100_b30,2026-09-10,1249216,24326,5,757.8300170898438,517.4299926757812,,
v1_wide_ext_100_b30,2026-09-11,1266598,24326,5,764.2899780273438,527.0700073242188,,
v1_wide_ext_100_b30,2026-09-14,1207819,196086,4,760.8800048828125,497.3999938964844,,
v1_wide_ext_100_b30,2026-09-15,1194646,196086,4,757.3900146484375,498.8500061035156,,
v1_wide_ext_100_b30,2026-09-16,1201710,16889,5,754.0499877929688,502.05999755859375,,
v1_wide_ext_100_b30,2026-09-17,1203913,16889,5,762.5999755859375,519.0999755859375,,
v1_wide_ext_100_b30,2026-09-18,1217214,16889,5,761.6900024414062,533.0700073242188,,
v1_wide_ext_100_b30,2026-09-21,1244226,16889,5,773.5,559.3400268554688,,
v1_wide_ext_100_b30,2026-09-22,1248686,16889,5,773.3800048828125,572.780029296875,,
v1_wide_ext_100_b30,2026-09-23,1237014,16889,5,767.8099975585938,565.719970703125,,
v1_wide_ext_100_b30,2026-09-24,1221837,16889,5,767.1799926757812,566.0700073242188,,
v1_wide_extthesis_100,2026-04-20,1000000,900000,1,706.8988037109375,417.351806640625,,
v1_wide_extthesis_100,2026-04-21,1000502,900000,1,702.2708129882812,420.5003356933594,,
v1_wide_extthesis_100,2026-04-22,1005789,900000,1,709.3825073242188,431.5650634765625,,
v1_wide_extthesis_100,2026-04-23,1002762,698843,4,706.6295776367188,440.7906799316406,,
v1_wide_extthesis_100,2026-04-24,1009831,697492,3,712.10546875,461.38092041015625,,
v1_wide_extthesis_100,2026-04-27,1008067,647000,4,713.332275390625,455.19384765625,,
v1_wide_extthesis_100,2026-04-28,1001695,647000,4,709.8612060546875,438.50177001953125,,
v1_wide_extthesis_100,2026-04-29,1002163,647000,4,709.7515258789062,449.7763977050781,,
v1_wide_extthesis_100,2026-04-30,1009389,647000,4,716.8132934570312,461.2209777832031,,
v1_wide_extthesis_100,2026-05-01,1009874,647000,4,718.7982177734375,465.5289306640625,,
v1_wide_extthesis_100,2026-05-04,1008161,596506,5,716.1649780273438,461.8406982421875,,
v1_wide_extthesis_100,2026-05-05,1008201,645647,4,721.9102172851562,482.5008850097656,,
v1_wide_extthesis_100,2026-05-06,1023532,645647,4,731.9443359375,506.6294250488281,,
v1_wide_extthesis_100,2026-05-07,1020722,753470,3,729.7001342773438,492.12628173828125,,
v1_wide_extthesis_100,2026-05-08,1019649,753470,3,735.724609375,520.0530395507812,,
v1_wide_extthesis_100,2026-05-11,1020784,753470,3,737.4002685546875,532.5071411132812,,
v1_wide_extthesis_100,2026-05-12,1018876,753470,3,736.2831420898438,515.7450561523438,,
v1_wide_extthesis_100,2026-05-13,1021933,753470,3,740.4025268554688,528.0392456054688,,
v1_wide_extthesis_100,2026-05-14,1027312,753470,3,746.2474975585938,529.7784423828125,,
v1_wide_extthesis_100,2026-05-15,1023215,753470,3,737.2706298828125,508.27862548828125,,
v1_wide_extthesis_100,2026-05-18,1021566,753470,3,736.751953125,495.6346435546875,,
v1_wide_extthesis_100,2026-05-19,1024106,753470,3,731.8446044921875,496.50421142578125,,
v1_wide_extthesis_100,2026-05-20,1024428,753470,3,739.3452758789062,520.0630493164062,,
v1_wide_extthesis_100,2026-05-21,1027472,753470,3,740.8114624023438,524.4609985351562,,
v1_wide_extthesis_100,2026-05-22,1027843,753470,3,743.7239990234375,537.0750122070312,,
v1_wide_extthesis_100,2026-05-26,1029440,753470,3,748.6613159179688,569.8194580078125,,
v1_wide_extthesis_100,2026-05-27,1032365,753470,3,748.5316162109375,563.7122802734375,,
v1_wide_extthesis_100,2026-05-28,1032220,753470,3,752.6609497070312,569.19970703125,,
v1_wide_extthesis_100,2026-05-29,1032944,753470,3,754.5361328125,568.8099365234375,,
v1_wide_extthesis_100,2026-06-01,1037458,753470,3,756.5908203125,571.6585083007812,,
v1_wide_extthesis_100,2026-06-02,1045088,753470,3,757.6182250976562,604.7328491210938,,
v1_wide_extthesis_100,2026-06-03,1043865,753470,3,752.3018798828125,615.3877563476562,,
v1_wide_extthesis_100,2026-06-04,1042775,701277,4,755.1445922851562,602.4338989257812,,
v1_wide_extthesis_100,2026-06-05,1032174,649138,4,735.65478515625,539.5138549804688,,
v1_wide_extthesis_100,2026-06-08,1030366,649138,4,737.3204345703125,571.1787719726562,,
v1_wide_extthesis_100,2026-06-09,1030494,747613,3,735.1560668945312,561.8732299804688,,
v1_wide_extthesis_100,2026-06-10,1020752,859220,2,723.56591796875,541.2529907226562,,
v1_wide_extthesis_100,2026-06-11,1022084,552995,5,735.8642578125,586.6514282226562,,
v1_wide_extthesis_100,2026-06-12,1029354,552995,5,739.843994140625,595.9669799804688,,
v1_wide_extthesis_100,2026-06-15,1042677,665578,4,752.890380859375,628.4500122070312,,
v1_wide_extthesis_100,2026-06-16,1042853,665578,4,748.4019775390625,591.239990234375,,
v1_wide_extthesis_100,2026-06-17,1041991,613435,5,739.0560302734375,599.72998046875,,
v1_wide_extthesis_100,2026-06-18,1052549,617469,5,746.739990234375,639.4500122070312,,
v1_wide_extthesis_100,2026-06-22,1043292,564913,5,744.3900146484375,655.010009765625,,
v1_wide_extthesis_100,2026-06-23,1035202,611886,5,733.5800170898438,603.3900146484375,,
v1_wide_extthesis_100,2026-06-24,1028376,611886,5,733.239990234375,601.5,,
v1_wide_extthesis_100,2026-06-25,1022153,655293,4,734.2999877929688,625.2000122070312,,
v1_wide_extthesis_100,2026-06-26,1017188,655293,4,728.989990234375,589.9400024414062,,
v1_wide_extthesis_100,2026-06-29,1024544,655293,4,741.0,614.3499755859375,,
v1_wide_extthesis_100,2026-06-30,1026597,604066,5,746.77001953125,640.760009765625,,
v1_wide_extthesis_100,2026-07-01,1027586,552736,5,745.760009765625,599.7000122070312,,
v1_wide_extthesis_100,2026-07-02,1032011,727560,3,744.780029296875,566.3200073242188,,
v1_wide_extthesis_100,2026-07-06,1033850,727560,3,751.280029296875,581.510009765625,,
v1_wide_extthesis_100,2026-07-07,1034739,727560,3,747.7100219726562,551.6900024414062,,
v1_wide_extthesis_100,2026-07-08,1035426,727560,3,745.4000244140625,562.030029296875,,
v1_wide_extthesis_100,2026-07-09,1034327,727560,3,751.7100219726562,581.7000122070312,,
v1_wide_extthesis_100,2026-07-10,1038252,727560,3,754.9500122070312,581.3400268554688,,
v1_wide_extthesis_100,2026-07-13,1034900,727560,3,749.1699829101562,553.6099853515625,,
v1_wide_extthesis_100,2026-07-14,1039282,727560,3,751.8300170898438,567.9199829101562,,
v1_wide_extthesis_100,2026-07-15,1046209,727560,3,754.8099975585938,555.27001953125,,
v1_wide_extthesis_100,2026-07-16,1040458,727560,3,750.719970703125,530.5,,
v1_wide_extthesis_100,2026-07-17,1034005,727560,3,743.2899780273438,521.8099975585938,,
v1_wide_extthesis_100,2026-07-20,1038032,727560,3,742.0900268554688,524.1400146484375,,
v1_wide_extthesis_100,2026-07-21,1037317,727560,3,748.280029296875,552.6900024414062,,
v1_wide_extthesis_100,2026-07-22,1036463,727560,3,747.4099731445312,555.52001953125,,
v1_wide_extthesis_100,2026-07-23,1025709,727560,3,738.1799926757812,551.239990234375,,
v1_wide_extthesis_100,2026-07-24,1025000,727560,3,738.9299926757812,527.010009765625,,
v1_wide_extthesis_100,2026-07-27,1024000,727560,3,739.0900268554688,516.22998046875,,
v1_wide_extthesis_100,2026-07-28,1027123,727560,3,740.8599853515625,491.4599914550781,,
v1_wide_extthesis_100,2026-07-29,1023783,727560,3,729.4600219726562,465.0,,
v1_wide_extthesis_100,2026-07-30,1042068,727560,3,741.6900024414062,504.5299987792969,,
v1_wide_extthesis_100,2026-07-31,1055163,675457,4,747.030029296875,504.8900146484375,,
v1_wide_extthesis_100,2026-08-03,1073634,569941,6,757.6699829101562,507.67999267578125,,
v1_wide_extthesis_100,2026-08-04,1087904,516259,7,771.3300170898438,542.2100219726562,,
v1_wide_extthesis_100,2026-08-05,1080515,516259,7,769.7899780273438,530.7000122070312,,
v1_wide_extthesis_100,2026-08-06,1084468,625369,6,768.5599975585938,532.52001953125,,
v1_wide_extthesis_100,2026-08-07,1094523,462700,8,773.260009765625,543.27001953125,,
v1_wide_extthesis_100,2026-08-10,1085714,407974,8,773.030029296875,529.3900146484375,,
v1_wide_extthesis_100,2026-08-11,1089563,353688,9,770.5599975585938,534.2000122070312,,
v1_wide_extthesis_100,2026-08-12,1123065,353688,9,772.489990234375,546.6099853515625,,
v1_wide_extthesis_100,2026-08-13,1129379,241382,10,777.8800048828125,550.739990234375,,
v1_wide_extthesis_100,2026-08-14,1141881,241382,10,776.3400268554688,550.4199829101562,,
v1_wide_extthesis_100,2026-08-17,1149329,241382,10,772.6699829101562,559.1199951171875,,
v1_wide_extthesis_100,2026-08-18,1111440,296170,9,767.4500122070312,531.3900146484375,,
v1_wide_extthesis_100,2026-08-19,1089479,296170,9,769.0599975585938,519.6699829101562,,
v1_wide_extthesis_100,2026-08-20,1113245,296170,9,762.5999755859375,522.3499755859375,,
v1_wide_extthesis_100,2026-08-21,1116933,359422,8,765.719970703125,520.0499877929688,,
v1_wide_extthesis_100,2026-08-24,1101288,247797,9,763.469970703125,506.17999267578125,,
v1_wide_extthesis_100,2026-08-25,1116530,247797,9,765.9099731445312,514.0599975585938,,
v1_wide_extthesis_100,2026-08-26,1118893,247797,9,766.0800170898438,515.4000244140625,,
v1_wide_extthesis_100,2026-08-27,1127561,191852,9,771.0999755859375,525.4299926757812,,
v1_wide_extthesis_100,2026-08-28,1113245,135474,10,769.3499755859375,508.6199951171875,,
v1_wide_extthesis_100,2026-08-31,1108525,135474,10,767.0499877929688,511.0400085449219,,
v1_wide_extthesis_100,2026-09-01,1097530,135474,10,761.780029296875,500.30999755859375,,
v1_wide_extthesis_100,2026-09-02,1097443,135474,10,765.1599731445312,501.44000244140625,,
v1_wide_extthesis_100,2026-09-03,1105358,135474,10,773.1699829101562,502.20001220703125,,
v1_wide_extthesis_100,2026-09-04,1132700,135474,10,770.1900024414062,519.8599853515625,,
v1_wide_extthesis_100,2026-09-08,1164613,327664,8,765.9600219726562,528.4000244140625,,
v1_wide_extthesis_100,2026-09-09,1161792,269433,8,762.4000244140625,532.0,,
v1_wide_extthesis_100,2026-09-10,1156148,269433,8,757.8300170898438,517.4299926757812,,
v1_wide_extthesis_100,2026-09-11,1175775,269433,8,764.2899780273438,527.0700073242188,,
v1_wide_extthesis_100,2026-09-14,1115314,491276,6,760.8800048828125,497.3999938964844,,
v1_wide_extthesis_100,2026-09-15,1110469,625948,5,757.3900146484375,498.8500061035156,,
v1_wide_extthesis_100,2026-09-16,1115840,570425,6,754.0499877929688,502.05999755859375,,
v1_wide_extthesis_100,2026-09-17,1116042,291370,8,762.5999755859375,519.0999755859375,,
v1_wide_extthesis_100,2026-09-18,1137196,440233,7,761.6900024414062,533.0700073242188,,
v1_wide_extthesis_100,2026-09-21,1159692,440834,7,773.5,559.3400268554688,,
v1_wide_extthesis_100,2026-09-22,1166167,440919,7,773.3800048828125,572.780029296875,,
v1_wide_extthesis_100,2026-09-23,1153195,440919,7,767.8099975585938,565.719970703125,,
v1_wide_extthesis_100,2026-09-24,1143872,383259,8,767.1799926757812,566.0700073242188,,
v1_wide_extthesis_100_all,2026-04-20,1000000,850000,1,706.8988037109375,417.351806640625,,
v1_wide_extthesis_100_all,2026-04-21,1000754,850000,1,702.2708129882812,420.5003356933594,,
v1_wide_extthesis_100_all,2026-04-22,1008683,850000,1,709.3825073242188,431.5650634765625,,
v1_wide_extthesis_100_all,2026-04-23,1004136,547396,4,706.6295776367188,440.7906799316406,,
v1_wide_extthesis_100_all,2026-04-24,1014747,545495,3,712.10546875,461.38092041015625,,
v1_wide_extthesis_100_all,2026-04-27,1012089,469389,4,713.332275390625,455.19384765625,,
v1_wide_extthesis_100_all,2026-04-28,1002520,469389,4,709.8612060546875,438.50177001953125,,
v1_wide_extthesis_100_all,2026-04-29,1003223,469389,4,709.7515258789062,449.7763977050781,,
v1_wide_extthesis_100_all,2026-04-30,1014087,469389,4,716.8132934570312,461.2209777832031,,
v1_wide_extthesis_100_all,2026-05-01,1014814,469389,4,718.7982177734375,465.5289306640625,,
v1_wide_extthesis_100_all,2026-05-04,1012231,393278,5,716.1649780273438,461.8406982421875,,
v1_wide_extthesis_100_all,2026-05-05,1012299,467350,4,721.9102172851562,482.5008850097656,,
v1_wide_extthesis_100_all,2026-05-06,1035330,467350,4,731.9443359375,506.6294250488281,,
v1_wide_extthesis_100_all,2026-05-07,1031108,629549,3,729.7001342773438,492.12628173828125,,
v1_wide_extthesis_100_all,2026-05-08,1029499,629549,3,735.724609375,520.0530395507812,,
v1_wide_extthesis_100_all,2026-05-11,1031215,629549,3,737.4002685546875,532.5071411132812,,
v1_wide_extthesis_100_all,2026-05-12,1028353,629549,3,736.2831420898438,515.7450561523438,,
v1_wide_extthesis_100_all,2026-05-13,1032950,629549,3,740.4025268554688,528.0392456054688,,
v1_wide_extthesis_100_all,2026-05-14,1041023,629549,3,746.2474975585938,529.7784423828125,,
v1_wide_extthesis_100_all,2026-05-15,1034872,629549,3,737.2706298828125,508.27862548828125,,
v1_wide_extthesis_100_all,2026-05-18,1032403,629549,3,736.751953125,495.6346435546875,,
v1_wide_extthesis_100_all,2026-05-19,1036225,629549,3,731.8446044921875,496.50421142578125,,
v1_wide_extthesis_100_all,2026-05-20,1036703,629549,3,739.3452758789062,520.0630493164062,,
v1_wide_extthesis_100_all,2026-05-21,1041271,629549,3,740.8114624023438,524.4609985351562,,
v1_wide_extthesis_100_all,2026-05-22,1041833,629549,3,743.7239990234375,537.0750122070312,,
v1_wide_extthesis_100_all,2026-05-26,1044227,629549,3,748.6613159179688,569.8194580078125,,
v1_wide_extthesis_100_all,2026-05-27,1048615,629549,3,748.5316162109375,563.7122802734375,,
v1_wide_extthesis_100_all,2026-05-28,1048392,629549,3,752.6609497070312,569.19970703125,,
v1_wide_extthesis_100_all,2026-05-29,1049488,629549,3,754.5361328125,568.8099365234375,,
v1_wide_extthesis_100_all,2026-06-01,1056258,629549,3,756.5908203125,571.6585083007812,,
v1_wide_extthesis_100_all,2026-06-02,1067726,629549,3,757.6182250976562,604.7328491210938,,
v1_wide_extthesis_100_all,2026-06-03,1065899,629549,3,752.3018798828125,615.3877563476562,,
v1_wide_extthesis_100_all,2026-06-04,1064246,549607,4,755.1445922851562,602.4338989257812,,
v1_wide_extthesis_100_all,2026-06-05,1048291,469789,4,735.65478515625,539.5138549804688,,
v1_wide_extthesis_100_all,2026-06-08,1045525,469789,4,737.3204345703125,571.1787719726562,,
v1_wide_extthesis_100_all,2026-06-09,1045635,620580,3,735.1560668945312,561.8732299804688,,
v1_wide_extthesis_100_all,2026-06-10,1031003,787991,2,723.56591796875,541.2529907226562,,
v1_wide_extthesis_100_all,2026-06-11,1033003,324041,5,735.8642578125,586.6514282226562,,
v1_wide_extthesis_100_all,2026-06-12,1043995,324041,5,739.843994140625,595.9669799804688,,
v1_wide_extthesis_100_all,2026-06-15,1064169,494611,4,752.890380859375,628.4500122070312,,
v1_wide_extthesis_100_all,2026-06-16,1064421,494611,4,748.4019775390625,591.239990234375,,
v1_wide_extthesis_100_all,2026-06-17,1063082,414779,5,739.0560302734375,599.72998046875,,
v1_wide_extthesis_100_all,2026-06-18,1079122,420990,5,746.739990234375,639.4500122070312,,
v1_wide_extthesis_100_all,2026-06-22,1065057,340217,5,744.3900146484375,655.010009765625,,
v1_wide_extthesis_100_all,2026-06-23,1052743,412503,5,733.5800170898438,603.3900146484375,,
v1_wide_extthesis_100_all,2026-06-24,1042338,412503,5,733.239990234375,601.5,,
v1_wide_extthesis_100_all,2026-06-25,1032864,478874,4,734.2999877929688,625.2000122070312,,
v1_wide_extthesis_100_all,2026-06-26,1025357,478874,4,728.989990234375,589.9400024414062,,
v1_wide_extthesis_100_all,2026-06-29,1036485,478874,4,741.0,614.3499755859375,,
v1_wide_extthesis_100_all,2026-06-30,1039607,401138,5,746.77001953125,640.760009765625,,
v1_wide_extthesis_100_all,2026-07-01,1041112,323167,5,745.760009765625,599.7000122070312,,
v1_wide_extthesis_100_all,2026-07-02,1047776,586178,3,744.780029296875,566.3200073242188,,
v1_wide_extthesis_100_all,2026-07-06,1050559,586178,3,751.280029296875,581.510009765625,,
v1_wide_extthesis_100_all,2026-07-07,1051907,586178,3,747.7100219726562,551.6900024414062,,
v1_wide_extthesis_100_all,2026-07-08,1052943,586178,3,745.4000244140625,562.030029296875,,
v1_wide_extthesis_100_all,2026-07-09,1051279,586178,3,751.7100219726562,581.7000122070312,,
v1_wide_extthesis_100_all,2026-07-10,1057226,586178,3,754.9500122070312,581.3400268554688,,
v1_wide_extthesis_100_all,2026-07-13,1052153,586178,3,749.1699829101562,553.6099853515625,,
v1_wide_extthesis_100_all,2026-07-14,1058787,586178,3,751.8300170898438,567.9199829101562,,
v1_wide_extthesis_100_all,2026-07-15,1069290,586178,3,754.8099975585938,555.27001953125,,
v1_wide_extthesis_100_all,2026-07-16,1060583,586178,3,750.719970703125,530.5,,
v1_wide_extthesis_100_all,2026-07-17,1050799,586178,3,743.2899780273438,521.8099975585938,,
v1_wide_extthesis_100_all,2026-07-20,1056906,586178,3,742.0900268554688,524.1400146484375,,
v1_wide_extthesis_100_all,2026-07-21,1055821,586178,3,748.280029296875,552.6900024414062,,
v1_wide_extthesis_100_all,2026-07-22,1054521,586178,3,747.4099731445312,555.52001953125,,
v1_wide_extthesis_100_all,2026-07-23,1038219,586178,3,738.1799926757812,551.239990234375,,
v1_wide_extthesis_100_all,2026-07-24,1037146,586178,3,738.9299926757812,527.010009765625,,
v1_wide_extthesis_100_all,2026-07-27,1035637,586178,3,739.0900268554688,516.22998046875,,
v1_wide_extthesis_100_all,2026-07-28,1040373,586178,3,740.8599853515625,491.4599914550781,,
v1_wide_extthesis_100_all,2026-07-29,1035310,586178,3,729.4600219726562,465.0,,
v1_wide_extthesis_100_all,2026-07-30,1063063,586178,3,741.6900024414062,504.5299987792969,,
v1_wide_extthesis_100_all,2026-07-31,1082917,506448,4,747.030029296875,504.8900146484375,,
v1_wide_extthesis_100_all,2026-08-03,1110994,344010,6,757.6699829101562,507.67999267578125,,
v1_wide_extthesis_100_all,2026-08-04,1132801,260685,7,771.3300170898438,542.2100219726562,,
v1_wide_extthesis_100_all,2026-08-05,1121470,260685,7,769.7899780273438,530.7000122070312,,
v1_wide_extthesis_100_all,2026-08-06,1127506,425994,6,768.5599975585938,532.52001953125,,
v1_wide_extthesis_100_all,2026-08-07,1143051,172305,8,773.260009765625,543.27001953125,,
v1_wide_extthesis_100_all,2026-08-10,1129412,86576,8,773.030029296875,529.3900146484375,,
v1_wide_extthesis_100_all,2026-08-11,1135497,1870,9,770.5599975585938,534.2000122070312,,
v1_wide_extthesis_100_all,2026-08-12,1187531,1870,9,772.489990234375,546.6099853515625,,
v1_wide_extthesis_100_all,2026-08-13,1197458,-176260,10,777.8800048828125,550.739990234375,,
v1_wide_extthesis_100_all,2026-08-14,1216894,-176260,10,776.3400268554688,550.4199829101562,,
v1_wide_extthesis_100_all,2026-08-17,1228669,-176260,10,772.6699829101562,559.1199951171875,,
v1_wide_extthesis_100_all,2026-08-18,1169787,-89360,9,767.4500122070312,531.3900146484375,,
v1_wide_extthesis_100_all,2026-08-19,1135626,-89360,9,769.0599975585938,519.6699829101562,,
v1_wide_extthesis_100_all,2026-08-20,1172754,-89360,9,762.5999755859375,522.3499755859375,,
v1_wide_extthesis_100_all,2026-08-21,1178442,7431,8,765.719970703125,520.0499877929688,,
v1_wide_extthesis_100_all,2026-08-24,1153934,-169177,9,763.469970703125,506.17999267578125,,
v1_wide_extthesis_100_all,2026-08-25,1177680,-169177,9,765.9099731445312,514.0599975585938,,
v1_wide_extthesis_100_all,2026-08-26,1181369,-169177,9,766.0800170898438,515.4000244140625,,
v1_wide_extthesis_100_all,2026-08-27,1194845,-257780,9,771.0999755859375,525.4299926757812,,
v1_wide_extthesis_100_all,2026-08-28,1172398,-347393,10,769.3499755859375,508.6199951171875,,
v1_wide_extthesis_100_all,2026-08-31,1165220,-347393,10,767.0499877929688,511.0400085449219,,
v1_wide_extthesis_100_all,2026-09-01,1148127,-347393,10,761.780029296875,500.30999755859375,,
v1_wide_extthesis_100_all,2026-09-02,1148091,-347393,10,765.1599731445312,501.44000244140625,,
v1_wide_extthesis_100_all,2026-09-03,1160238,-347393,10,773.1699829101562,502.20001220703125,,
v1_wide_extthesis_100_all,2026-09-04,1203289,-347393,10,770.1900024414062,519.8599853515625,,
v1_wide_extthesis_100_all,2026-09-08,1253121,-46035,8,765.9600219726562,528.4000244140625,,
v1_wide_extthesis_100_all,2026-09-09,1248756,-140019,8,762.4000244140625,532.0,,
v1_wide_extthesis_100_all,2026-09-10,1239996,-140019,8,757.8300170898438,517.4299926757812,,
v1_wide_extthesis_100_all,2026-09-11,1270821,-140019,8,764.2899780273438,527.0700073242188,,
v1_wide_extthesis_100_all,2026-09-14,1175558,209553,6,760.8800048828125,497.3999938964844,,
v1_wide_extthesis_100_all,2026-09-15,1168153,414017,5,757.3900146484375,498.8500061035156,,
v1_wide_extthesis_100_all,2026-09-16,1176615,326406,6,754.0499877929688,502.05999755859375,,
v1_wide_extthesis_100_all,2026-09-17,1176818,-115049,8,762.5999755859375,519.0999755859375,,
v1_wide_extthesis_100_all,2026-09-18,1210024,117757,7,761.6900024414062,533.0700073242188,,
v1_wide_extthesis_100_all,2026-09-21,1245288,117073,7,773.5,559.3400268554688,,
v1_wide_extthesis_100_all,2026-09-22,1255559,113841,7,773.3800048828125,572.780029296875,,
v1_wide_extthesis_100_all,2026-09-23,1235314,113841,7,767.8099975585938,565.719970703125,,
v1_wide_extthesis_100_all,2026-09-24,1220545,21192,8,767.1799926757812,566.0700073242188,,
v1_wide_extthesis_100_b15,2026-04-20,1000000,850000,1,706.8988037109375,417.351806640625,,
v1_wide_extthesis_100_b15,2026-04-21,1000754,850000,1,702.2708129882812,420.5003356933594,,
v1_wide_extthesis_100_b15,2026-04-22,1008683,850000,1,709.3825073242188,431.5650634765625,,
v1_wide_extthesis_100_b15,2026-04-23,1004136,547396,4,706.6295776367188,440.7906799316406,,
v1_wide_extthesis_100_b15,2026-04-24,1014747,545495,3,712.10546875,461.38092041015625,,
v1_wide_extthesis_100_b15,2026-04-27,1012089,469389,4,713.332275390625,455.19384765625,,
v1_wide_extthesis_100_b15,2026-04-28,1002520,469389,4,709.8612060546875,438.50177001953125,,
v1_wide_extthesis_100_b15,2026-04-29,1003223,469389,4,709.7515258789062,449.7763977050781,,
v1_wide_extthesis_100_b15,2026-04-30,1014087,469389,4,716.8132934570312,461.2209777832031,,
v1_wide_extthesis_100_b15,2026-05-01,1014814,469389,4,718.7982177734375,465.5289306640625,,
v1_wide_extthesis_100_b15,2026-05-04,1012231,393278,5,716.1649780273438,461.8406982421875,,
v1_wide_extthesis_100_b15,2026-05-05,1012299,467350,4,721.9102172851562,482.5008850097656,,
v1_wide_extthesis_100_b15,2026-05-06,1035330,467350,4,731.9443359375,506.6294250488281,,
v1_wide_extthesis_100_b15,2026-05-07,1031108,629549,3,729.7001342773438,492.12628173828125,,
v1_wide_extthesis_100_b15,2026-05-08,1029499,629549,3,735.724609375,520.0530395507812,,
v1_wide_extthesis_100_b15,2026-05-11,1031215,629549,3,737.4002685546875,532.5071411132812,,
v1_wide_extthesis_100_b15,2026-05-12,1028353,629549,3,736.2831420898438,515.7450561523438,,
v1_wide_extthesis_100_b15,2026-05-13,1032950,629549,3,740.4025268554688,528.0392456054688,,
v1_wide_extthesis_100_b15,2026-05-14,1041023,629549,3,746.2474975585938,529.7784423828125,,
v1_wide_extthesis_100_b15,2026-05-15,1034872,629549,3,737.2706298828125,508.27862548828125,,
v1_wide_extthesis_100_b15,2026-05-18,1032403,629549,3,736.751953125,495.6346435546875,,
v1_wide_extthesis_100_b15,2026-05-19,1036225,629549,3,731.8446044921875,496.50421142578125,,
v1_wide_extthesis_100_b15,2026-05-20,1036703,629549,3,739.3452758789062,520.0630493164062,,
v1_wide_extthesis_100_b15,2026-05-21,1041271,629549,3,740.8114624023438,524.4609985351562,,
v1_wide_extthesis_100_b15,2026-05-22,1041833,629549,3,743.7239990234375,537.0750122070312,,
v1_wide_extthesis_100_b15,2026-05-26,1044227,629549,3,748.6613159179688,569.8194580078125,,
v1_wide_extthesis_100_b15,2026-05-27,1048615,629549,3,748.5316162109375,563.7122802734375,,
v1_wide_extthesis_100_b15,2026-05-28,1048392,629549,3,752.6609497070312,569.19970703125,,
v1_wide_extthesis_100_b15,2026-05-29,1049488,629549,3,754.5361328125,568.8099365234375,,
v1_wide_extthesis_100_b15,2026-06-01,1056258,629549,3,756.5908203125,571.6585083007812,,
v1_wide_extthesis_100_b15,2026-06-02,1067726,629549,3,757.6182250976562,604.7328491210938,,
v1_wide_extthesis_100_b15,2026-06-03,1065899,629549,3,752.3018798828125,615.3877563476562,,
v1_wide_extthesis_100_b15,2026-06-04,1064246,549607,4,755.1445922851562,602.4338989257812,,
v1_wide_extthesis_100_b15,2026-06-05,1048291,469789,4,735.65478515625,539.5138549804688,,
v1_wide_extthesis_100_b15,2026-06-08,1045525,469789,4,737.3204345703125,571.1787719726562,,
v1_wide_extthesis_100_b15,2026-06-09,1045635,620580,3,735.1560668945312,561.8732299804688,,
v1_wide_extthesis_100_b15,2026-06-10,1031003,787991,2,723.56591796875,541.2529907226562,,
v1_wide_extthesis_100_b15,2026-06-11,1033003,324041,5,735.8642578125,586.6514282226562,,
v1_wide_extthesis_100_b15,2026-06-12,1043995,324041,5,739.843994140625,595.9669799804688,,
v1_wide_extthesis_100_b15,2026-06-15,1064169,494611,4,752.890380859375,628.4500122070312,,
v1_wide_extthesis_100_b15,2026-06-16,1064421,494611,4,748.4019775390625,591.239990234375,,
v1_wide_extthesis_100_b15,2026-06-17,1063082,414779,5,739.0560302734375,599.72998046875,,
v1_wide_extthesis_100_b15,2026-06-18,1079122,420990,5,746.739990234375,639.4500122070312,,
v1_wide_extthesis_100_b15,2026-06-22,1065057,340217,5,744.3900146484375,655.010009765625,,
v1_wide_extthesis_100_b15,2026-06-23,1052743,412503,5,733.5800170898438,603.3900146484375,,
v1_wide_extthesis_100_b15,2026-06-24,1042338,412503,5,733.239990234375,601.5,,
v1_wide_extthesis_100_b15,2026-06-25,1032864,478874,4,734.2999877929688,625.2000122070312,,
v1_wide_extthesis_100_b15,2026-06-26,1025357,478874,4,728.989990234375,589.9400024414062,,
v1_wide_extthesis_100_b15,2026-06-29,1036485,478874,4,741.0,614.3499755859375,,
v1_wide_extthesis_100_b15,2026-06-30,1039607,401138,5,746.77001953125,640.760009765625,,
v1_wide_extthesis_100_b15,2026-07-01,1041112,323167,5,745.760009765625,599.7000122070312,,
v1_wide_extthesis_100_b15,2026-07-02,1047776,586178,3,744.780029296875,566.3200073242188,,
v1_wide_extthesis_100_b15,2026-07-06,1050559,586178,3,751.280029296875,581.510009765625,,
v1_wide_extthesis_100_b15,2026-07-07,1051907,586178,3,747.7100219726562,551.6900024414062,,
v1_wide_extthesis_100_b15,2026-07-08,1052943,586178,3,745.4000244140625,562.030029296875,,
v1_wide_extthesis_100_b15,2026-07-09,1051279,586178,3,751.7100219726562,581.7000122070312,,
v1_wide_extthesis_100_b15,2026-07-10,1057226,586178,3,754.9500122070312,581.3400268554688,,
v1_wide_extthesis_100_b15,2026-07-13,1052153,586178,3,749.1699829101562,553.6099853515625,,
v1_wide_extthesis_100_b15,2026-07-14,1058787,586178,3,751.8300170898438,567.9199829101562,,
v1_wide_extthesis_100_b15,2026-07-15,1069290,586178,3,754.8099975585938,555.27001953125,,
v1_wide_extthesis_100_b15,2026-07-16,1060583,586178,3,750.719970703125,530.5,,
v1_wide_extthesis_100_b15,2026-07-17,1050799,586178,3,743.2899780273438,521.8099975585938,,
v1_wide_extthesis_100_b15,2026-07-20,1056906,586178,3,742.0900268554688,524.1400146484375,,
v1_wide_extthesis_100_b15,2026-07-21,1055821,586178,3,748.280029296875,552.6900024414062,,
v1_wide_extthesis_100_b15,2026-07-22,1054521,586178,3,747.4099731445312,555.52001953125,,
v1_wide_extthesis_100_b15,2026-07-23,1038219,586178,3,738.1799926757812,551.239990234375,,
v1_wide_extthesis_100_b15,2026-07-24,1037146,586178,3,738.9299926757812,527.010009765625,,
v1_wide_extthesis_100_b15,2026-07-27,1035637,586178,3,739.0900268554688,516.22998046875,,
v1_wide_extthesis_100_b15,2026-07-28,1040373,586178,3,740.8599853515625,491.4599914550781,,
v1_wide_extthesis_100_b15,2026-07-29,1035310,586178,3,729.4600219726562,465.0,,
v1_wide_extthesis_100_b15,2026-07-30,1063063,586178,3,741.6900024414062,504.5299987792969,,
v1_wide_extthesis_100_b15,2026-07-31,1082917,506448,4,747.030029296875,504.8900146484375,,
v1_wide_extthesis_100_b15,2026-08-03,1110994,344010,6,757.6699829101562,507.67999267578125,,
v1_wide_extthesis_100_b15,2026-08-04,1132801,260685,7,771.3300170898438,542.2100219726562,,
v1_wide_extthesis_100_b15,2026-08-05,1121470,260685,7,769.7899780273438,530.7000122070312,,
v1_wide_extthesis_100_b15,2026-08-06,1127506,425994,6,768.5599975585938,532.52001953125,,
v1_wide_extthesis_100_b15,2026-08-07,1143051,172305,8,773.260009765625,543.27001953125,,
v1_wide_extthesis_100_b15,2026-08-10,1129412,86576,8,773.030029296875,529.3900146484375,,
v1_wide_extthesis_100_b15,2026-08-11,1135497,1870,9,770.5599975585938,534.2000122070312,,
v1_wide_extthesis_100_b15,2026-08-12,1187531,1870,9,772.489990234375,546.6099853515625,,
v1_wide_extthesis_100_b15,2026-08-13,1197458,1870,9,777.8800048828125,550.739990234375,,
v1_wide_extthesis_100_b15,2026-08-14,1215031,1870,9,776.3400268554688,550.4199829101562,,
v1_wide_extthesis_100_b15,2026-08-17,1221165,1870,9,772.6699829101562,559.1199951171875,,
v1_wide_extthesis_100_b15,2026-08-18,1172802,1870,9,767.4500122070312,531.3900146484375,,
v1_wide_extthesis_100_b15,2026-08-19,1138983,1870,9,769.0599975585938,519.6699829101562,,
v1_wide_extthesis_100_b15,2026-08-20,1172622,1870,9,762.5999755859375,522.3499755859375,,
v1_wide_extthesis_100_b15,2026-08-21,1179017,98661,8,765.719970703125,520.0499877929688,,
v1_wide_extthesis_100_b15,2026-08-24,1159793,10235,8,763.469970703125,506.17999267578125,,
v1_wide_extthesis_100_b15,2026-08-25,1180404,10235,8,765.9099731445312,514.0599975585938,,
v1_wide_extthesis_100_b15,2026-08-26,1182981,10235,8,766.0800170898438,515.4000244140625,,
v1_wide_extthesis_100_b15,2026-08-27,1193674,10235,8,771.0999755859375,525.4299926757812,,
v1_wide_extthesis_100_b15,2026-08-28,1171727,10235,8,769.3499755859375,508.6199951171875,,
v1_wide_extthesis_100_b15,2026-08-31,1164449,10235,8,767.0499877929688,511.0400085449219,,
v1_wide_extthesis_100_b15,2026-09-01,1153696,10235,8,761.780029296875,500.30999755859375,,
v1_wide_extthesis_100_b15,2026-09-02,1148563,10235,8,765.1599731445312,501.44000244140625,,
v1_wide_extthesis_100_b15,2026-09-03,1160522,10235,8,773.1699829101562,502.20001220703125,,
v1_wide_extthesis_100_b15,2026-09-04,1187187,10235,8,770.1900024414062,519.8599853515625,,
v1_wide_extthesis_100_b15,2026-09-08,1235636,217799,6,765.9600219726562,528.4000244140625,,
v1_wide_extthesis_100_b15,2026-09-09,1237486,125126,7,762.4000244140625,532.0,,
v1_wide_extthesis_100_b15,2026-09-10,1230249,125126,7,757.8300170898438,517.4299926757812,,
v1_wide_extthesis_100_b15,2026-09-11,1247272,32857,7,764.2899780273438,527.0700073242188,,
v1_wide_extthesis_100_b15,2026-09-14,1167904,372543,5,760.8800048828125,497.3999938964844,,
v1_wide_extthesis_100_b15,2026-09-15,1160254,577007,4,757.3900146484375,498.8500061035156,,
v1_wide_extthesis_100_b15,2026-09-16,1166772,489988,5,754.0499877929688,502.05999755859375,,
v1_wide_extthesis_100_b15,2026-09-17,1169856,52225,7,762.5999755859375,519.0999755859375,,
v1_wide_extthesis_100_b15,2026-09-18,1198327,582861,5,761.6900024414062,533.0700073242188,,
v1_wide_extthesis_100_b15,2026-09-21,1218635,456608,5,773.5,559.3400268554688,,
v1_wide_extthesis_100_b15,2026-09-22,1220595,273813,6,773.3800048828125,572.780029296875,,
v1_wide_extthesis_100_b15,2026-09-23,1205571,273813,6,767.8099975585938,565.719970703125,,
v1_wide_extthesis_100_b15,2026-09-24,1199042,183395,7,767.1799926757812,566.0700073242188,,
v1_wide_extthesis_100_b15_fees,2026-04-20,999967,849997,1,706.8988037109375,417.351806640625,,
v1_wide_extthesis_100_b15_fees,2026-04-21,1000720,849997,1,702.2708129882812,420.5003356933594,,
v1_wide_extthesis_100_b15_fees,2026-04-22,1008648,849997,1,709.3825073242188,431.5650634765625,,
v1_wide_extthesis_100_b15_fees,2026-04-23,1003812,547182,4,706.6295776367188,440.7906799316406,,
v1_wide_extthesis_100_b15_fees,2026-04-24,1014168,545051,3,712.10546875,461.38092041015625,,
v1_wide_extthesis_100_b15_fees,2026-04-27,1011380,468874,4,713.332275390625,455.19384765625,,
v1_wide_extthesis_100_b15_fees,2026-04-28,1001816,468874,4,709.8612060546875,438.50177001953125,,
v1_wide_extthesis_100_b15_fees,2026-04-29,1002516,468874,4,709.7515258789062,449.7763977050781,,
v1_wide_extthesis_100_b15_fees,2026-04-30,1013377,468874,4,716.8132934570312,461.2209777832031,,
v1_wide_extthesis_100_b15_fees,2026-05-01,1014104,468874,4,718.7982177734375,465.5289306640625,,
v1_wide_extthesis_100_b15_fees,2026-05-04,1011452,392782,5,716.1649780273438,461.8406982421875,,
v1_wide_extthesis_100_b15_fees,2026-05-05,1011446,466692,4,721.9102172851562,482.5008850097656,,
v1_wide_extthesis_100_b15_fees,2026-05-06,1034471,466692,4,731.9443359375,506.6294250488281,,
v1_wide_extthesis_100_b15_fees,2026-05-07,1030211,628814,3,729.7001342773438,492.12628173828125,,
v1_wide_extthesis_100_b15_fees,2026-05-08,1028602,628814,3,735.724609375,520.0530395507812,,
v1_wide_extthesis_100_b15_fees,2026-05-11,1030317,628814,3,737.4002685546875,532.5071411132812,,
v1_wide_extthesis_100_b15_fees,2026-05-12,1027454,628814,3,736.2831420898438,515.7450561523438,,
v1_wide_extthesis_100_b15_fees,2026-05-13,1032050,628814,3,740.4025268554688,528.0392456054688,,
v1_wide_extthesis_100_b15_fees,2026-05-14,1040119,628814,3,746.2474975585938,529.7784423828125,,
v1_wide_extthesis_100_b15_fees,2026-05-15,1033972,628814,3,737.2706298828125,508.27862548828125,,
v1_wide_extthesis_100_b15_fees,2026-05-18,1031503,628814,3,736.751953125,495.6346435546875,,
v1_wide_extthesis_100_b15_fees,2026-05-19,1035323,628814,3,731.8446044921875,496.50421142578125,,
v1_wide_extthesis_100_b15_fees,2026-05-20,1035800,628814,3,739.3452758789062,520.0630493164062,,
v1_wide_extthesis_100_b15_fees,2026-05-21,1040368,628814,3,740.8114624023438,524.4609985351562,,
v1_wide_extthesis_100_b15_fees,2026-05-22,1040930,628814,3,743.7239990234375,537.0750122070312,,
v1_wide_extthesis_100_b15_fees,2026-05-26,1043323,628814,3,748.6613159179688,569.8194580078125,,
v1_wide_extthesis_100_b15_fees,2026-05-27,1047710,628814,3,748.5316162109375,563.7122802734375,,
v1_wide_extthesis_100_b15_fees,2026-05-28,1047488,628814,3,752.6609497070312,569.19970703125,,
v1_wide_extthesis_100_b15_fees,2026-05-29,1048582,628814,3,754.5361328125,568.8099365234375,,
v1_wide_extthesis_100_b15_fees,2026-06-01,1055350,628814,3,756.5908203125,571.6585083007812,,
v1_wide_extthesis_100_b15_fees,2026-06-02,1066813,628814,3,757.6182250976562,604.7328491210938,,
v1_wide_extthesis_100_b15_fees,2026-06-03,1064986,628814,3,752.3018798828125,615.3877563476562,,
v1_wide_extthesis_100_b15_fees,2026-06-04,1063316,548937,4,755.1445922851562,602.4338989257812,,
v1_wide_extthesis_100_b15_fees,2026-06-05,1047349,469185,4,735.65478515625,539.5138549804688,,
v1_wide_extthesis_100_b15_fees,2026-06-08,1044585,469185,4,737.3204345703125,571.1787719726562,,
v1_wide_extthesis_100_b15_fees,2026-06-09,1044661,619779,3,735.1560668945312,561.8732299804688,,
v1_wide_extthesis_100_b15_fees,2026-06-10,1029993,787116,2,723.56591796875,541.2529907226562,,
v1_wide_extthesis_100_b15_fees,2026-06-11,1031891,323612,5,735.8642578125,586.6514282226562,,
v1_wide_extthesis_100_b15_fees,2026-06-12,1042874,323612,5,739.843994140625,595.9669799804688,,
v1_wide_extthesis_100_b15_fees,2026-06-15,1062982,493940,4,752.890380859375,628.4500122070312,,
v1_wide_extthesis_100_b15_fees,2026-06-16,1063236,493940,4,748.4019775390625,591.239990234375,,
v1_wide_extthesis_100_b15_fees,2026-06-17,1061858,414194,5,739.0560302734375,599.72998046875,,
v1_wide_extthesis_100_b15_fees,2026-06-18,1077747,420266,5,746.739990234375,639.4500122070312,,
v1_wide_extthesis_100_b15_fees,2026-06-22,1063614,339549,5,744.3900146484375,655.010009765625,,
v1_wide_extthesis_100_b15_fees,2026-06-23,1051098,411517,5,733.5800170898438,603.3900146484375,,
v1_wide_extthesis_100_b15_fees,2026-06-24,1040712,411517,5,733.239990234375,601.5,,
v1_wide_extthesis_100_b15_fees,2026-06-25,1031214,477716,4,734.2999877929688,625.2000122070312,,
v1_wide_extthesis_100_b15_fees,2026-06-26,1023716,477716,4,728.989990234375,589.9400024414062,,
v1_wide_extthesis_100_b15_fees,2026-06-29,1034831,477716,4,741.0,614.3499755859375,,
v1_wide_extthesis_100_b15_fees,2026-06-30,1037929,400101,5,746.77001953125,640.760009765625,,
v1_wide_extthesis_100_b15_fees,2026-07-01,1039414,322253,5,745.760009765625,599.7000122070312,,
v1_wide_extthesis_100_b15_fees,2026-07-02,1045653,584701,3,744.780029296875,566.3200073242188,,
v1_wide_extthesis_100_b15_fees,2026-07-06,1048434,584701,3,751.280029296875,581.510009765625,,
v1_wide_extthesis_100_b15_fees,2026-07-07,1049779,584701,3,747.7100219726562,551.6900024414062,,
v1_wide_extthesis_100_b15_fees,2026-07-08,1050816,584701,3,745.4000244140625,562.030029296875,,
v1_wide_extthesis_100_b15_fees,2026-07-09,1049154,584701,3,751.7100219726562,581.7000122070312,,
v1_wide_extthesis_100_b15_fees,2026-07-10,1055094,584701,3,754.9500122070312,581.3400268554688,,
v1_wide_extthesis_100_b15_fees,2026-07-13,1050024,584701,3,749.1699829101562,553.6099853515625,,
v1_wide_extthesis_100_b15_fees,2026-07-14,1056653,584701,3,751.8300170898438,567.9199829101562,,
v1_wide_extthesis_100_b15_fees,2026-07-15,1067141,584701,3,754.8099975585938,555.27001953125,,
v1_wide_extthesis_100_b15_fees,2026-07-16,1058441,584701,3,750.719970703125,530.5,,
v1_wide_extthesis_100_b15_fees,2026-07-17,1048672,584701,3,743.2899780273438,521.8099975585938,,
v1_wide_extthesis_100_b15_fees,2026-07-20,1054770,584701,3,742.0900268554688,524.1400146484375,,
v1_wide_extthesis_100_b15_fees,2026-07-21,1053687,584701,3,748.280029296875,552.6900024414062,,
v1_wide_extthesis_100_b15_fees,2026-07-22,1052389,584701,3,747.4099731445312,555.52001953125,,
v1_wide_extthesis_100_b15_fees,2026-07-23,1036110,584701,3,738.1799926757812,551.239990234375,,
v1_wide_extthesis_100_b15_fees,2026-07-24,1035039,584701,3,738.9299926757812,527.010009765625,,
v1_wide_extthesis_100_b15_fees,2026-07-27,1033529,584701,3,739.0900268554688,516.22998046875,,
v1_wide_extthesis_100_b15_fees,2026-07-28,1038259,584701,3,740.8599853515625,491.4599914550781,,
v1_wide_extthesis_100_b15_fees,2026-07-29,1033203,584701,3,729.4600219726562,465.0,,
v1_wide_extthesis_100_b15_fees,2026-07-30,1060907,584701,3,741.6900024414062,504.5299987792969,,
v1_wide_extthesis_100_b15_fees,2026-07-31,1080715,505130,4,747.030029296875,504.8900146484375,,
v1_wide_extthesis_100_b15_fees,2026-08-03,1108597,342936,6,757.6699829101562,507.67999267578125,,
v1_wide_extthesis_100_b15_fees,2026-08-04,1130298,259768,7,771.3300170898438,542.2100219726562,,
v1_wide_extthesis_100_b15_fees,2026-08-05,1118990,259768,7,769.7899780273438,530.7000122070312,,
v1_wide_extthesis_100_b15_fees,2026-08-06,1124972,424841,6,768.5599975585938,532.52001953125,,
v1_wide_extthesis_100_b15_fees,2026-08-07,1140320,171627,8,773.260009765625,543.27001953125,,
v1_wide_extthesis_100_b15_fees,2026-08-10,1126626,86032,8,773.030029296875,529.3900146484375,,
v1_wide_extthesis_100_b15_fees,2026-08-11,1132670,1532,9,770.5599975585938,534.2000122070312,,
v1_wide_extthesis_100_b15_fees,2026-08-12,1184574,1532,9,772.489990234375,546.6099853515625,,
v1_wide_extthesis_100_b15_fees,2026-08-13,1194475,1532,9,777.8800048828125,550.739990234375,,
v1_wide_extthesis_100_b15_fees,2026-08-14,1212006,1532,9,776.3400268554688,550.4199829101562,,
v1_wide_extthesis_100_b15_fees,2026-08-17,1218119,1532,9,772.6699829101562,559.1199951171875,,
v1_wide_extthesis_100_b15_fees,2026-08-18,1169876,1532,9,767.4500122070312,531.3900146484375,,
v1_wide_extthesis_100_b15_fees,2026-08-19,1136145,1532,9,769.0599975585938,519.6699829101562,,
v1_wide_extthesis_100_b15_fees,2026-08-20,1169696,1532,9,762.5999755859375,522.3499755859375,,
v1_wide_extthesis_100_b15_fees,2026-08-21,1176051,98081,8,765.719970703125,520.0499877929688,,
v1_wide_extthesis_100_b15_fees,2026-08-24,1156772,9813,8,763.469970703125,506.17999267578125,,
v1_wide_extthesis_100_b15_fees,2026-08-25,1177330,9813,8,765.9099731445312,514.0599975585938,,
v1_wide_extthesis_100_b15_fees,2026-08-26,1179899,9813,8,766.0800170898438,515.4000244140625,,
v1_wide_extthesis_100_b15_fees,2026-08-27,1190570,9813,8,771.0999755859375,525.4299926757812,,
v1_wide_extthesis_100_b15_fees,2026-08-28,1168683,9813,8,769.3499755859375,508.6199951171875,,
v1_wide_extthesis_100_b15_fees,2026-08-31,1161419,9813,8,767.0499877929688,511.0400085449219,,
v1_wide_extthesis_100_b15_fees,2026-09-01,1150687,9813,8,761.780029296875,500.30999755859375,,
v1_wide_extthesis_100_b15_fees,2026-09-02,1145568,9813,8,765.1599731445312,501.44000244140625,,
v1_wide_extthesis_100_b15_fees,2026-09-03,1157503,9813,8,773.1699829101562,502.20001220703125,,
v1_wide_extthesis_100_b15_fees,2026-09-04,1184093,9813,8,770.1900024414062,519.8599853515625,,
v1_wide_extthesis_100_b15_fees,2026-09-08,1232365,216788,6,765.9600219726562,528.4000244140625,,
v1_wide_extthesis_100_b15_fees,2026-09-09,1234158,124358,7,762.4000244140625,532.0,,
v1_wide_extthesis_100_b15_fees,2026-09-10,1226939,124358,7,757.8300170898438,517.4299926757812,,
v1_wide_extthesis_100_b15_fees,2026-09-11,1243871,32335,7,764.2899780273438,527.0700073242188,,
v1_wide_extthesis_100_b15_fees,2026-09-14,1164537,370880,5,760.8800048828125,497.3999938964844,,
v1_wide_extthesis_100_b15_fees,2026-09-15,1156853,574927,4,757.3900146484375,498.8500061035156,,
v1_wide_extthesis_100_b15_fees,2026-09-16,1163333,488160,5,754.0499877929688,502.05999755859375,,
v1_wide_extthesis_100_b15_fees,2026-09-17,1166309,51674,7,762.5999755859375,519.0999755859375,,
v1_wide_extthesis_100_b15_fees,2026-09-18,1193932,580427,5,761.6900024414062,533.0700073242188,,
v1_wide_extthesis_100_b15_fees,2026-09-21,1214108,454208,5,773.5,559.3400268554688,,
v1_wide_extthesis_100_b15_fees,2026-09-22,1216021,272089,6,773.3800048828125,572.780029296875,,
v1_wide_extthesis_100_b15_fees,2026-09-23,1201032,272089,6,767.8099975585938,565.719970703125,,
v1_wide_extthesis_100_b15_fees,2026-09-24,1194480,182009,7,767.1799926757812,566.0700073242188,,
v1_wide_extthesis_100_b15_lc,2026-04-20,1000000,850000,1,706.8988037109375,417.351806640625,,
v1_wide_extthesis_100_b15_lc,2026-04-21,1000754,850000,1,702.2708129882812,420.5003356933594,,
v1_wide_extthesis_100_b15_lc,2026-04-22,1008683,850000,1,709.3825073242188,431.5650634765625,,
v1_wide_extthesis_100_b15_lc,2026-04-23,1004136,547396,4,706.6295776367188,440.7906799316406,,
v1_wide_extthesis_100_b15_lc,2026-04-24,1014747,545495,3,712.10546875,461.38092041015625,,
v1_wide_extthesis_100_b15_lc,2026-04-27,1012089,469389,4,713.332275390625,455.19384765625,,
v1_wide_extthesis_100_b15_lc,2026-04-28,1002520,469389,4,709.8612060546875,438.50177001953125,,
v1_wide_extthesis_100_b15_lc,2026-04-29,1003223,469389,4,709.7515258789062,449.7763977050781,,
v1_wide_extthesis_100_b15_lc,2026-04-30,1014087,469389,4,716.8132934570312,461.2209777832031,,
v1_wide_extthesis_100_b15_lc,2026-05-01,1014814,469389,4,718.7982177734375,465.5289306640625,,
v1_wide_extthesis_100_b15_lc,2026-05-04,1012231,469389,4,716.1649780273438,461.8406982421875,,
v1_wide_extthesis_100_b15_lc,2026-05-05,1014338,469389,4,721.9102172851562,482.5008850097656,,
v1_wide_extthesis_100_b15_lc,2026-05-06,1037369,469389,4,731.9443359375,506.6294250488281,,
v1_wide_extthesis_100_b15_lc,2026-05-07,1033147,631588,3,729.7001342773438,492.12628173828125,,
v1_wide_extthesis_100_b15_lc,2026-05-08,1031538,631588,3,735.724609375,520.0530395507812,,
v1_wide_extthesis_100_b15_lc,2026-05-11,1033254,631588,3,737.4002685546875,532.5071411132812,,
v1_wide_extthesis_100_b15_lc,2026-05-12,1030392,631588,3,736.2831420898438,515.7450561523438,,
v1_wide_extthesis_100_b15_lc,2026-05-13,1034989,631588,3,740.4025268554688,528.0392456054688,,
v1_wide_extthesis_100_b15_lc,2026-05-14,1043062,631588,3,746.2474975585938,529.7784423828125,,
v1_wide_extthesis_100_b15_lc,2026-05-15,1036911,631588,3,737.2706298828125,508.27862548828125,,
v1_wide_extthesis_100_b15_lc,2026-05-18,1034442,631588,3,736.751953125,495.6346435546875,,
v1_wide_extthesis_100_b15_lc,2026-05-19,1038264,631588,3,731.8446044921875,496.50421142578125,,
v1_wide_extthesis_100_b15_lc,2026-05-20,1038742,631588,3,739.3452758789062,520.0630493164062,,
v1_wide_extthesis_100_b15_lc,2026-05-21,1043310,631588,3,740.8114624023438,524.4609985351562,,
v1_wide_extthesis_100_b15_lc,2026-05-22,1043872,631588,3,743.7239990234375,537.0750122070312,,
v1_wide_extthesis_100_b15_lc,2026-05-26,1046266,631588,3,748.6613159179688,569.8194580078125,,
v1_wide_extthesis_100_b15_lc,2026-05-27,1050654,631588,3,748.5316162109375,563.7122802734375,,
v1_wide_extthesis_100_b15_lc,2026-05-28,1050431,631588,3,752.6609497070312,569.19970703125,,
v1_wide_extthesis_100_b15_lc,2026-05-29,1051527,631588,3,754.5361328125,568.8099365234375,,
v1_wide_extthesis_100_b15_lc,2026-06-01,1058297,631588,3,756.5908203125,571.6585083007812,,
v1_wide_extthesis_100_b15_lc,2026-06-02,1069765,631588,3,757.6182250976562,604.7328491210938,,
v1_wide_extthesis_100_b15_lc,2026-06-03,1067938,631588,3,752.3018798828125,615.3877563476562,,
v1_wide_extthesis_100_b15_lc,2026-06-04,1066285,551493,4,755.1445922851562,602.4338989257812,,
v1_wide_extthesis_100_b15_lc,2026-06-05,1050326,471522,4,735.65478515625,539.5138549804688,,
v1_wide_extthesis_100_b15_lc,2026-06-08,1047556,471522,4,737.3204345703125,571.1787719726562,,
v1_wide_extthesis_100_b15_lc,2026-06-09,1047657,622602,3,735.1560668945312,561.8732299804688,,
v1_wide_extthesis_100_b15_lc,2026-06-10,1033025,790013,2,723.56591796875,541.2529907226562,,
v1_wide_extthesis_100_b15_lc,2026-06-11,1035024,325151,5,735.8642578125,586.6514282226562,,
v1_wide_extthesis_100_b15_lc,2026-06-12,1046033,325151,5,739.843994140625,595.9669799804688,,
v1_wide_extthesis_100_b15_lc,2026-06-15,1066241,496056,4,752.890380859375,628.4500122070312,,
v1_wide_extthesis_100_b15_lc,2026-06-16,1066490,496056,4,748.4019775390625,591.239990234375,,
v1_wide_extthesis_100_b15_lc,2026-06-17,1065139,496056,4,739.0560302734375,599.72998046875,,
v1_wide_extthesis_100_b15_lc,2026-06-18,1075082,496056,4,746.739990234375,639.4500122070312,,
v1_wide_extthesis_100_b15_lc,2026-06-22,1065018,496056,4,744.3900146484375,655.010009765625,,
v1_wide_extthesis_100_b15_lc,2026-06-23,1057359,496056,4,733.5800170898438,603.3900146484375,,
v1_wide_extthesis_100_b15_lc,2026-06-24,1054882,496056,4,733.239990234375,601.5,,
v1_wide_extthesis_100_b15_lc,2026-06-25,1050628,496056,4,734.2999877929688,625.2000122070312,,
v1_wide_extthesis_100_b15_lc,2026-06-26,1043110,496056,4,728.989990234375,589.9400024414062,,
v1_wide_extthesis_100_b15_lc,2026-06-29,1054255,496056,4,741.0,614.3499755859375,,
v1_wide_extthesis_100_b15_lc,2026-06-30,1057383,416987,5,746.77001953125,640.760009765625,,
v1_wide_extthesis_100_b15_lc,2026-07-01,1058927,337683,5,745.760009765625,599.7000122070312,,
v1_wide_extthesis_100_b15_lc,2026-07-02,1065629,600694,3,744.780029296875,566.3200073242188,,
v1_wide_extthesis_100_b15_lc,2026-07-06,1068394,600694,3,751.280029296875,581.510009765625,,
v1_wide_extthesis_100_b15_lc,2026-07-07,1069758,600694,3,747.7100219726562,551.6900024414062,,
v1_wide_extthesis_100_b15_lc,2026-07-08,1070760,600694,3,745.4000244140625,562.030029296875,,
v1_wide_extthesis_100_b15_lc,2026-07-09,1069101,600694,3,751.7100219726562,581.7000122070312,,
v1_wide_extthesis_100_b15_lc,2026-07-10,1075065,600694,3,754.9500122070312,581.3400268554688,,
v1_wide_extthesis_100_b15_lc,2026-07-13,1070017,600694,3,749.1699829101562,553.6099853515625,,
v1_wide_extthesis_100_b15_lc,2026-07-14,1076627,600694,3,751.8300170898438,567.9199829101562,,
v1_wide_extthesis_100_b15_lc,2026-07-15,1087218,600694,3,754.8099975585938,555.27001953125,,
v1_wide_extthesis_100_b15_lc,2026-07-16,1078526,600694,3,750.719970703125,530.5,,
v1_wide_extthesis_100_b15_lc,2026-07-17,1068678,600694,3,743.2899780273438,521.8099975585938,,
v1_wide_extthesis_100_b15_lc,2026-07-20,1074851,600694,3,742.0900268554688,524.1400146484375,,
v1_wide_extthesis_100_b15_lc,2026-07-21,1073735,600694,3,748.280029296875,552.6900024414062,,
v1_wide_extthesis_100_b15_lc,2026-07-22,1072386,600694,3,747.4099731445312,555.52001953125,,
v1_wide_extthesis_100_b15_lc,2026-07-23,1055999,600694,3,738.1799926757812,551.239990234375,,
v1_wide_extthesis_100_b15_lc,2026-07-24,1054923,600694,3,738.9299926757812,527.010009765625,,
v1_wide_extthesis_100_b15_lc,2026-07-27,1053458,600694,3,739.0900268554688,516.22998046875,,
v1_wide_extthesis_100_b15_lc,2026-07-28,1058230,600694,3,740.8599853515625,491.4599914550781,,
v1_wide_extthesis_100_b15_lc,2026-07-29,1053140,600694,3,729.4600219726562,465.0,,
v1_wide_extthesis_100_b15_lc,2026-07-30,1081324,600694,3,741.6900024414062,504.5299987792969,,
v1_wide_extthesis_100_b15_lc,2026-07-31,1101301,519595,4,747.030029296875,504.8900146484375,,
v1_wide_extthesis_100_b15_lc,2026-08-03,1129686,436997,5,757.6699829101562,507.67999267578125,,
v1_wide_extthesis_100_b15_lc,2026-08-04,1149942,436997,5,771.3300170898438,542.2100219726562,,
v1_wide_extthesis_100_b15_lc,2026-08-05,1140961,436997,5,769.7899780273438,530.7000122070312,,
v1_wide_extthesis_100_b15_lc,2026-08-06,1144644,602631,4,768.5599975585938,532.52001953125,,
v1_wide_extthesis_100_b15_lc,2026-08-07,1148612,345087,6,773.260009765625,543.27001953125,,
v1_wide_extthesis_100_b15_lc,2026-08-10,1138501,258941,6,773.030029296875,529.3900146484375,,
v1_wide_extthesis_100_b15_lc,2026-08-11,1138451,173553,7,770.5599975585938,534.2000122070312,,
v1_wide_extthesis_100_b15_lc,2026-08-12,1186849,173553,7,772.489990234375,546.6099853515625,,
v1_wide_extthesis_100_b15_lc,2026-08-13,1201389,0,8,777.8800048828125,550.739990234375,,
v1_wide_extthesis_100_b15_lc,2026-08-14,1216976,0,8,776.3400268554688,550.4199829101562,,
v1_wide_extthesis_100_b15_lc,2026-08-17,1225478,0,8,772.6699829101562,559.1199951171875,,
v1_wide_extthesis_100_b15_lc,2026-08-18,1183725,86850,7,767.4500122070312,531.3900146484375,,
v1_wide_extthesis_100_b15_lc,2026-08-19,1154056,86850,7,769.0599975585938,519.6699829101562,,
v1_wide_extthesis_100_b15_lc,2026-08-20,1189796,86850,7,762.5999755859375,522.3499755859375,,
v1_wide_extthesis_100_b15_lc,2026-08-21,1194630,185303,6,765.719970703125,520.0499877929688,,
v1_wide_extthesis_100_b15_lc,2026-08-24,1177178,95706,7,763.469970703125,506.17999267578125,,
v1_wide_extthesis_100_b15_lc,2026-08-25,1197673,95706,7,765.9099731445312,514.0599975585938,,
v1_wide_extthesis_100_b15_lc,2026-08-26,1201924,95706,7,766.0800170898438,515.4000244140625,,
v1_wide_extthesis_100_b15_lc,2026-08-27,1215486,5562,7,771.0999755859375,525.4299926757812,,
v1_wide_extthesis_100_b15_lc,2026-08-28,1201809,5562,7,769.3499755859375,508.6199951171875,,
v1_wide_extthesis_100_b15_lc,2026-08-31,1197229,5562,7,767.0499877929688,511.0400085449219,,
v1_wide_extthesis_100_b15_lc,2026-09-01,1189610,5562,7,761.780029296875,500.30999755859375,,
v1_wide_extthesis_100_b15_lc,2026-09-02,1182155,5562,7,765.1599731445312,501.44000244140625,,
v1_wide_extthesis_100_b15_lc,2026-09-03,1195609,5562,7,773.1699829101562,502.20001220703125,,
v1_wide_extthesis_100_b15_lc,2026-09-04,1224134,5562,7,770.1900024414062,519.8599853515625,,
v1_wide_extthesis_100_b15_lc,2026-09-08,1265257,304515,5,765.9600219726562,528.4000244140625,,
v1_wide_extthesis_100_b15_lc,2026-09-09,1267199,304515,5,762.4000244140625,532.0,,
v1_wide_extthesis_100_b15_lc,2026-09-10,1261903,304515,5,757.8300170898438,517.4299926757812,,
v1_wide_extthesis_100_b15_lc,2026-09-11,1276331,304515,5,764.2899780273438,527.0700073242188,,
v1_wide_extthesis_100_b15_lc,2026-09-14,1229435,478180,4,760.8800048828125,497.3999938964844,,
v1_wide_extthesis_100_b15_lc,2026-09-15,1223309,686145,3,757.3900146484375,498.8500061035156,,
v1_wide_extthesis_100_b15_lc,2026-09-16,1230217,594397,4,754.0499877929688,502.05999755859375,,
v1_wide_extthesis_100_b15_lc,2026-09-17,1226898,132830,6,762.5999755859375,519.0999755859375,,
v1_wide_extthesis_100_b15_lc,2026-09-18,1255757,604434,4,761.6900024414062,533.0700073242188,,
v1_wide_extthesis_100_b15_lc,2026-09-21,1273155,552134,4,773.5,559.3400268554688,,
v1_wide_extthesis_100_b15_lc,2026-09-22,1280059,361161,5,773.3800048828125,572.780029296875,,
v1_wide_extthesis_100_b15_lc,2026-09-23,1265755,361161,5,767.8099975585938,565.719970703125,,
v1_wide_extthesis_100_b15_lc,2026-09-24,1255721,361161,5,767.1799926757812,566.0700073242188,,
v1_wide_extthesis_100_b15_lev,2026-04-20,1000000,850000,1,706.8988037109375,417.351806640625,,
v1_wide_extthesis_100_b15_lev,2026-04-21,1000754,850000,1,702.2708129882812,420.5003356933594,,
v1_wide_extthesis_100_b15_lev,2026-04-22,1008683,850000,1,709.3825073242188,431.5650634765625,,
v1_wide_extthesis_100_b15_lev,2026-04-23,1004136,547396,4,706.6295776367188,440.7906799316406,,
v1_wide_extthesis_100_b15_lev,2026-04-24,1014747,545495,3,712.10546875,461.38092041015625,,
v1_wide_extthesis_100_b15_lev,2026-04-27,1012089,469389,4,713.332275390625,455.19384765625,,
v1_wide_extthesis_100_b15_lev,2026-04-28,1002520,469389,4,709.8612060546875,438.50177001953125,,
v1_wide_extthesis_100_b15_lev,2026-04-29,1003223,469389,4,709.7515258789062,449.7763977050781,,
v1_wide_extthesis_100_b15_lev,2026-04-30,1014087,469389,4,716.8132934570312,461.2209777832031,,
v1_wide_extthesis_100_b15_lev,2026-05-01,1014814,469389,4,718.7982177734375,465.5289306640625,,
v1_wide_extthesis_100_b15_lev,2026-05-04,1012231,393278,5,716.1649780273438,461.8406982421875,,
v1_wide_extthesis_100_b15_lev,2026-05-05,1012299,467350,4,721.9102172851562,482.5008850097656,,
v1_wide_extthesis_100_b15_lev,2026-05-06,1035330,467350,4,731.9443359375,506.6294250488281,,
v1_wide_extthesis_100_b15_lev,2026-05-07,1031108,629549,3,729.7001342773438,492.12628173828125,,
v1_wide_extthesis_100_b15_lev,2026-05-08,1029499,629549,3,735.724609375,520.0530395507812,,
v1_wide_extthesis_100_b15_lev,2026-05-11,1031215,629549,3,737.4002685546875,532.5071411132812,,
v1_wide_extthesis_100_b15_lev,2026-05-12,1028353,629549,3,736.2831420898438,515.7450561523438,,
v1_wide_extthesis_100_b15_lev,2026-05-13,1032950,629549,3,740.4025268554688,528.0392456054688,,
v1_wide_extthesis_100_b15_lev,2026-05-14,1041023,629549,3,746.2474975585938,529.7784423828125,,
v1_wide_extthesis_100_b15_lev,2026-05-15,1034872,629549,3,737.2706298828125,508.27862548828125,,
v1_wide_extthesis_100_b15_lev,2026-05-18,1032403,629549,3,736.751953125,495.6346435546875,,
v1_wide_extthesis_100_b15_lev,2026-05-19,1036225,629549,3,731.8446044921875,496.50421142578125,,
v1_wide_extthesis_100_b15_lev,2026-05-20,1036703,629549,3,739.3452758789062,520.0630493164062,,
v1_wide_extthesis_100_b15_lev,2026-05-21,1041271,629549,3,740.8114624023438,524.4609985351562,,
v1_wide_extthesis_100_b15_lev,2026-05-22,1041833,629549,3,743.7239990234375,537.0750122070312,,
v1_wide_extthesis_100_b15_lev,2026-05-26,1044227,629549,3,748.6613159179688,569.8194580078125,,
v1_wide_extthesis_100_b15_lev,2026-05-27,1048615,629549,3,748.5316162109375,563.7122802734375,,
v1_wide_extthesis_100_b15_lev,2026-05-28,1048392,629549,3,752.6609497070312,569.19970703125,,
v1_wide_extthesis_100_b15_lev,2026-05-29,1049488,629549,3,754.5361328125,568.8099365234375,,
v1_wide_extthesis_100_b15_lev,2026-06-01,1056258,629549,3,756.5908203125,571.6585083007812,,
v1_wide_extthesis_100_b15_lev,2026-06-02,1067726,629549,3,757.6182250976562,604.7328491210938,,
v1_wide_extthesis_100_b15_lev,2026-06-03,1065899,629549,3,752.3018798828125,615.3877563476562,,
v1_wide_extthesis_100_b15_lev,2026-06-04,1064246,549607,4,755.1445922851562,602.4338989257812,,
v1_wide_extthesis_100_b15_lev,2026-06-05,1048291,469789,4,735.65478515625,539.5138549804688,,
v1_wide_extthesis_100_b15_lev,2026-06-08,1045525,469789,4,737.3204345703125,571.1787719726562,,
v1_wide_extthesis_100_b15_lev,2026-06-09,1045635,620580,3,735.1560668945312,561.8732299804688,,
v1_wide_extthesis_100_b15_lev,2026-06-10,1031003,787991,2,723.56591796875,541.2529907226562,,
v1_wide_extthesis_100_b15_lev,2026-06-11,1033003,324041,5,735.8642578125,586.6514282226562,,
v1_wide_extthesis_100_b15_lev,2026-06-12,1043995,324041,5,739.843994140625,595.9669799804688,,
v1_wide_extthesis_100_b15_lev,2026-06-15,1064169,494611,4,752.890380859375,628.4500122070312,,
v1_wide_extthesis_100_b15_lev,2026-06-16,1064421,494611,4,748.4019775390625,591.239990234375,,
v1_wide_extthesis_100_b15_lev,2026-06-17,1063082,414779,5,739.0560302734375,599.72998046875,,
v1_wide_extthesis_100_b15_lev,2026-06-18,1079122,420990,5,746.739990234375,639.4500122070312,,
v1_wide_extthesis_100_b15_lev,2026-06-22,1065057,340217,5,744.3900146484375,655.010009765625,,
v1_wide_extthesis_100_b15_lev,2026-06-23,1052743,412503,5,733.5800170898438,603.3900146484375,,
v1_wide_extthesis_100_b15_lev,2026-06-24,1042338,412503,5,733.239990234375,601.5,,
v1_wide_extthesis_100_b15_lev,2026-06-25,1032864,478874,4,734.2999877929688,625.2000122070312,,
v1_wide_extthesis_100_b15_lev,2026-06-26,1025357,478874,4,728.989990234375,589.9400024414062,,
v1_wide_extthesis_100_b15_lev,2026-06-29,1036485,478874,4,741.0,614.3499755859375,,
v1_wide_extthesis_100_b15_lev,2026-06-30,1039607,401138,5,746.77001953125,640.760009765625,,
v1_wide_extthesis_100_b15_lev,2026-07-01,1041112,323167,5,745.760009765625,599.7000122070312,,
v1_wide_extthesis_100_b15_lev,2026-07-02,1047776,586178,3,744.780029296875,566.3200073242188,,
v1_wide_extthesis_100_b15_lev,2026-07-06,1050559,586178,3,751.280029296875,581.510009765625,,
v1_wide_extthesis_100_b15_lev,2026-07-07,1051907,586178,3,747.7100219726562,551.6900024414062,,
v1_wide_extthesis_100_b15_lev,2026-07-08,1052943,586178,3,745.4000244140625,562.030029296875,,
v1_wide_extthesis_100_b15_lev,2026-07-09,1051279,586178,3,751.7100219726562,581.7000122070312,,
v1_wide_extthesis_100_b15_lev,2026-07-10,1057226,586178,3,754.9500122070312,581.3400268554688,,
v1_wide_extthesis_100_b15_lev,2026-07-13,1052153,586178,3,749.1699829101562,553.6099853515625,,
v1_wide_extthesis_100_b15_lev,2026-07-14,1058787,586178,3,751.8300170898438,567.9199829101562,,
v1_wide_extthesis_100_b15_lev,2026-07-15,1069290,586178,3,754.8099975585938,555.27001953125,,
v1_wide_extthesis_100_b15_lev,2026-07-16,1060583,586178,3,750.719970703125,530.5,,
v1_wide_extthesis_100_b15_lev,2026-07-17,1050799,586178,3,743.2899780273438,521.8099975585938,,
v1_wide_extthesis_100_b15_lev,2026-07-20,1056906,586178,3,742.0900268554688,524.1400146484375,,
v1_wide_extthesis_100_b15_lev,2026-07-21,1055821,586178,3,748.280029296875,552.6900024414062,,
v1_wide_extthesis_100_b15_lev,2026-07-22,1054521,586178,3,747.4099731445312,555.52001953125,,
v1_wide_extthesis_100_b15_lev,2026-07-23,1038219,586178,3,738.1799926757812,551.239990234375,,
v1_wide_extthesis_100_b15_lev,2026-07-24,1037146,586178,3,738.9299926757812,527.010009765625,,
v1_wide_extthesis_100_b15_lev,2026-07-27,1035637,586178,3,739.0900268554688,516.22998046875,,
v1_wide_extthesis_100_b15_lev,2026-07-28,1040373,586178,3,740.8599853515625,491.4599914550781,,
v1_wide_extthesis_100_b15_lev,2026-07-29,1035310,586178,3,729.4600219726562,465.0,,
v1_wide_extthesis_100_b15_lev,2026-07-30,1063063,586178,3,741.6900024414062,504.5299987792969,,
v1_wide_extthesis_100_b15_lev,2026-07-31,1082917,506448,4,747.030029296875,504.8900146484375,,
v1_wide_extthesis_100_b15_lev,2026-08-03,1110994,344010,6,757.6699829101562,507.67999267578125,,
v1_wide_extthesis_100_b15_lev,2026-08-04,1132801,260685,7,771.3300170898438,542.2100219726562,,
v1_wide_extthesis_100_b15_lev,2026-08-05,1121470,260685,7,769.7899780273438,530.7000122070312,,
v1_wide_extthesis_100_b15_lev,2026-08-06,1127506,425994,6,768.5599975585938,532.52001953125,,
v1_wide_extthesis_100_b15_lev,2026-08-07,1143051,172305,8,773.260009765625,543.27001953125,,
v1_wide_extthesis_100_b15_lev,2026-08-10,1129412,86576,8,773.030029296875,529.3900146484375,,
v1_wide_extthesis_100_b15_lev,2026-08-11,1135497,1870,9,770.5599975585938,534.2000122070312,,
v1_wide_extthesis_100_b15_lev,2026-08-12,1187531,1870,9,772.489990234375,546.6099853515625,,
v1_wide_extthesis_100_b15_lev,2026-08-13,1197458,1870,9,777.8800048828125,550.739990234375,,
v1_wide_extthesis_100_b15_lev,2026-08-14,1215031,1870,9,776.3400268554688,550.4199829101562,,
v1_wide_extthesis_100_b15_lev,2026-08-17,1221165,1870,9,772.6699829101562,559.1199951171875,,
v1_wide_extthesis_100_b15_lev,2026-08-18,1172802,1870,9,767.4500122070312,531.3900146484375,,
v1_wide_extthesis_100_b15_lev,2026-08-19,1138983,1870,9,769.0599975585938,519.6699829101562,,
v1_wide_extthesis_100_b15_lev,2026-08-20,1172622,1870,9,762.5999755859375,522.3499755859375,,
v1_wide_extthesis_100_b15_lev,2026-08-21,1179017,98661,8,765.719970703125,520.0499877929688,,
v1_wide_extthesis_100_b15_lev,2026-08-24,1159793,10235,8,763.469970703125,506.17999267578125,,
v1_wide_extthesis_100_b15_lev,2026-08-25,1180404,10235,8,765.9099731445312,514.0599975585938,,
v1_wide_extthesis_100_b15_lev,2026-08-26,1182981,10235,8,766.0800170898438,515.4000244140625,,
v1_wide_extthesis_100_b15_lev,2026-08-27,1193674,10235,8,771.0999755859375,525.4299926757812,,
v1_wide_extthesis_100_b15_lev,2026-08-28,1171727,10235,8,769.3499755859375,508.6199951171875,,
v1_wide_extthesis_100_b15_lev,2026-08-31,1164449,10235,8,767.0499877929688,511.0400085449219,,
v1_wide_extthesis_100_b15_lev,2026-09-01,1153696,10235,8,761.780029296875,500.30999755859375,,
v1_wide_extthesis_100_b15_lev,2026-09-02,1148563,10235,8,765.1599731445312,501.44000244140625,,
v1_wide_extthesis_100_b15_lev,2026-09-03,1160522,10235,8,773.1699829101562,502.20001220703125,,
v1_wide_extthesis_100_b15_lev,2026-09-04,1187187,10235,8,770.1900024414062,519.8599853515625,,
v1_wide_extthesis_100_b15_lev,2026-09-08,1235636,217799,6,765.9600219726562,528.4000244140625,,
v1_wide_extthesis_100_b15_lev,2026-09-09,1237486,125126,7,762.4000244140625,532.0,,
v1_wide_extthesis_100_b15_lev,2026-09-10,1230249,125126,7,757.8300170898438,517.4299926757812,,
v1_wide_extthesis_100_b15_lev,2026-09-11,1247272,32857,7,764.2899780273438,527.0700073242188,,
v1_wide_extthesis_100_b15_lev,2026-09-14,1167904,372543,5,760.8800048828125,497.3999938964844,,
v1_wide_extthesis_100_b15_lev,2026-09-15,1160254,577007,4,757.3900146484375,498.8500061035156,,
v1_wide_extthesis_100_b15_lev,2026-09-16,1166772,489988,5,754.0499877929688,502.05999755859375,,
v1_wide_extthesis_100_b15_lev,2026-09-17,1169856,52225,7,762.5999755859375,519.0999755859375,,
v1_wide_extthesis_100_b15_lev,2026-09-18,1198327,579248,5,761.6900024414062,533.0700073242188,,
v1_wide_extthesis_100_b15_lev,2026-09-21,1218723,456696,5,773.5,559.3400268554688,,
v1_wide_extthesis_100_b15_lev,2026-09-22,1220683,273888,6,773.3800048828125,572.780029296875,,
v1_wide_extthesis_100_b15_lev,2026-09-23,1205658,273888,6,767.8099975585938,565.719970703125,,
v1_wide_extthesis_100_b15_lev,2026-09-24,1199130,183464,7,767.1799926757812,566.0700073242188,,
v1_wide_extthesis_100_b15_pr,2026-04-20,1000000,850000,1,706.8988037109375,417.351806640625,,
v1_wide_extthesis_100_b15_pr,2026-04-21,1000754,850000,1,702.2708129882812,420.5003356933594,,
v1_wide_extthesis_100_b15_pr,2026-04-22,1008683,850000,1,709.3825073242188,431.5650634765625,,
v1_wide_extthesis_100_b15_pr,2026-04-23,1004136,547396,4,706.6295776367188,440.7906799316406,,
v1_wide_extthesis_100_b15_pr,2026-04-24,1014747,545495,3,712.10546875,461.38092041015625,,
v1_wide_extthesis_100_b15_pr,2026-04-27,1012089,469389,4,713.332275390625,455.19384765625,,
v1_wide_extthesis_100_b15_pr,2026-04-28,1002520,469389,4,709.8612060546875,438.50177001953125,,
v1_wide_extthesis_100_b15_pr,2026-04-29,1003223,469389,4,709.7515258789062,449.7763977050781,,
v1_wide_extthesis_100_b15_pr,2026-04-30,1014087,469389,4,716.8132934570312,461.2209777832031,,
v1_wide_extthesis_100_b15_pr,2026-05-01,1014814,469389,4,718.7982177734375,465.5289306640625,,
v1_wide_extthesis_100_b15_pr,2026-05-04,1012231,393278,5,716.1649780273438,461.8406982421875,,
v1_wide_extthesis_100_b15_pr,2026-05-05,1012299,467350,4,721.9102172851562,482.5008850097656,,
v1_wide_extthesis_100_b15_pr,2026-05-06,1035330,467350,4,731.9443359375,506.6294250488281,,
v1_wide_extthesis_100_b15_pr,2026-05-07,1031108,629549,3,729.7001342773438,492.12628173828125,,
v1_wide_extthesis_100_b15_pr,2026-05-08,1029499,629549,3,735.724609375,520.0530395507812,,
v1_wide_extthesis_100_b15_pr,2026-05-11,1031215,629549,3,737.4002685546875,532.5071411132812,,
v1_wide_extthesis_100_b15_pr,2026-05-12,1028353,629549,3,736.2831420898438,515.7450561523438,,
v1_wide_extthesis_100_b15_pr,2026-05-13,1032950,629549,3,740.4025268554688,528.0392456054688,,
v1_wide_extthesis_100_b15_pr,2026-05-14,1041023,629549,3,746.2474975585938,529.7784423828125,,
v1_wide_extthesis_100_b15_pr,2026-05-15,1034872,629549,3,737.2706298828125,508.27862548828125,,
v1_wide_extthesis_100_b15_pr,2026-05-18,1032403,629549,3,736.751953125,495.6346435546875,,
v1_wide_extthesis_100_b15_pr,2026-05-19,1036225,629549,3,731.8446044921875,496.50421142578125,,
v1_wide_extthesis_100_b15_pr,2026-05-20,1036703,629549,3,739.3452758789062,520.0630493164062,,
v1_wide_extthesis_100_b15_pr,2026-05-21,1041271,629549,3,740.8114624023438,524.4609985351562,,
v1_wide_extthesis_100_b15_pr,2026-05-22,1041833,629549,3,743.7239990234375,537.0750122070312,,
v1_wide_extthesis_100_b15_pr,2026-05-26,1044227,629549,3,748.6613159179688,569.8194580078125,,
v1_wide_extthesis_100_b15_pr,2026-05-27,1048615,629549,3,748.5316162109375,563.7122802734375,,
v1_wide_extthesis_100_b15_pr,2026-05-28,1048392,629549,3,752.6609497070312,569.19970703125,,
v1_wide_extthesis_100_b15_pr,2026-05-29,1049488,629549,3,754.5361328125,568.8099365234375,,
v1_wide_extthesis_100_b15_pr,2026-06-01,1056258,629549,3,756.5908203125,571.6585083007812,,
v1_wide_extthesis_100_b15_pr,2026-06-02,1067726,629549,3,757.6182250976562,604.7328491210938,,
v1_wide_extthesis_100_b15_pr,2026-06-03,1065899,629549,3,752.3018798828125,615.3877563476562,,
v1_wide_extthesis_100_b15_pr,2026-06-04,1064246,549607,4,755.1445922851562,602.4338989257812,,
v1_wide_extthesis_100_b15_pr,2026-06-05,1048291,469789,4,735.65478515625,539.5138549804688,,
v1_wide_extthesis_100_b15_pr,2026-06-08,1045525,469789,4,737.3204345703125,571.1787719726562,,
v1_wide_extthesis_100_b15_pr,2026-06-09,1045635,620580,3,735.1560668945312,561.8732299804688,,
v1_wide_extthesis_100_b15_pr,2026-06-10,1031003,787991,2,723.56591796875,541.2529907226562,,
v1_wide_extthesis_100_b15_pr,2026-06-11,1033003,324041,5,735.8642578125,586.6514282226562,,
v1_wide_extthesis_100_b15_pr,2026-06-12,1043995,324041,5,739.843994140625,595.9669799804688,,
v1_wide_extthesis_100_b15_pr,2026-06-15,1064169,494611,4,752.890380859375,628.4500122070312,,
v1_wide_extthesis_100_b15_pr,2026-06-16,1064421,494611,4,748.4019775390625,591.239990234375,,
v1_wide_extthesis_100_b15_pr,2026-06-17,1063082,414779,5,739.0560302734375,599.72998046875,,
v1_wide_extthesis_100_b15_pr,2026-06-18,1079122,420990,5,746.739990234375,639.4500122070312,,
v1_wide_extthesis_100_b15_pr,2026-06-22,1065057,340217,5,744.3900146484375,655.010009765625,,
v1_wide_extthesis_100_b15_pr,2026-06-23,1052743,412503,5,733.5800170898438,603.3900146484375,,
v1_wide_extthesis_100_b15_pr,2026-06-24,1042338,412503,5,733.239990234375,601.5,,
v1_wide_extthesis_100_b15_pr,2026-06-25,1032864,478874,4,734.2999877929688,625.2000122070312,,
v1_wide_extthesis_100_b15_pr,2026-06-26,1025357,478874,4,728.989990234375,589.9400024414062,,
v1_wide_extthesis_100_b15_pr,2026-06-29,1036485,478874,4,741.0,614.3499755859375,,
v1_wide_extthesis_100_b15_pr,2026-06-30,1039607,401138,5,746.77001953125,640.760009765625,,
v1_wide_extthesis_100_b15_pr,2026-07-01,1041112,323167,5,745.760009765625,599.7000122070312,,
v1_wide_extthesis_100_b15_pr,2026-07-02,1047776,586178,3,744.780029296875,566.3200073242188,,
v1_wide_extthesis_100_b15_pr,2026-07-06,1050559,586178,3,751.280029296875,581.510009765625,,
v1_wide_extthesis_100_b15_pr,2026-07-07,1051907,586178,3,747.7100219726562,551.6900024414062,,
v1_wide_extthesis_100_b15_pr,2026-07-08,1052943,586178,3,745.4000244140625,562.030029296875,,
v1_wide_extthesis_100_b15_pr,2026-07-09,1051279,586178,3,751.7100219726562,581.7000122070312,,
v1_wide_extthesis_100_b15_pr,2026-07-10,1057226,586178,3,754.9500122070312,581.3400268554688,,
v1_wide_extthesis_100_b15_pr,2026-07-13,1052153,586178,3,749.1699829101562,553.6099853515625,,
v1_wide_extthesis_100_b15_pr,2026-07-14,1058787,586178,3,751.8300170898438,567.9199829101562,,
v1_wide_extthesis_100_b15_pr,2026-07-15,1069290,586178,3,754.8099975585938,555.27001953125,,
v1_wide_extthesis_100_b15_pr,2026-07-16,1060583,586178,3,750.719970703125,530.5,,
v1_wide_extthesis_100_b15_pr,2026-07-17,1050799,586178,3,743.2899780273438,521.8099975585938,,
v1_wide_extthesis_100_b15_pr,2026-07-20,1056906,586178,3,742.0900268554688,524.1400146484375,,
v1_wide_extthesis_100_b15_pr,2026-07-21,1055821,586178,3,748.280029296875,552.6900024414062,,
v1_wide_extthesis_100_b15_pr,2026-07-22,1054521,586178,3,747.4099731445312,555.52001953125,,
v1_wide_extthesis_100_b15_pr,2026-07-23,1038219,586178,3,738.1799926757812,551.239990234375,,
v1_wide_extthesis_100_b15_pr,2026-07-24,1037146,586178,3,738.9299926757812,527.010009765625,,
v1_wide_extthesis_100_b15_pr,2026-07-27,1035637,586178,3,739.0900268554688,516.22998046875,,
v1_wide_extthesis_100_b15_pr,2026-07-28,1040373,586178,3,740.8599853515625,491.4599914550781,,
v1_wide_extthesis_100_b15_pr,2026-07-29,1035310,586178,3,729.4600219726562,465.0,,
v1_wide_extthesis_100_b15_pr,2026-07-30,1063063,586178,3,741.6900024414062,504.5299987792969,,
v1_wide_extthesis_100_b15_pr,2026-07-31,1082917,506448,4,747.030029296875,504.8900146484375,,
v1_wide_extthesis_100_b15_pr,2026-08-03,1110994,344010,6,757.6699829101562,507.67999267578125,,
v1_wide_extthesis_100_b15_pr,2026-08-04,1132801,260685,7,771.3300170898438,542.2100219726562,,
v1_wide_extthesis_100_b15_pr,2026-08-05,1121470,260685,7,769.7899780273438,530.7000122070312,,
v1_wide_extthesis_100_b15_pr,2026-08-06,1127506,425994,6,768.5599975585938,532.52001953125,,
v1_wide_extthesis_100_b15_pr,2026-08-07,1143051,172305,8,773.260009765625,543.27001953125,,
v1_wide_extthesis_100_b15_pr,2026-08-10,1129412,86576,8,773.030029296875,529.3900146484375,,
v1_wide_extthesis_100_b15_pr,2026-08-11,1135497,1870,9,770.5599975585938,534.2000122070312,,
v1_wide_extthesis_100_b15_pr,2026-08-12,1187531,1870,9,772.489990234375,546.6099853515625,,
v1_wide_extthesis_100_b15_pr,2026-08-13,1197458,1870,9,777.8800048828125,550.739990234375,,
v1_wide_extthesis_100_b15_pr,2026-08-14,1215031,1870,9,776.3400268554688,550.4199829101562,,
v1_wide_extthesis_100_b15_pr,2026-08-17,1221165,1870,9,772.6699829101562,559.1199951171875,,
v1_wide_extthesis_100_b15_pr,2026-08-18,1172802,1870,9,767.4500122070312,531.3900146484375,,
v1_wide_extthesis_100_b15_pr,2026-08-19,1138983,1870,9,769.0599975585938,519.6699829101562,,
v1_wide_extthesis_100_b15_pr,2026-08-20,1172622,1870,9,762.5999755859375,522.3499755859375,,
v1_wide_extthesis_100_b15_pr,2026-08-21,1179017,98661,8,765.719970703125,520.0499877929688,,
v1_wide_extthesis_100_b15_pr,2026-08-24,1159793,1,9,763.469970703125,506.17999267578125,,
v1_wide_extthesis_100_b15_pr,2026-08-25,1180510,1,9,765.9099731445312,514.0599975585938,,
v1_wide_extthesis_100_b15_pr,2026-08-26,1183892,1,9,766.0800170898438,515.4000244140625,,
v1_wide_extthesis_100_b15_pr,2026-08-27,1196025,1,9,771.0999755859375,525.4299926757812,,
v1_wide_extthesis_100_b15_pr,2026-08-28,1174518,1,9,769.3499755859375,508.6199951171875,,
v1_wide_extthesis_100_b15_pr,2026-08-31,1167306,1,9,767.0499877929688,511.0400085449219,,
v1_wide_extthesis_100_b15_pr,2026-09-01,1156731,1,9,761.780029296875,500.30999755859375,,
v1_wide_extthesis_100_b15_pr,2026-09-02,1151052,1,9,765.1599731445312,501.44000244140625,,
v1_wide_extthesis_100_b15_pr,2026-09-03,1163068,1,9,773.1699829101562,502.20001220703125,,
v1_wide_extthesis_100_b15_pr,2026-09-04,1190223,1,9,770.1900024414062,519.8599853515625,,
v1_wide_extthesis_100_b15_pr,2026-09-08,1237784,207565,7,765.9600219726562,528.4000244140625,,
v1_wide_extthesis_100_b15_pr,2026-09-09,1238782,114731,8,762.4000244140625,532.0,,
v1_wide_extthesis_100_b15_pr,2026-09-10,1231593,114731,8,757.8300170898438,517.4299926757812,,
v1_wide_extthesis_100_b15_pr,2026-09-11,1250369,22362,8,764.2899780273438,527.0700073242188,,
v1_wide_extthesis_100_b15_pr,2026-09-14,1171319,362288,6,760.8800048828125,497.3999938964844,,
v1_wide_extthesis_100_b15_pr,2026-09-15,1163929,566752,5,757.3900146484375,498.8500061035156,,
v1_wide_extthesis_100_b15_pr,2026-09-16,1170123,479457,6,754.0499877929688,502.05999755859375,,
v1_wide_extthesis_100_b15_pr,2026-09-17,1172575,40437,8,762.5999755859375,519.0999755859375,,
v1_wide_extthesis_100_b15_pr,2026-09-18,1201687,624317,5,761.6900024414062,533.0700073242188,,
v1_wide_extthesis_100_b15_pr,2026-09-21,1221063,444064,6,773.5,559.3400268554688,,
v1_wide_extthesis_100_b15_pr,2026-09-22,1224878,260905,7,773.3800048828125,572.780029296875,,
v1_wide_extthesis_100_b15_pr,2026-09-23,1208849,260905,7,767.8099975585938,565.719970703125,,
v1_wide_extthesis_100_b15_pr,2026-09-24,1201119,170241,8,767.1799926757812,566.0700073242188,,
v1_wide_extthesis_100_b15_rot,2026-04-20,1000000,850000,1,706.8988037109375,417.351806640625,,
v1_wide_extthesis_100_b15_rot,2026-04-21,1000754,850000,1,702.2708129882812,420.5003356933594,,
v1_wide_extthesis_100_b15_rot,2026-04-22,1008683,850000,1,709.3825073242188,431.5650634765625,,
v1_wide_extthesis_100_b15_rot,2026-04-23,1004136,547396,4,706.6295776367188,440.7906799316406,,
v1_wide_extthesis_100_b15_rot,2026-04-24,1014747,545495,3,712.10546875,461.38092041015625,,
v1_wide_extthesis_100_b15_rot,2026-04-27,1012089,469389,4,713.332275390625,455.19384765625,,
v1_wide_extthesis_100_b15_rot,2026-04-28,1002520,469389,4,709.8612060546875,438.50177001953125,,
v1_wide_extthesis_100_b15_rot,2026-04-29,1003223,469389,4,709.7515258789062,449.7763977050781,,
v1_wide_extthesis_100_b15_rot,2026-04-30,1014087,469389,4,716.8132934570312,461.2209777832031,,
v1_wide_extthesis_100_b15_rot,2026-05-01,1014814,469389,4,718.7982177734375,465.5289306640625,,
v1_wide_extthesis_100_b15_rot,2026-05-04,1012231,393278,5,716.1649780273438,461.8406982421875,,
v1_wide_extthesis_100_b15_rot,2026-05-05,1012299,467350,4,721.9102172851562,482.5008850097656,,
v1_wide_extthesis_100_b15_rot,2026-05-06,1035330,467350,4,731.9443359375,506.6294250488281,,
v1_wide_extthesis_100_b15_rot,2026-05-07,1031108,629549,3,729.7001342773438,492.12628173828125,,
v1_wide_extthesis_100_b15_rot,2026-05-08,1029499,629549,3,735.724609375,520.0530395507812,,
v1_wide_extthesis_100_b15_rot,2026-05-11,1031215,629549,3,737.4002685546875,532.5071411132812,,
v1_wide_extthesis_100_b15_rot,2026-05-12,1028353,629549,3,736.2831420898438,515.7450561523438,,
v1_wide_extthesis_100_b15_rot,2026-05-13,1032950,629549,3,740.4025268554688,528.0392456054688,,
v1_wide_extthesis_100_b15_rot,2026-05-14,1041023,629549,3,746.2474975585938,529.7784423828125,,
v1_wide_extthesis_100_b15_rot,2026-05-15,1034872,629549,3,737.2706298828125,508.27862548828125,,
v1_wide_extthesis_100_b15_rot,2026-05-18,1032403,629549,3,736.751953125,495.6346435546875,,
v1_wide_extthesis_100_b15_rot,2026-05-19,1036225,629549,3,731.8446044921875,496.50421142578125,,
v1_wide_extthesis_100_b15_rot,2026-05-20,1036703,629549,3,739.3452758789062,520.0630493164062,,
v1_wide_extthesis_100_b15_rot,2026-05-21,1041271,629549,3,740.8114624023438,524.4609985351562,,
v1_wide_extthesis_100_b15_rot,2026-05-22,1041833,629549,3,743.7239990234375,537.0750122070312,,
v1_wide_extthesis_100_b15_rot,2026-05-26,1044227,629549,3,748.6613159179688,569.8194580078125,,
v1_wide_extthesis_100_b15_rot,2026-05-27,1048615,629549,3,748.5316162109375,563.7122802734375,,
v1_wide_extthesis_100_b15_rot,2026-05-28,1048392,629549,3,752.6609497070312,569.19970703125,,
v1_wide_extthesis_100_b15_rot,2026-05-29,1049488,629549,3,754.5361328125,568.8099365234375,,
v1_wide_extthesis_100_b15_rot,2026-06-01,1056258,629549,3,756.5908203125,571.6585083007812,,
v1_wide_extthesis_100_b15_rot,2026-06-02,1067726,629549,3,757.6182250976562,604.7328491210938,,
v1_wide_extthesis_100_b15_rot,2026-06-03,1065899,629549,3,752.3018798828125,615.3877563476562,,
v1_wide_extthesis_100_b15_rot,2026-06-04,1064246,549607,4,755.1445922851562,602.4338989257812,,
v1_wide_extthesis_100_b15_rot,2026-06-05,1048291,469789,4,735.65478515625,539.5138549804688,,
v1_wide_extthesis_100_b15_rot,2026-06-08,1045525,469789,4,737.3204345703125,571.1787719726562,,
v1_wide_extthesis_100_b15_rot,2026-06-09,1045635,620580,3,735.1560668945312,561.8732299804688,,
v1_wide_extthesis_100_b15_rot,2026-06-10,1031003,787991,2,723.56591796875,541.2529907226562,,
v1_wide_extthesis_100_b15_rot,2026-06-11,1033003,324041,5,735.8642578125,586.6514282226562,,
v1_wide_extthesis_100_b15_rot,2026-06-12,1043995,324041,5,739.843994140625,595.9669799804688,,
v1_wide_extthesis_100_b15_rot,2026-06-15,1064169,494611,4,752.890380859375,628.4500122070312,,
v1_wide_extthesis_100_b15_rot,2026-06-16,1064421,494611,4,748.4019775390625,591.239990234375,,
v1_wide_extthesis_100_b15_rot,2026-06-17,1063082,414779,5,739.0560302734375,599.72998046875,,
v1_wide_extthesis_100_b15_rot,2026-06-18,1079122,420990,5,746.739990234375,639.4500122070312,,
v1_wide_extthesis_100_b15_rot,2026-06-22,1065057,340217,5,744.3900146484375,655.010009765625,,
v1_wide_extthesis_100_b15_rot,2026-06-23,1052743,412503,5,733.5800170898438,603.3900146484375,,
v1_wide_extthesis_100_b15_rot,2026-06-24,1042338,412503,5,733.239990234375,601.5,,
v1_wide_extthesis_100_b15_rot,2026-06-25,1032864,478874,4,734.2999877929688,625.2000122070312,,
v1_wide_extthesis_100_b15_rot,2026-06-26,1025357,478874,4,728.989990234375,589.9400024414062,,
v1_wide_extthesis_100_b15_rot,2026-06-29,1036485,478874,4,741.0,614.3499755859375,,
v1_wide_extthesis_100_b15_rot,2026-06-30,1039607,401138,5,746.77001953125,640.760009765625,,
v1_wide_extthesis_100_b15_rot,2026-07-01,1041112,323167,5,745.760009765625,599.7000122070312,,
v1_wide_extthesis_100_b15_rot,2026-07-02,1047776,586178,3,744.780029296875,566.3200073242188,,
v1_wide_extthesis_100_b15_rot,2026-07-06,1050559,586178,3,751.280029296875,581.510009765625,,
v1_wide_extthesis_100_b15_rot,2026-07-07,1051907,586178,3,747.7100219726562,551.6900024414062,,
v1_wide_extthesis_100_b15_rot,2026-07-08,1052943,586178,3,745.4000244140625,562.030029296875,,
v1_wide_extthesis_100_b15_rot,2026-07-09,1051279,586178,3,751.7100219726562,581.7000122070312,,
v1_wide_extthesis_100_b15_rot,2026-07-10,1057226,586178,3,754.9500122070312,581.3400268554688,,
v1_wide_extthesis_100_b15_rot,2026-07-13,1052153,586178,3,749.1699829101562,553.6099853515625,,
v1_wide_extthesis_100_b15_rot,2026-07-14,1058787,586178,3,751.8300170898438,567.9199829101562,,
v1_wide_extthesis_100_b15_rot,2026-07-15,1069290,586178,3,754.8099975585938,555.27001953125,,
v1_wide_extthesis_100_b15_rot,2026-07-16,1060583,586178,3,750.719970703125,530.5,,
v1_wide_extthesis_100_b15_rot,2026-07-17,1050799,586178,3,743.2899780273438,521.8099975585938,,
v1_wide_extthesis_100_b15_rot,2026-07-20,1056906,586178,3,742.0900268554688,524.1400146484375,,
v1_wide_extthesis_100_b15_rot,2026-07-21,1055821,586178,3,748.280029296875,552.6900024414062,,
v1_wide_extthesis_100_b15_rot,2026-07-22,1054521,586178,3,747.4099731445312,555.52001953125,,
v1_wide_extthesis_100_b15_rot,2026-07-23,1038219,586178,3,738.1799926757812,551.239990234375,,
v1_wide_extthesis_100_b15_rot,2026-07-24,1037146,586178,3,738.9299926757812,527.010009765625,,
v1_wide_extthesis_100_b15_rot,2026-07-27,1035637,586178,3,739.0900268554688,516.22998046875,,
v1_wide_extthesis_100_b15_rot,2026-07-28,1040373,586178,3,740.8599853515625,491.4599914550781,,
v1_wide_extthesis_100_b15_rot,2026-07-29,1035310,586178,3,729.4600219726562,465.0,,
v1_wide_extthesis_100_b15_rot,2026-07-30,1063063,586178,3,741.6900024414062,504.5299987792969,,
v1_wide_extthesis_100_b15_rot,2026-07-31,1082917,506448,4,747.030029296875,504.8900146484375,,
v1_wide_extthesis_100_b15_rot,2026-08-03,1110994,344010,6,757.6699829101562,507.67999267578125,,
v1_wide_extthesis_100_b15_rot,2026-08-04,1132801,260685,7,771.3300170898438,542.2100219726562,,
v1_wide_extthesis_100_b15_rot,2026-08-05,1121470,260685,7,769.7899780273438,530.7000122070312,,
v1_wide_extthesis_100_b15_rot,2026-08-06,1127506,425994,6,768.5599975585938,532.52001953125,,
v1_wide_extthesis_100_b15_rot,2026-08-07,1143051,172305,8,773.260009765625,543.27001953125,,
v1_wide_extthesis_100_b15_rot,2026-08-10,1129412,86576,8,773.030029296875,529.3900146484375,,
v1_wide_extthesis_100_b15_rot,2026-08-11,1135497,1870,9,770.5599975585938,534.2000122070312,,
v1_wide_extthesis_100_b15_rot,2026-08-12,1187531,1870,9,772.489990234375,546.6099853515625,,
v1_wide_extthesis_100_b15_rot,2026-08-13,1197458,0,9,777.8800048828125,550.739990234375,,
v1_wide_extthesis_100_b15_rot,2026-08-14,1216442,0,9,776.3400268554688,550.4199829101562,,
v1_wide_extthesis_100_b15_rot,2026-08-17,1227975,0,9,772.6699829101562,559.1199951171875,,
v1_wide_extthesis_100_b15_rot,2026-08-18,1171199,86950,8,767.4500122070312,531.3900146484375,,
v1_wide_extthesis_100_b15_rot,2026-08-19,1136960,86950,8,769.0599975585938,519.6699829101562,,
v1_wide_extthesis_100_b15_rot,2026-08-20,1174539,86950,8,762.5999755859375,522.3499755859375,,
v1_wide_extthesis_100_b15_rot,2026-08-21,1178905,183741,7,765.719970703125,520.0499877929688,,
v1_wide_extthesis_100_b15_rot,2026-08-24,1154781,7063,8,763.469970703125,506.17999267578125,,
v1_wide_extthesis_100_b15_rot,2026-08-25,1178424,7063,8,765.9099731445312,514.0599975585938,,
v1_wide_extthesis_100_b15_rot,2026-08-26,1183795,7063,8,766.0800170898438,515.4000244140625,,
v1_wide_extthesis_100_b15_rot,2026-08-27,1197961,7063,8,771.0999755859375,525.4299926757812,,
v1_wide_extthesis_100_b15_rot,2026-08-28,1173474,0,8,769.3499755859375,508.6199951171875,,
v1_wide_extthesis_100_b15_rot,2026-08-31,1169767,0,8,767.0499877929688,511.0400085449219,,
v1_wide_extthesis_100_b15_rot,2026-09-01,1160236,0,8,761.780029296875,500.30999755859375,,
v1_wide_extthesis_100_b15_rot,2026-09-02,1156622,0,8,765.1599731445312,501.44000244140625,,
v1_wide_extthesis_100_b15_rot,2026-09-03,1167510,0,8,773.1699829101562,502.20001220703125,,
v1_wide_extthesis_100_b15_rot,2026-09-04,1202978,0,8,770.1900024414062,519.8599853515625,,
v1_wide_extthesis_100_b15_rot,2026-09-08,1249649,272681,6,765.9600219726562,528.4000244140625,,
v1_wide_extthesis_100_b15_rot,2026-09-09,1253383,178957,6,762.4000244140625,532.0,,
v1_wide_extthesis_100_b15_rot,2026-09-10,1248272,178957,6,757.8300170898438,517.4299926757812,,
v1_wide_extthesis_100_b15_rot,2026-09-11,1269229,171842,6,764.2899780273438,527.0700073242188,,
v1_wide_extthesis_100_b15_rot,2026-09-14,1181615,520307,4,760.8800048828125,497.3999938964844,,
v1_wide_extthesis_100_b15_rot,2026-09-15,1176471,724771,3,757.3900146484375,498.8500061035156,,
v1_wide_extthesis_100_b15_rot,2026-09-16,1187049,636536,4,754.0499877929688,502.05999755859375,,
v1_wide_extthesis_100_b15_rot,2026-09-17,1182467,191166,6,762.5999755859375,519.0999755859375,,
v1_wide_extthesis_100_b15_rot,2026-09-18,1211263,589024,4,761.6900024414062,533.0700073242188,,
v1_wide_extthesis_100_b15_rot,2026-09-21,1227069,589023,4,773.5,559.3400268554688,,
v1_wide_extthesis_100_b15_rot,2026-09-22,1235295,582939,4,773.3800048828125,572.780029296875,,
v1_wide_extthesis_100_b15_rot,2026-09-23,1229120,582939,4,767.8099975585938,565.719970703125,,
v1_wide_extthesis_100_b15_rot,2026-09-24,1221602,490755,5,767.1799926757812,566.0700073242188,,
v1_wide_extthesis_100_b15_rot_ow,2026-04-20,1000000,850000,1,706.8988037109375,417.351806640625,,
v1_wide_extthesis_100_b15_rot_ow,2026-04-21,1000754,850000,1,702.2708129882812,420.5003356933594,,
v1_wide_extthesis_100_b15_rot_ow,2026-04-22,1008683,850000,1,709.3825073242188,431.5650634765625,,
v1_wide_extthesis_100_b15_rot_ow,2026-04-23,1004136,547396,4,706.6295776367188,440.7906799316406,,
v1_wide_extthesis_100_b15_rot_ow,2026-04-24,1014747,545495,3,712.10546875,461.38092041015625,,
v1_wide_extthesis_100_b15_rot_ow,2026-04-27,1012089,469389,4,713.332275390625,455.19384765625,,
v1_wide_extthesis_100_b15_rot_ow,2026-04-28,1002520,469389,4,709.8612060546875,438.50177001953125,,
v1_wide_extthesis_100_b15_rot_ow,2026-04-29,1003223,469389,4,709.7515258789062,449.7763977050781,,
v1_wide_extthesis_100_b15_rot_ow,2026-04-30,1014087,469389,4,716.8132934570312,461.2209777832031,,
v1_wide_extthesis_100_b15_rot_ow,2026-05-01,1014814,469389,4,718.7982177734375,465.5289306640625,,
v1_wide_extthesis_100_b15_rot_ow,2026-05-04,1012231,393278,5,716.1649780273438,461.8406982421875,,
v1_wide_extthesis_100_b15_rot_ow,2026-05-05,1012299,467350,4,721.9102172851562,482.5008850097656,,
v1_wide_extthesis_100_b15_rot_ow,2026-05-06,1035330,467350,4,731.9443359375,506.6294250488281,,
v1_wide_extthesis_100_b15_rot_ow,2026-05-07,1031108,629549,3,729.7001342773438,492.12628173828125,,
v1_wide_extthesis_100_b15_rot_ow,2026-05-08,1029499,629549,3,735.724609375,520.0530395507812,,
v1_wide_extthesis_100_b15_rot_ow,2026-05-11,1031215,629549,3,737.4002685546875,532.5071411132812,,
v1_wide_extthesis_100_b15_rot_ow,2026-05-12,1028353,629549,3,736.2831420898438,515.7450561523438,,
v1_wide_extthesis_100_b15_rot_ow,2026-05-13,1032950,629549,3,740.4025268554688,528.0392456054688,,
v1_wide_extthesis_100_b15_rot_ow,2026-05-14,1041023,629549,3,746.2474975585938,529.7784423828125,,
v1_wide_extthesis_100_b15_rot_ow,2026-05-15,1034872,629549,3,737.2706298828125,508.27862548828125,,
v1_wide_extthesis_100_b15_rot_ow,2026-05-18,1032403,629549,3,736.751953125,495.6346435546875,,
v1_wide_extthesis_100_b15_rot_ow,2026-05-19,1036225,629549,3,731.8446044921875,496.50421142578125,,
v1_wide_extthesis_100_b15_rot_ow,2026-05-20,1036703,629549,3,739.3452758789062,520.0630493164062,,
v1_wide_extthesis_100_b15_rot_ow,2026-05-21,1041271,629549,3,740.8114624023438,524.4609985351562,,
v1_wide_extthesis_100_b15_rot_ow,2026-05-22,1041833,629549,3,743.7239990234375,537.0750122070312,,
v1_wide_extthesis_100_b15_rot_ow,2026-05-26,1044227,629549,3,748.6613159179688,569.8194580078125,,
v1_wide_extthesis_100_b15_rot_ow,2026-05-27,1048615,629549,3,748.5316162109375,563.7122802734375,,
v1_wide_extthesis_100_b15_rot_ow,2026-05-28,1048392,629549,3,752.6609497070312,569.19970703125,,
v1_wide_extthesis_100_b15_rot_ow,2026-05-29,1049488,629549,3,754.5361328125,568.8099365234375,,
v1_wide_extthesis_100_b15_rot_ow,2026-06-01,1056258,629549,3,756.5908203125,571.6585083007812,,
v1_wide_extthesis_100_b15_rot_ow,2026-06-02,1067726,629549,3,757.6182250976562,604.7328491210938,,
v1_wide_extthesis_100_b15_rot_ow,2026-06-03,1065899,629549,3,752.3018798828125,615.3877563476562,,
v1_wide_extthesis_100_b15_rot_ow,2026-06-04,1064246,549607,4,755.1445922851562,602.4338989257812,,
v1_wide_extthesis_100_b15_rot_ow,2026-06-05,1048291,469789,4,735.65478515625,539.5138549804688,,
v1_wide_extthesis_100_b15_rot_ow,2026-06-08,1045525,469789,4,737.3204345703125,571.1787719726562,,
v1_wide_extthesis_100_b15_rot_ow,2026-06-09,1045635,620580,3,735.1560668945312,561.8732299804688,,
v1_wide_extthesis_100_b15_rot_ow,2026-06-10,1031003,787991,2,723.56591796875,541.2529907226562,,
v1_wide_extthesis_100_b15_rot_ow,2026-06-11,1033003,324041,5,735.8642578125,586.6514282226562,,
v1_wide_extthesis_100_b15_rot_ow,2026-06-12,1043995,324041,5,739.843994140625,595.9669799804688,,
v1_wide_extthesis_100_b15_rot_ow,2026-06-15,1064169,494611,4,752.890380859375,628.4500122070312,,
v1_wide_extthesis_100_b15_rot_ow,2026-06-16,1064421,494611,4,748.4019775390625,591.239990234375,,
v1_wide_extthesis_100_b15_rot_ow,2026-06-17,1063082,414779,5,739.0560302734375,599.72998046875,,
v1_wide_extthesis_100_b15_rot_ow,2026-06-18,1079122,420990,5,746.739990234375,639.4500122070312,,
v1_wide_extthesis_100_b15_rot_ow,2026-06-22,1065057,340217,5,744.3900146484375,655.010009765625,,
v1_wide_extthesis_100_b15_rot_ow,2026-06-23,1052743,412503,5,733.5800170898438,603.3900146484375,,
v1_wide_extthesis_100_b15_rot_ow,2026-06-24,1042338,412503,5,733.239990234375,601.5,,
v1_wide_extthesis_100_b15_rot_ow,2026-06-25,1032864,478874,4,734.2999877929688,625.2000122070312,,
v1_wide_extthesis_100_b15_rot_ow,2026-06-26,1025357,478874,4,728.989990234375,589.9400024414062,,
v1_wide_extthesis_100_b15_rot_ow,2026-06-29,1036485,478874,4,741.0,614.3499755859375,,
v1_wide_extthesis_100_b15_rot_ow,2026-06-30,1039607,401138,5,746.77001953125,640.760009765625,,
v1_wide_extthesis_100_b15_rot_ow,2026-07-01,1041112,323167,5,745.760009765625,599.7000122070312,,
v1_wide_extthesis_100_b15_rot_ow,2026-07-02,1047776,586178,3,744.780029296875,566.3200073242188,,
v1_wide_extthesis_100_b15_rot_ow,2026-07-06,1050559,586178,3,751.280029296875,581.510009765625,,
v1_wide_extthesis_100_b15_rot_ow,2026-07-07,1051907,586178,3,747.7100219726562,551.6900024414062,,
v1_wide_extthesis_100_b15_rot_ow,2026-07-08,1052943,586178,3,745.4000244140625,562.030029296875,,
v1_wide_extthesis_100_b15_rot_ow,2026-07-09,1051279,586178,3,751.7100219726562,581.7000122070312,,
v1_wide_extthesis_100_b15_rot_ow,2026-07-10,1057226,586178,3,754.9500122070312,581.3400268554688,,
v1_wide_extthesis_100_b15_rot_ow,2026-07-13,1052153,586178,3,749.1699829101562,553.6099853515625,,
v1_wide_extthesis_100_b15_rot_ow,2026-07-14,1058787,586178,3,751.8300170898438,567.9199829101562,,
v1_wide_extthesis_100_b15_rot_ow,2026-07-15,1069290,586178,3,754.8099975585938,555.27001953125,,
v1_wide_extthesis_100_b15_rot_ow,2026-07-16,1060583,586178,3,750.719970703125,530.5,,
v1_wide_extthesis_100_b15_rot_ow,2026-07-17,1050799,586178,3,743.2899780273438,521.8099975585938,,
v1_wide_extthesis_100_b15_rot_ow,2026-07-20,1056906,586178,3,742.0900268554688,524.1400146484375,,
v1_wide_extthesis_100_b15_rot_ow,2026-07-21,1055821,586178,3,748.280029296875,552.6900024414062,,
v1_wide_extthesis_100_b15_rot_ow,2026-07-22,1054521,586178,3,747.4099731445312,555.52001953125,,
v1_wide_extthesis_100_b15_rot_ow,2026-07-23,1038219,586178,3,738.1799926757812,551.239990234375,,
v1_wide_extthesis_100_b15_rot_ow,2026-07-24,1037146,586178,3,738.9299926757812,527.010009765625,,
v1_wide_extthesis_100_b15_rot_ow,2026-07-27,1035637,586178,3,739.0900268554688,516.22998046875,,
v1_wide_extthesis_100_b15_rot_ow,2026-07-28,1040373,586178,3,740.8599853515625,491.4599914550781,,
v1_wide_extthesis_100_b15_rot_ow,2026-07-29,1035310,586178,3,729.4600219726562,465.0,,
v1_wide_extthesis_100_b15_rot_ow,2026-07-30,1063063,586178,3,741.6900024414062,504.5299987792969,,
v1_wide_extthesis_100_b15_rot_ow,2026-07-31,1082917,506448,4,747.030029296875,504.8900146484375,,
v1_wide_extthesis_100_b15_rot_ow,2026-08-03,1110994,344010,6,757.6699829101562,507.67999267578125,,
v1_wide_extthesis_100_b15_rot_ow,2026-08-04,1132801,260685,7,771.3300170898438,542.2100219726562,,
v1_wide_extthesis_100_b15_rot_ow,2026-08-05,1121470,260685,7,769.7899780273438,530.7000122070312,,
v1_wide_extthesis_100_b15_rot_ow,2026-08-06,1127506,425994,6,768.5599975585938,532.52001953125,,
v1_wide_extthesis_100_b15_rot_ow,2026-08-07,1143051,172305,8,773.260009765625,543.27001953125,,
v1_wide_extthesis_100_b15_rot_ow,2026-08-10,1129412,86576,8,773.030029296875,529.3900146484375,,
v1_wide_extthesis_100_b15_rot_ow,2026-08-11,1135497,1870,9,770.5599975585938,534.2000122070312,,
v1_wide_extthesis_100_b15_rot_ow,2026-08-12,1187531,1870,9,772.489990234375,546.6099853515625,,
v1_wide_extthesis_100_b15_rot_ow,2026-08-13,1197458,0,10,777.8800048828125,550.739990234375,,
v1_wide_extthesis_100_b15_rot_ow,2026-08-14,1214415,0,10,776.3400268554688,550.4199829101562,,
v1_wide_extthesis_100_b15_rot_ow,2026-08-17,1222350,0,10,772.6699829101562,559.1199951171875,,
v1_wide_extthesis_100_b15_rot_ow,2026-08-18,1171951,48442,9,767.4500122070312,531.3900146484375,,
v1_wide_extthesis_100_b15_rot_ow,2026-08-19,1139525,36488,9,769.0599975585938,519.6699829101562,,
v1_wide_extthesis_100_b15_rot_ow,2026-08-20,1173216,36488,9,762.5999755859375,522.3499755859375,,
v1_wide_extthesis_100_b15_rot_ow,2026-08-21,1179442,133279,8,765.719970703125,520.0499877929688,,
v1_wide_extthesis_100_b15_rot_ow,2026-08-24,1160229,0,9,763.469970703125,506.17999267578125,,
v1_wide_extthesis_100_b15_rot_ow,2026-08-25,1180799,0,9,765.9099731445312,514.0599975585938,,
v1_wide_extthesis_100_b15_rot_ow,2026-08-26,1183386,0,9,766.0800170898438,515.4000244140625,,
v1_wide_extthesis_100_b15_rot_ow,2026-08-27,1195023,0,9,771.0999755859375,525.4299926757812,,
v1_wide_extthesis_100_b15_rot_ow,2026-08-28,1172903,0,10,769.3499755859375,508.6199951171875,,
v1_wide_extthesis_100_b15_rot_ow,2026-08-31,1165178,0,10,767.0499877929688,511.0400085449219,,
v1_wide_extthesis_100_b15_rot_ow,2026-09-01,1153397,0,10,761.780029296875,500.30999755859375,,
v1_wide_extthesis_100_b15_rot_ow,2026-09-02,1150760,0,10,765.1599731445312,501.44000244140625,,
v1_wide_extthesis_100_b15_rot_ow,2026-09-03,1161998,0,10,773.1699829101562,502.20001220703125,,
v1_wide_extthesis_100_b15_rot_ow,2026-09-04,1191472,0,10,770.1900024414062,519.8599853515625,,
v1_wide_extthesis_100_b15_rot_ow,2026-09-08,1238074,207564,8,765.9600219726562,528.4000244140625,,
v1_wide_extthesis_100_b15_rot_ow,2026-09-09,1237278,114708,8,762.4000244140625,532.0,,
v1_wide_extthesis_100_b15_rot_ow,2026-09-10,1229860,114708,8,757.8300170898438,517.4299926757812,,
v1_wide_extthesis_100_b15_rot_ow,2026-09-11,1250899,51616,8,764.2899780273438,527.0700073242188,,
v1_wide_extthesis_100_b15_rot_ow,2026-09-14,1169609,385895,6,760.8800048828125,497.3999938964844,,
v1_wide_extthesis_100_b15_rot_ow,2026-09-15,1162658,559420,5,757.3900146484375,498.8500061035156,,
v1_wide_extthesis_100_b15_rot_ow,2026-09-16,1169017,472221,6,754.0499877929688,502.05999755859375,,
v1_wide_extthesis_100_b15_rot_ow,2026-09-17,1171789,33615,8,762.5999755859375,519.0999755859375,,
v1_wide_extthesis_100_b15_rot_ow,2026-09-18,1199961,526417,6,761.6900024414062,533.0700073242188,,
v1_wide_extthesis_100_b15_rot_ow,2026-09-21,1222600,418675,6,773.5,559.3400268554688,,
v1_wide_extthesis_100_b15_rot_ow,2026-09-22,1225867,235285,7,773.3800048828125,572.780029296875,,
v1_wide_extthesis_100_b15_rot_ow,2026-09-23,1209505,235285,7,767.8099975585938,565.719970703125,,
v1_wide_extthesis_100_b15_rot_ow,2026-09-24,1200912,144572,8,767.1799926757812,566.0700073242188,,
v1_wide_extthesis_100_b15_rot_top20,2026-04-20,1000000,850000,1,706.8988037109375,417.351806640625,,
v1_wide_extthesis_100_b15_rot_top20,2026-04-21,1000754,850000,1,702.2708129882812,420.5003356933594,,
v1_wide_extthesis_100_b15_rot_top20,2026-04-22,1008683,850000,1,709.3825073242188,431.5650634765625,,
v1_wide_extthesis_100_b15_rot_top20,2026-04-23,1004136,547396,4,706.6295776367188,440.7906799316406,,
v1_wide_extthesis_100_b15_rot_top20,2026-04-24,1014747,545495,3,712.10546875,461.38092041015625,,
v1_wide_extthesis_100_b15_rot_top20,2026-04-27,1012089,469389,4,713.332275390625,455.19384765625,,
v1_wide_extthesis_100_b15_rot_top20,2026-04-28,1002520,469389,4,709.8612060546875,438.50177001953125,,
v1_wide_extthesis_100_b15_rot_top20,2026-04-29,1003223,469389,4,709.7515258789062,449.7763977050781,,
v1_wide_extthesis_100_b15_rot_top20,2026-04-30,1014087,469389,4,716.8132934570312,461.2209777832031,,
v1_wide_extthesis_100_b15_rot_top20,2026-05-01,1014814,469389,4,718.7982177734375,465.5289306640625,,
v1_wide_extthesis_100_b15_rot_top20,2026-05-04,1012231,393278,5,716.1649780273438,461.8406982421875,,
v1_wide_extthesis_100_b15_rot_top20,2026-05-05,1012299,467350,4,721.9102172851562,482.5008850097656,,
v1_wide_extthesis_100_b15_rot_top20,2026-05-06,1035330,467350,4,731.9443359375,506.6294250488281,,
v1_wide_extthesis_100_b15_rot_top20,2026-05-07,1031108,629549,3,729.7001342773438,492.12628173828125,,
v1_wide_extthesis_100_b15_rot_top20,2026-05-08,1029499,629549,3,735.724609375,520.0530395507812,,
v1_wide_extthesis_100_b15_rot_top20,2026-05-11,1031215,629549,3,737.4002685546875,532.5071411132812,,
v1_wide_extthesis_100_b15_rot_top20,2026-05-12,1028353,629549,3,736.2831420898438,515.7450561523438,,
v1_wide_extthesis_100_b15_rot_top20,2026-05-13,1032950,629549,3,740.4025268554688,528.0392456054688,,
v1_wide_extthesis_100_b15_rot_top20,2026-05-14,1041023,629549,3,746.2474975585938,529.7784423828125,,
v1_wide_extthesis_100_b15_rot_top20,2026-05-15,1034872,629549,3,737.2706298828125,508.27862548828125,,
v1_wide_extthesis_100_b15_rot_top20,2026-05-18,1032403,629549,3,736.751953125,495.6346435546875,,
v1_wide_extthesis_100_b15_rot_top20,2026-05-19,1036225,629549,3,731.8446044921875,496.50421142578125,,
v1_wide_extthesis_100_b15_rot_top20,2026-05-20,1036703,629549,3,739.3452758789062,520.0630493164062,,
v1_wide_extthesis_100_b15_rot_top20,2026-05-21,1041271,629549,3,740.8114624023438,524.4609985351562,,
v1_wide_extthesis_100_b15_rot_top20,2026-05-22,1041833,629549,3,743.7239990234375,537.0750122070312,,
v1_wide_extthesis_100_b15_rot_top20,2026-05-26,1044227,629549,3,748.6613159179688,569.8194580078125,,
v1_wide_extthesis_100_b15_rot_top20,2026-05-27,1048615,629549,3,748.5316162109375,563.7122802734375,,
v1_wide_extthesis_100_b15_rot_top20,2026-05-28,1048392,629549,3,752.6609497070312,569.19970703125,,
v1_wide_extthesis_100_b15_rot_top20,2026-05-29,1049488,629549,3,754.5361328125,568.8099365234375,,
v1_wide_extthesis_100_b15_rot_top20,2026-06-01,1056258,629549,3,756.5908203125,571.6585083007812,,
v1_wide_extthesis_100_b15_rot_top20,2026-06-02,1067726,629549,3,757.6182250976562,604.7328491210938,,
v1_wide_extthesis_100_b15_rot_top20,2026-06-03,1065899,629549,3,752.3018798828125,615.3877563476562,,
v1_wide_extthesis_100_b15_rot_top20,2026-06-04,1064246,549607,4,755.1445922851562,602.4338989257812,,
v1_wide_extthesis_100_b15_rot_top20,2026-06-05,1048291,469789,4,735.65478515625,539.5138549804688,,
v1_wide_extthesis_100_b15_rot_top20,2026-06-08,1045525,469789,4,737.3204345703125,571.1787719726562,,
v1_wide_extthesis_100_b15_rot_top20,2026-06-09,1045635,620580,3,735.1560668945312,561.8732299804688,,
v1_wide_extthesis_100_b15_rot_top20,2026-06-10,1031003,787991,2,723.56591796875,541.2529907226562,,
v1_wide_extthesis_100_b15_rot_top20,2026-06-11,1033003,324041,5,735.8642578125,586.6514282226562,,
v1_wide_extthesis_100_b15_rot_top20,2026-06-12,1043995,324041,5,739.843994140625,595.9669799804688,,
v1_wide_extthesis_100_b15_rot_top20,2026-06-15,1064169,494611,4,752.890380859375,628.4500122070312,,
v1_wide_extthesis_100_b15_rot_top20,2026-06-16,1064421,494611,4,748.4019775390625,591.239990234375,,
v1_wide_extthesis_100_b15_rot_top20,2026-06-17,1063082,414779,5,739.0560302734375,599.72998046875,,
v1_wide_extthesis_100_b15_rot_top20,2026-06-18,1079122,420990,5,746.739990234375,639.4500122070312,,
v1_wide_extthesis_100_b15_rot_top20,2026-06-22,1065057,340217,5,744.3900146484375,655.010009765625,,
v1_wide_extthesis_100_b15_rot_top20,2026-06-23,1052743,412503,5,733.5800170898438,603.3900146484375,,
v1_wide_extthesis_100_b15_rot_top20,2026-06-24,1042338,412503,5,733.239990234375,601.5,,
v1_wide_extthesis_100_b15_rot_top20,2026-06-25,1032864,478874,4,734.2999877929688,625.2000122070312,,
v1_wide_extthesis_100_b15_rot_top20,2026-06-26,1025357,478874,4,728.989990234375,589.9400024414062,,
v1_wide_extthesis_100_b15_rot_top20,2026-06-29,1036485,478874,4,741.0,614.3499755859375,,
v1_wide_extthesis_100_b15_rot_top20,2026-06-30,1039607,401138,5,746.77001953125,640.760009765625,,
v1_wide_extthesis_100_b15_rot_top20,2026-07-01,1041112,323167,5,745.760009765625,599.7000122070312,,
v1_wide_extthesis_100_b15_rot_top20,2026-07-02,1047776,586178,3,744.780029296875,566.3200073242188,,
v1_wide_extthesis_100_b15_rot_top20,2026-07-06,1050559,586178,3,751.280029296875,581.510009765625,,
v1_wide_extthesis_100_b15_rot_top20,2026-07-07,1051907,586178,3,747.7100219726562,551.6900024414062,,
v1_wide_extthesis_100_b15_rot_top20,2026-07-08,1052943,586178,3,745.4000244140625,562.030029296875,,
v1_wide_extthesis_100_b15_rot_top20,2026-07-09,1051279,586178,3,751.7100219726562,581.7000122070312,,
v1_wide_extthesis_100_b15_rot_top20,2026-07-10,1057226,586178,3,754.9500122070312,581.3400268554688,,
v1_wide_extthesis_100_b15_rot_top20,2026-07-13,1052153,586178,3,749.1699829101562,553.6099853515625,,
v1_wide_extthesis_100_b15_rot_top20,2026-07-14,1058787,586178,3,751.8300170898438,567.9199829101562,,
v1_wide_extthesis_100_b15_rot_top20,2026-07-15,1069290,586178,3,754.8099975585938,555.27001953125,,
v1_wide_extthesis_100_b15_rot_top20,2026-07-16,1060583,586178,3,750.719970703125,530.5,,
v1_wide_extthesis_100_b15_rot_top20,2026-07-17,1050799,586178,3,743.2899780273438,521.8099975585938,,
v1_wide_extthesis_100_b15_rot_top20,2026-07-20,1056906,586178,3,742.0900268554688,524.1400146484375,,
v1_wide_extthesis_100_b15_rot_top20,2026-07-21,1055821,586178,3,748.280029296875,552.6900024414062,,
v1_wide_extthesis_100_b15_rot_top20,2026-07-22,1054521,586178,3,747.4099731445312,555.52001953125,,
v1_wide_extthesis_100_b15_rot_top20,2026-07-23,1038219,586178,3,738.1799926757812,551.239990234375,,
v1_wide_extthesis_100_b15_rot_top20,2026-07-24,1037146,586178,3,738.9299926757812,527.010009765625,,
v1_wide_extthesis_100_b15_rot_top20,2026-07-27,1035637,586178,3,739.0900268554688,516.22998046875,,
v1_wide_extthesis_100_b15_rot_top20,2026-07-28,1040373,586178,3,740.8599853515625,491.4599914550781,,
v1_wide_extthesis_100_b15_rot_top20,2026-07-29,1035310,586178,3,729.4600219726562,465.0,,
v1_wide_extthesis_100_b15_rot_top20,2026-07-30,1063063,586178,3,741.6900024414062,504.5299987792969,,
v1_wide_extthesis_100_b15_rot_top20,2026-07-31,1082917,506448,4,747.030029296875,504.8900146484375,,
v1_wide_extthesis_100_b15_rot_top20,2026-08-03,1110994,344010,6,757.6699829101562,507.67999267578125,,
v1_wide_extthesis_100_b15_rot_top20,2026-08-04,1132801,260685,7,771.3300170898438,542.2100219726562,,
v1_wide_extthesis_100_b15_rot_top20,2026-08-05,1121470,260685,7,769.7899780273438,530.7000122070312,,
v1_wide_extthesis_100_b15_rot_top20,2026-08-06,1127506,425994,6,768.5599975585938,532.52001953125,,
v1_wide_extthesis_100_b15_rot_top20,2026-08-07,1143051,172305,8,773.260009765625,543.27001953125,,
v1_wide_extthesis_100_b15_rot_top20,2026-08-10,1129412,86576,8,773.030029296875,529.3900146484375,,
v1_wide_extthesis_100_b15_rot_top20,2026-08-11,1135497,1870,9,770.5599975585938,534.2000122070312,,
v1_wide_extthesis_100_b15_rot_top20,2026-08-12,1187531,1870,9,772.489990234375,546.6099853515625,,
v1_wide_extthesis_100_b15_rot_top20,2026-08-13,1197458,11562,9,777.8800048828125,550.739990234375,,
v1_wide_extthesis_100_b15_rot_top20,2026-08-14,1209741,11562,9,776.3400268554688,550.4199829101562,,
v1_wide_extthesis_100_b15_rot_top20,2026-08-17,1212972,11562,9,772.6699829101562,559.1199951171875,,
v1_wide_extthesis_100_b15_rot_top20,2026-08-18,1171441,98037,8,767.4500122070312,531.3900146484375,,
v1_wide_extthesis_100_b15_rot_top20,2026-08-19,1142727,98037,8,769.0599975585938,519.6699829101562,,
v1_wide_extthesis_100_b15_rot_top20,2026-08-20,1170594,98037,8,762.5999755859375,522.3499755859375,,
v1_wide_extthesis_100_b15_rot_top20,2026-08-21,1178393,98037,8,765.719970703125,520.0499877929688,,
v1_wide_extthesis_100_b15_rot_top20,2026-08-24,1159169,121741,8,763.469970703125,506.17999267578125,,
v1_wide_extthesis_100_b15_rot_top20,2026-08-25,1178994,121741,8,765.9099731445312,514.0599975585938,,
v1_wide_extthesis_100_b15_rot_top20,2026-08-26,1180259,121741,8,766.0800170898438,515.4000244140625,,
v1_wide_extthesis_100_b15_rot_top20,2026-08-27,1190447,33222,8,771.0999755859375,525.4299926757812,,
v1_wide_extthesis_100_b15_rot_top20,2026-08-28,1164753,0,9,769.3499755859375,508.6199951171875,,
v1_wide_extthesis_100_b15_rot_top20,2026-08-31,1156951,0,9,767.0499877929688,511.0400085449219,,
v1_wide_extthesis_100_b15_rot_top20,2026-09-01,1146089,0,9,761.780029296875,500.30999755859375,,
v1_wide_extthesis_100_b15_rot_top20,2026-09-02,1144032,0,9,765.1599731445312,501.44000244140625,,
v1_wide_extthesis_100_b15_rot_top20,2026-09-03,1149944,0,9,773.1699829101562,502.20001220703125,,
v1_wide_extthesis_100_b15_rot_top20,2026-09-04,1187999,0,9,770.1900024414062,519.8599853515625,,
v1_wide_extthesis_100_b15_rot_top20,2026-09-08,1243054,207564,7,765.9600219726562,528.4000244140625,,
v1_wide_extthesis_100_b15_rot_top20,2026-09-09,1240553,114335,7,762.4000244140625,532.0,,
v1_wide_extthesis_100_b15_rot_top20,2026-09-10,1230198,114335,7,757.8300170898438,517.4299926757812,,
v1_wide_extthesis_100_b15_rot_top20,2026-09-11,1256296,56393,7,764.2899780273438,527.0700073242188,,
v1_wide_extthesis_100_b15_rot_top20,2026-09-14,1157874,399704,5,760.8800048828125,497.3999938964844,,
v1_wide_extthesis_100_b15_rot_top20,2026-09-15,1153878,399704,5,757.3900146484375,498.8500061035156,,
v1_wide_extthesis_100_b15_rot_top20,2026-09-16,1162340,313163,6,754.0499877929688,502.05999755859375,,
v1_wide_extthesis_100_b15_rot_top20,2026-09-17,1162525,0,8,762.5999755859375,519.0999755859375,,
v1_wide_extthesis_100_b15_rot_top20,2026-09-18,1195837,230603,7,761.6900024414062,533.0700073242188,,
v1_wide_extthesis_100_b15_rot_top20,2026-09-21,1228055,231896,7,773.5,559.3400268554688,,
v1_wide_extthesis_100_b15_rot_top20,2026-09-22,1236325,101578,7,773.3800048828125,572.780029296875,,
v1_wide_extthesis_100_b15_rot_top20,2026-09-23,1216129,101578,7,767.8099975585938,565.719970703125,,
v1_wide_extthesis_100_b15_rot_top20,2026-09-24,1201398,10368,8,767.1799926757812,566.0700073242188,,
v1_wide_extthesis_100_b15_rt,2026-04-20,1000000,850000,1,706.8988037109375,417.351806640625,,
v1_wide_extthesis_100_b15_rt,2026-04-21,1000754,850000,1,702.2708129882812,420.5003356933594,,
v1_wide_extthesis_100_b15_rt,2026-04-22,1008683,850000,1,709.3825073242188,431.5650634765625,,
v1_wide_extthesis_100_b15_rt,2026-04-23,1004136,547396,4,706.6295776367188,440.7906799316406,,
v1_wide_extthesis_100_b15_rt,2026-04-24,1014747,545495,3,712.10546875,461.38092041015625,,
v1_wide_extthesis_100_b15_rt,2026-04-27,1012089,469389,4,713.332275390625,455.19384765625,,
v1_wide_extthesis_100_b15_rt,2026-04-28,1002520,469389,4,709.8612060546875,438.50177001953125,,
v1_wide_extthesis_100_b15_rt,2026-04-29,1003223,469389,4,709.7515258789062,449.7763977050781,,
v1_wide_extthesis_100_b15_rt,2026-04-30,1014087,469389,4,716.8132934570312,461.2209777832031,,
v1_wide_extthesis_100_b15_rt,2026-05-01,1014814,469389,4,718.7982177734375,465.5289306640625,,
v1_wide_extthesis_100_b15_rt,2026-05-04,1012231,393278,5,716.1649780273438,461.8406982421875,,
v1_wide_extthesis_100_b15_rt,2026-05-05,1012299,467350,4,721.9102172851562,482.5008850097656,,
v1_wide_extthesis_100_b15_rt,2026-05-06,1035330,467350,4,731.9443359375,506.6294250488281,,
v1_wide_extthesis_100_b15_rt,2026-05-07,1031108,629549,3,729.7001342773438,492.12628173828125,,
v1_wide_extthesis_100_b15_rt,2026-05-08,1029499,629549,3,735.724609375,520.0530395507812,,
v1_wide_extthesis_100_b15_rt,2026-05-11,1031215,629549,3,737.4002685546875,532.5071411132812,,
v1_wide_extthesis_100_b15_rt,2026-05-12,1028353,629549,3,736.2831420898438,515.7450561523438,,
v1_wide_extthesis_100_b15_rt,2026-05-13,1032950,629549,3,740.4025268554688,528.0392456054688,,
v1_wide_extthesis_100_b15_rt,2026-05-14,1041023,629549,3,746.2474975585938,529.7784423828125,,
v1_wide_extthesis_100_b15_rt,2026-05-15,1034872,629549,3,737.2706298828125,508.27862548828125,,
v1_wide_extthesis_100_b15_rt,2026-05-18,1032403,629549,3,736.751953125,495.6346435546875,,
v1_wide_extthesis_100_b15_rt,2026-05-19,1036225,629549,3,731.8446044921875,496.50421142578125,,
v1_wide_extthesis_100_b15_rt,2026-05-20,1036703,629549,3,739.3452758789062,520.0630493164062,,
v1_wide_extthesis_100_b15_rt,2026-05-21,1041271,629549,3,740.8114624023438,524.4609985351562,,
v1_wide_extthesis_100_b15_rt,2026-05-22,1041833,629549,3,743.7239990234375,537.0750122070312,,
v1_wide_extthesis_100_b15_rt,2026-05-26,1044227,629549,3,748.6613159179688,569.8194580078125,,
v1_wide_extthesis_100_b15_rt,2026-05-27,1048615,629549,3,748.5316162109375,563.7122802734375,,
v1_wide_extthesis_100_b15_rt,2026-05-28,1048392,629549,3,752.6609497070312,569.19970703125,,
v1_wide_extthesis_100_b15_rt,2026-05-29,1049488,629549,3,754.5361328125,568.8099365234375,,
v1_wide_extthesis_100_b15_rt,2026-06-01,1056258,629549,3,756.5908203125,571.6585083007812,,
v1_wide_extthesis_100_b15_rt,2026-06-02,1067726,629549,3,757.6182250976562,604.7328491210938,,
v1_wide_extthesis_100_b15_rt,2026-06-03,1065899,629549,3,752.3018798828125,615.3877563476562,,
v1_wide_extthesis_100_b15_rt,2026-06-04,1064246,549607,4,755.1445922851562,602.4338989257812,,
v1_wide_extthesis_100_b15_rt,2026-06-05,1048291,469789,4,735.65478515625,539.5138549804688,,
v1_wide_extthesis_100_b15_rt,2026-06-08,1045525,469789,4,737.3204345703125,571.1787719726562,,
v1_wide_extthesis_100_b15_rt,2026-06-09,1045635,620580,3,735.1560668945312,561.8732299804688,,
v1_wide_extthesis_100_b15_rt,2026-06-10,1031003,787991,2,723.56591796875,541.2529907226562,,
v1_wide_extthesis_100_b15_rt,2026-06-11,1033003,324041,5,735.8642578125,586.6514282226562,,
v1_wide_extthesis_100_b15_rt,2026-06-12,1043995,324041,5,739.843994140625,595.9669799804688,,
v1_wide_extthesis_100_b15_rt,2026-06-15,1064169,494611,4,752.890380859375,628.4500122070312,,
v1_wide_extthesis_100_b15_rt,2026-06-16,1064421,494611,4,748.4019775390625,591.239990234375,,
v1_wide_extthesis_100_b15_rt,2026-06-17,1063082,414779,5,739.0560302734375,599.72998046875,,
v1_wide_extthesis_100_b15_rt,2026-06-18,1079122,420990,5,746.739990234375,639.4500122070312,,
v1_wide_extthesis_100_b15_rt,2026-06-22,1065057,340217,5,744.3900146484375,655.010009765625,,
v1_wide_extthesis_100_b15_rt,2026-06-23,1052743,412503,5,733.5800170898438,603.3900146484375,,
v1_wide_extthesis_100_b15_rt,2026-06-24,1042338,412503,5,733.239990234375,601.5,,
v1_wide_extthesis_100_b15_rt,2026-06-25,1032864,478874,4,734.2999877929688,625.2000122070312,,
v1_wide_extthesis_100_b15_rt,2026-06-26,1025357,478874,4,728.989990234375,589.9400024414062,,
v1_wide_extthesis_100_b15_rt,2026-06-29,1036485,478874,4,741.0,614.3499755859375,,
v1_wide_extthesis_100_b15_rt,2026-06-30,1039607,401138,5,746.77001953125,640.760009765625,,
v1_wide_extthesis_100_b15_rt,2026-07-01,1041112,323167,5,745.760009765625,599.7000122070312,,
v1_wide_extthesis_100_b15_rt,2026-07-02,1047776,586178,3,744.780029296875,566.3200073242188,,
v1_wide_extthesis_100_b15_rt,2026-07-06,1050559,586178,3,751.280029296875,581.510009765625,,
v1_wide_extthesis_100_b15_rt,2026-07-07,1051907,586178,3,747.7100219726562,551.6900024414062,,
v1_wide_extthesis_100_b15_rt,2026-07-08,1052943,586178,3,745.4000244140625,562.030029296875,,
v1_wide_extthesis_100_b15_rt,2026-07-09,1051279,586178,3,751.7100219726562,581.7000122070312,,
v1_wide_extthesis_100_b15_rt,2026-07-10,1057226,586178,3,754.9500122070312,581.3400268554688,,
v1_wide_extthesis_100_b15_rt,2026-07-13,1052153,586178,3,749.1699829101562,553.6099853515625,,
v1_wide_extthesis_100_b15_rt,2026-07-14,1058787,586178,3,751.8300170898438,567.9199829101562,,
v1_wide_extthesis_100_b15_rt,2026-07-15,1069290,586178,3,754.8099975585938,555.27001953125,,
v1_wide_extthesis_100_b15_rt,2026-07-16,1060583,586178,3,750.719970703125,530.5,,
v1_wide_extthesis_100_b15_rt,2026-07-17,1050799,586178,3,743.2899780273438,521.8099975585938,,
v1_wide_extthesis_100_b15_rt,2026-07-20,1056906,586178,3,742.0900268554688,524.1400146484375,,
v1_wide_extthesis_100_b15_rt,2026-07-21,1055821,586178,3,748.280029296875,552.6900024414062,,
v1_wide_extthesis_100_b15_rt,2026-07-22,1054521,586178,3,747.4099731445312,555.52001953125,,
v1_wide_extthesis_100_b15_rt,2026-07-23,1038219,586178,3,738.1799926757812,551.239990234375,,
v1_wide_extthesis_100_b15_rt,2026-07-24,1037146,586178,3,738.9299926757812,527.010009765625,,
v1_wide_extthesis_100_b15_rt,2026-07-27,1035637,586178,3,739.0900268554688,516.22998046875,,
v1_wide_extthesis_100_b15_rt,2026-07-28,1040373,586178,3,740.8599853515625,491.4599914550781,,
v1_wide_extthesis_100_b15_rt,2026-07-29,1035310,586178,3,729.4600219726562,465.0,,
v1_wide_extthesis_100_b15_rt,2026-07-30,1063063,586178,3,741.6900024414062,504.5299987792969,,
v1_wide_extthesis_100_b15_rt,2026-07-31,1082917,506448,4,747.030029296875,504.8900146484375,,
v1_wide_extthesis_100_b15_rt,2026-08-03,1110994,344010,6,757.6699829101562,507.67999267578125,,
v1_wide_extthesis_100_b15_rt,2026-08-04,1132801,260685,7,771.3300170898438,542.2100219726562,,
v1_wide_extthesis_100_b15_rt,2026-08-05,1121470,260685,7,769.7899780273438,530.7000122070312,,
v1_wide_extthesis_100_b15_rt,2026-08-06,1127506,425994,6,768.5599975585938,532.52001953125,,
v1_wide_extthesis_100_b15_rt,2026-08-07,1143051,172305,8,773.260009765625,543.27001953125,,
v1_wide_extthesis_100_b15_rt,2026-08-10,1129412,86576,8,773.030029296875,529.3900146484375,,
v1_wide_extthesis_100_b15_rt,2026-08-11,1135497,1870,9,770.5599975585938,534.2000122070312,,
v1_wide_extthesis_100_b15_rt,2026-08-12,1187531,1870,9,772.489990234375,546.6099853515625,,
v1_wide_extthesis_100_b15_rt,2026-08-13,1197458,1870,9,777.8800048828125,550.739990234375,,
v1_wide_extthesis_100_b15_rt,2026-08-14,1215031,1870,9,776.3400268554688,550.4199829101562,,
v1_wide_extthesis_100_b15_rt,2026-08-17,1221165,1870,9,772.6699829101562,559.1199951171875,,
v1_wide_extthesis_100_b15_rt,2026-08-18,1172802,1870,9,767.4500122070312,531.3900146484375,,
v1_wide_extthesis_100_b15_rt,2026-08-19,1138983,1870,9,769.0599975585938,519.6699829101562,,
v1_wide_extthesis_100_b15_rt,2026-08-20,1172622,1870,9,762.5999755859375,522.3499755859375,,
v1_wide_extthesis_100_b15_rt,2026-08-21,1179017,98661,8,765.719970703125,520.0499877929688,,
v1_wide_extthesis_100_b15_rt,2026-08-24,1159793,10235,8,763.469970703125,506.17999267578125,,
v1_wide_extthesis_100_b15_rt,2026-08-25,1180404,10235,8,765.9099731445312,514.0599975585938,,
v1_wide_extthesis_100_b15_rt,2026-08-26,1182981,10235,8,766.0800170898438,515.4000244140625,,
v1_wide_extthesis_100_b15_rt,2026-08-27,1193674,10235,8,771.0999755859375,525.4299926757812,,
v1_wide_extthesis_100_b15_rt,2026-08-28,1171727,10235,8,769.3499755859375,508.6199951171875,,
v1_wide_extthesis_100_b15_rt,2026-08-31,1164449,10235,8,767.0499877929688,511.0400085449219,,
v1_wide_extthesis_100_b15_rt,2026-09-01,1153696,10235,8,761.780029296875,500.30999755859375,,
v1_wide_extthesis_100_b15_rt,2026-09-02,1148563,10235,8,765.1599731445312,501.44000244140625,,
v1_wide_extthesis_100_b15_rt,2026-09-03,1160522,10235,8,773.1699829101562,502.20001220703125,,
v1_wide_extthesis_100_b15_rt,2026-09-04,1187187,10235,8,770.1900024414062,519.8599853515625,,
v1_wide_extthesis_100_b15_rt,2026-09-08,1235636,217799,6,765.9600219726562,528.4000244140625,,
v1_wide_extthesis_100_b15_rt,2026-09-09,1237486,125126,7,762.4000244140625,532.0,,
v1_wide_extthesis_100_b15_rt,2026-09-10,1230249,125126,7,757.8300170898438,517.4299926757812,,
v1_wide_extthesis_100_b15_rt,2026-09-11,1247272,32857,7,764.2899780273438,527.0700073242188,,
v1_wide_extthesis_100_b15_rt,2026-09-14,1167904,372543,5,760.8800048828125,497.3999938964844,,
v1_wide_extthesis_100_b15_rt,2026-09-15,1160254,577007,4,757.3900146484375,498.8500061035156,,
v1_wide_extthesis_100_b15_rt,2026-09-16,1166772,489988,5,754.0499877929688,502.05999755859375,,
v1_wide_extthesis_100_b15_rt,2026-09-17,1169856,52225,7,762.5999755859375,519.0999755859375,,
v1_wide_extthesis_100_b15_rt,2026-09-18,1198327,582861,5,761.6900024414062,533.0700073242188,,
v1_wide_extthesis_100_b15_rt,2026-09-21,1218635,456608,5,773.5,559.3400268554688,,
v1_wide_extthesis_100_b15_rt,2026-09-22,1220595,273813,6,773.3800048828125,572.780029296875,,
v1_wide_extthesis_100_b15_rt,2026-09-23,1205571,273813,6,767.8099975585938,565.719970703125,,
v1_wide_extthesis_100_b15_rt,2026-09-24,1199042,183395,7,767.1799926757812,566.0700073242188,,
v1_wide_extthesis_100_b15_spy,2026-04-20,1000000,0,1,706.8988037109375,417.351806640625,850000.0,0.0
v1_wide_extthesis_100_b15_spy,2026-04-21,995189,0,1,702.2708129882812,420.5003356933594,844435.0,-5565.0
v1_wide_extthesis_100_b15_spy,2026-04-22,1011669,0,1,709.3825073242188,431.5650634765625,852986.0,2986.0
v1_wide_extthesis_100_b15_spy,2026-04-23,1003813,0,4,706.6295776367188,440.7906799316406,547168.0,-324.0
v1_wide_extthesis_100_b15_spy,2026-04-24,1018660,0,3,712.10546875,461.38092041015625,549191.0,3916.0
v1_wide_extthesis_100_b15_spy,2026-04-27,1016942,0,4,713.332275390625,455.19384765625,473667.0,4862.0
v1_wide_extthesis_100_b15_spy,2026-04-28,1005074,0,4,709.8612060546875,438.50177001953125,471362.0,2557.0
v1_wide_extthesis_100_b15_spy,2026-04-29,1005701,0,4,709.7515258789062,449.7763977050781,471289.0,2484.0
v1_wide_extthesis_100_b15_spy,2026-04-30,1021262,0,4,716.8132934570312,461.2209777832031,475978.0,7173.0
v1_wide_extthesis_100_b15_spy,2026-05-01,1023312,0,4,718.7982177734375,465.5289306640625,477296.0,8491.0
v1_wide_extthesis_100_b15_spy,2026-05-04,1018983,0,5,716.1649780273438,461.8406982421875,398930.0,6742.0
v1_wide_extthesis_100_b15_spy,2026-05-05,1022231,0,4,721.9102172851562,482.5008850097656,476695.0,9942.0
v1_wide_extthesis_100_b15_spy,2026-05-06,1051891,0,4,731.9443359375,506.6294250488281,483321.0,16568.0
v1_wide_extthesis_100_b15_spy,2026-05-07,1046190,0,3,729.7001342773438,492.12628173828125,643987.0,15086.0
v1_wide_extthesis_100_b15_spy,2026-05-08,1049897,0,3,735.724609375,520.0530395507812,649304.0,20403.0
v1_wide_extthesis_100_b15_spy,2026-05-11,1053107,0,3,737.4002685546875,532.5071411132812,650783.0,21882.0
v1_wide_extthesis_100_b15_spy,2026-05-12,1049256,0,3,736.2831420898438,515.7450561523438,649797.0,20896.0
v1_wide_extthesis_100_b15_spy,2026-05-13,1057501,0,3,740.4025268554688,528.0392456054688,653433.0,24532.0
v1_wide_extthesis_100_b15_spy,2026-05-14,1070733,0,3,746.2474975585938,529.7784423828125,658591.0,29690.0
v1_wide_extthesis_100_b15_spy,2026-05-15,1056659,0,3,737.2706298828125,508.27862548828125,650669.0,21768.0
v1_wide_extthesis_100_b15_spy,2026-05-18,1053733,0,3,736.751953125,495.6346435546875,650211.0,21310.0
v1_wide_extthesis_100_b15_spy,2026-05-19,1053239,0,3,731.8446044921875,496.50421142578125,645880.0,16979.0
v1_wide_extthesis_100_b15_spy,2026-05-20,1060327,0,3,739.3452758789062,520.0630493164062,652500.0,23599.0
v1_wide_extthesis_100_b15_spy,2026-05-21,1066196,0,3,740.8114624023438,524.4609985351562,653794.0,24893.0
v1_wide_extthesis_100_b15_spy,2026-05-22,1069334,0,3,743.7239990234375,537.0750122070312,656364.0,27463.0
v1_wide_extthesis_100_b15_spy,2026-05-26,1076081,0,3,748.6613159179688,569.8194580078125,660721.0,31820.0
v1_wide_extthesis_100_b15_spy,2026-05-27,1080355,0,3,748.5316162109375,563.7122802734375,660607.0,31706.0
v1_wide_extthesis_100_b15_spy,2026-05-28,1083773,0,3,752.6609497070312,569.19970703125,664251.0,35350.0
v1_wide_extthesis_100_b15_spy,2026-05-29,1086533,0,3,754.5361328125,568.8099365234375,665906.0,37005.0
v1_wide_extthesis_100_b15_spy,2026-06-01,1095114,0,3,756.5908203125,571.6585083007812,667719.0,38818.0
v1_wide_extthesis_100_b15_spy,2026-06-02,1107508,0,3,757.6182250976562,604.7328491210938,668626.0,39725.0
v1_wide_extthesis_100_b15_spy,2026-06-03,1100999,0,3,752.3018798828125,615.3877563476562,663934.0,35033.0
v1_wide_extthesis_100_b15_spy,2026-06-04,1101834,0,4,755.1445922851562,602.4338989257812,583680.0,37542.0
v1_wide_extthesis_100_b15_spy,2026-06-05,1070734,0,4,735.65478515625,539.5138549804688,487108.0,22478.0
v1_wide_extthesis_100_b15_spy,2026-06-08,1069001,0,4,737.3204345703125,571.1787719726562,488211.0,23581.0
v1_wide_extthesis_100_b15_spy,2026-06-09,1067559,0,3,735.1560668945312,561.8732299804688,641812.0,22148.0
v1_wide_extthesis_100_b15_spy,2026-06-10,1042789,0,2,723.56591796875,541.2529907226562,799104.0,12029.0
v1_wide_extthesis_100_b15_spy,2026-06-11,1058370,0,5,735.8642578125,586.6514282226562,337318.0,25611.0
v1_wide_extthesis_100_b15_spy,2026-06-12,1071392,0,5,739.843994140625,595.9669799804688,339142.0,27435.0
v1_wide_extthesis_100_b15_spy,2026-06-15,1097999,0,4,752.890380859375,628.4500122070312,519890.0,33415.0
v1_wide_extthesis_100_b15_spy,2026-06-16,1095111,0,4,748.4019775390625,591.239990234375,516791.0,30316.0
v1_wide_extthesis_100_b15_spy,2026-06-17,1087183,0,5,739.0560302734375,599.72998046875,428688.0,23862.0
v1_wide_extthesis_100_b15_spy,2026-06-18,1107997,0,5,746.739990234375,639.4500122070312,439170.0,28319.0
v1_wide_extthesis_100_b15_spy,2026-06-22,1092203,0,5,744.3900146484375,655.010009765625,354954.0,26937.0
v1_wide_extthesis_100_b15_spy,2026-06-23,1074424,0,5,733.5800170898438,603.3900146484375,424418.0,21782.0
v1_wide_extthesis_100_b15_spy,2026-06-24,1063624,0,5,733.239990234375,601.5,424221.0,21585.0
v1_wide_extthesis_100_b15_spy,2026-06-25,1054562,0,4,734.2999877929688,625.2000122070312,492574.0,22198.0
v1_wide_extthesis_100_b15_spy,2026-06-26,1043350,0,4,728.989990234375,589.9400024414062,489012.0,18636.0
v1_wide_extthesis_100_b15_spy,2026-06-29,1062761,0,4,741.0,614.3499755859375,497068.0,26692.0
v1_wide_extthesis_100_b15_spy,2026-06-30,1069863,0,5,746.77001953125,640.760009765625,420942.0,30563.0
v1_wide_extthesis_100_b15_spy,2026-07-01,1070863,0,5,745.760009765625,599.7000122070312,340176.0,29994.0
v1_wide_extthesis_100_b15_spy,2026-07-02,1077103,0,3,744.780029296875,566.3200073242188,603471.0,29547.0
v1_wide_extthesis_100_b15_spy,2026-07-06,1085215,0,3,751.280029296875,581.510009765625,608738.0,34814.0
v1_wide_extthesis_100_b15_spy,2026-07-07,1083708,0,3,747.7100219726562,551.6900024414062,605845.0,31921.0
v1_wide_extthesis_100_b15_spy,2026-07-08,1082886,0,3,745.4000244140625,562.030029296875,603973.0,30049.0
v1_wide_extthesis_100_b15_spy,2026-07-09,1086298,0,3,751.7100219726562,581.7000122070312,609086.0,35162.0
v1_wide_extthesis_100_b15_spy,2026-07-10,1095019,0,3,754.9500122070312,581.3400268554688,611711.0,37787.0
v1_wide_extthesis_100_b15_spy,2026-07-13,1085146,0,3,749.1699829101562,553.6099853515625,607028.0,33104.0
v1_wide_extthesis_100_b15_spy,2026-07-14,1094089,0,3,751.8300170898438,567.9199829101562,609183.0,35259.0
v1_wide_extthesis_100_b15_spy,2026-07-15,1107284,0,3,754.8099975585938,555.27001953125,611598.0,37674.0
v1_wide_extthesis_100_b15_spy,2026-07-16,1095057,0,3,750.719970703125,530.5,608284.0,34360.0
v1_wide_extthesis_100_b15_spy,2026-07-17,1079001,0,3,743.2899780273438,521.8099975585938,602264.0,28340.0
v1_wide_extthesis_100_b15_spy,2026-07-20,1084300,0,3,742.0900268554688,524.1400146484375,601292.0,27368.0
v1_wide_extthesis_100_b15_spy,2026-07-21,1088197,0,3,748.280029296875,552.6900024414062,606308.0,32384.0
v1_wide_extthesis_100_b15_spy,2026-07-22,1086147,0,3,747.4099731445312,555.52001953125,605603.0,31679.0
v1_wide_extthesis_100_b15_spy,2026-07-23,1061950,0,3,738.1799926757812,551.239990234375,598124.0,24200.0
v1_wide_extthesis_100_b15_spy,2026-07-24,1061459,0,3,738.9299926757812,527.010009765625,598732.0,24808.0
v1_wide_extthesis_100_b15_spy,2026-07-27,1060055,0,3,739.0900268554688,516.22998046875,598862.0,24938.0
v1_wide_extthesis_100_b15_spy,2026-07-28,1066348,0,3,740.8599853515625,491.4599914550781,600296.0,26372.0
v1_wide_extthesis_100_b15_spy,2026-07-29,1051920,0,3,729.4600219726562,465.0,591059.0,17135.0
v1_wide_extthesis_100_b15_spy,2026-07-30,1090370,0,3,741.6900024414062,504.5299987792969,600969.0,27045.0
v1_wide_extthesis_100_b15_spy,2026-07-31,1115063,0,4,747.030029296875,504.8900146484375,523194.0,31372.0
v1_wide_extthesis_100_b15_spy,2026-08-03,1151359,0,6,757.6699829101562,507.67999267578125,362268.0,38824.0
v1_wide_extthesis_100_b15_spy,2026-08-04,1180365,0,7,771.3300170898438,542.2100219726562,281957.0,45355.0
v1_wide_extthesis_100_b15_spy,2026-08-05,1168092,0,7,769.7899780273438,530.7000122070312,281394.0,44792.0
v1_wide_extthesis_100_b15_spy,2026-08-06,1173869,0,6,768.5599975585938,532.52001953125,450321.0,44342.0
v1_wide_extthesis_100_b15_spy,2026-08-07,1192768,0,8,773.260009765625,543.27001953125,188334.0,47096.0
v1_wide_extthesis_100_b15_spy,2026-08-10,1178553,0,8,773.030029296875,529.3900146484375,98825.0,47040.0
v1_wide_extthesis_100_b15_spy,2026-08-11,1184651,0,9,770.5599975585938,534.2000122070312,10141.0,46724.0
v1_wide_extthesis_100_b15_spy,2026-08-12,1238803,0,9,772.489990234375,546.6099853515625,10166.0,46749.0
v1_wide_extthesis_100_b15_spy,2026-08-13,1249278,0,9,777.8800048828125,550.739990234375,10237.0,46820.0
v1_wide_extthesis_100_b15_spy,2026-08-14,1267530,0,9,776.3400268554688,550.4199829101562,10217.0,46800.0
v1_wide_extthesis_100_b15_spy,2026-08-17,1273905,0,9,772.6699829101562,559.1199951171875,10169.0,46752.0
v1_wide_extthesis_100_b15_spy,2026-08-18,1223603,0,9,767.4500122070312,531.3900146484375,10100.0,46683.0
v1_wide_extthesis_100_b15_spy,2026-08-19,1188423,0,9,769.0599975585938,519.6699829101562,10121.0,46704.0
v1_wide_extthesis_100_b15_spy,2026-08-20,1223393,0,9,762.5999755859375,522.3499755859375,10036.0,46619.0
v1_wide_extthesis_100_b15_spy,2026-08-21,1230076,0,8,765.719970703125,520.0499877929688,109747.0,46660.0
v1_wide_extthesis_100_b15_spy,2026-08-24,1209682,0,8,763.469970703125,506.17999267578125,17193.0,46338.0
v1_wide_extthesis_100_b15_spy,2026-08-25,1231194,0,8,765.9099731445312,514.0599975585938,17248.0,46393.0
v1_wide_extthesis_100_b15_spy,2026-08-26,1233896,0,8,766.0800170898438,515.4000244140625,17252.0,46397.0
v1_wide_extthesis_100_b15_spy,2026-08-27,1245113,0,8,771.0999755859375,525.4299926757812,17365.0,46510.0
v1_wide_extthesis_100_b15_spy,2026-08-28,1222117,0,8,769.3499755859375,508.6199951171875,17326.0,46471.0
v1_wide_extthesis_100_b15_spy,2026-08-31,1214591,0,8,767.0499877929688,511.0400085449219,17274.0,46419.0
v1_wide_extthesis_100_b15_spy,2026-09-01,1203345,0,8,761.780029296875,500.30999755859375,17155.0,46300.0
v1_wide_extthesis_100_b15_spy,2026-09-02,1198069,0,8,765.1599731445312,501.44000244140625,17231.0,46376.0
v1_wide_extthesis_100_b15_spy,2026-09-03,1210611,0,8,773.1699829101562,502.20001220703125,17411.0,46556.0
v1_wide_extthesis_100_b15_spy,2026-09-04,1238423,0,8,770.1900024414062,519.8599853515625,17344.0,46489.0
v1_wide_extthesis_100_b15_spy,2026-09-08,1288845,0,6,765.9600219726562,528.4000244140625,233820.0,46394.0
v1_wide_extthesis_100_b15_spy,2026-09-09,1289765,0,7,762.4000244140625,532.0,136151.0,45307.0
v1_wide_extthesis_100_b15_spy,2026-09-10,1281400,0,7,757.8300170898438,517.4299926757812,135335.0,44491.0
v1_wide_extthesis_100_b15_spy,2026-09-11,1300206,0,7,764.2899780273438,527.0700073242188,40297.0,45645.0
v1_wide_extthesis_100_b15_spy,2026-09-14,1217254,0,5,760.8800048828125,497.3999938964844,393810.0,45465.0
v1_wide_extthesis_100_b15_spy,2026-09-15,1207554,0,4,757.3900146484375,498.8500061035156,602361.0,43659.0
v1_wide_extthesis_100_b15_spy,2026-09-16,1211705,0,5,754.0499877929688,502.05999755859375,509338.0,41003.0
v1_wide_extthesis_100_b15_spy,2026-09-17,1220653,0,7,762.5999755859375,519.0999755859375,58326.0,46778.0
v1_wide_extthesis_100_b15_spy,2026-09-18,1250261,0,5,761.6900024414062,533.0700073242188,608202.0,46708.0
v1_wide_extthesis_100_b15_spy,2026-09-21,1280877,0,5,773.5,559.3400268554688,488352.0,56138.0
v1_wide_extthesis_100_b15_spy,2026-09-22,1282858,0,6,773.3800048828125,572.780029296875,296156.0,56062.0
v1_wide_extthesis_100_b15_spy,2026-09-23,1265138,0,6,767.8099975585938,565.719970703125,294023.0,53929.0
v1_wide_extthesis_100_b15_spy,2026-09-24,1258069,0,7,767.1799926757812,566.0700073242188,198915.0,53688.0
v1_wide_extthesis_100_b15_spy_fees,2026-04-20,999967,0,1,706.8988037109375,417.351806640625,849997.0,0.0
v1_wide_extthesis_100_b15_spy_fees,2026-04-21,995155,0,1,702.2708129882812,420.5003356933594,844432.0,-5565.0
v1_wide_extthesis_100_b15_spy_fees,2026-04-22,1011634,0,1,709.3825073242188,431.5650634765625,852983.0,2986.0
v1_wide_extthesis_100_b15_spy_fees,2026-04-23,1003489,0,4,706.6295776367188,440.7906799316406,546955.0,-324.0
v1_wide_extthesis_100_b15_spy_fees,2026-04-24,1018081,0,3,712.10546875,461.38092041015625,548746.0,3915.0
v1_wide_extthesis_100_b15_spy_fees,2026-04-27,1016233,0,4,713.332275390625,455.19384765625,473150.0,4860.0
v1_wide_extthesis_100_b15_spy_fees,2026-04-28,1004370,0,4,709.8612060546875,438.50177001953125,470848.0,2558.0
v1_wide_extthesis_100_b15_spy_fees,2026-04-29,1004996,0,4,709.7515258789062,449.7763977050781,470775.0,2485.0
v1_wide_extthesis_100_b15_spy_fees,2026-04-30,1020550,0,4,716.8132934570312,461.2209777832031,475459.0,7169.0
v1_wide_extthesis_100_b15_spy_fees,2026-05-01,1022598,0,4,718.7982177734375,465.5289306640625,476776.0,8486.0
v1_wide_extthesis_100_b15_spy_fees,2026-05-04,1018200,0,5,716.1649780273438,461.8406982421875,398431.0,6739.0
v1_wide_extthesis_100_b15_spy_fees,2026-05-05,1021370,0,4,721.9102172851562,482.5008850097656,476028.0,9935.0
v1_wide_extthesis_100_b15_spy_fees,2026-05-06,1051014,0,4,731.9443359375,506.6294250488281,482645.0,16552.0
v1_wide_extthesis_100_b15_spy_fees,2026-05-07,1045277,0,3,729.7001342773438,492.12628173828125,643235.0,15072.0
v1_wide_extthesis_100_b15_spy_fees,2026-05-08,1048978,0,3,735.724609375,520.0530395507812,648546.0,20383.0
v1_wide_extthesis_100_b15_spy_fees,2026-05-11,1052184,0,3,737.4002685546875,532.5071411132812,650023.0,21860.0
v1_wide_extthesis_100_b15_spy_fees,2026-05-12,1048334,0,3,736.2831420898438,515.7450561523438,649038.0,20875.0
v1_wide_extthesis_100_b15_spy_fees,2026-05-13,1056573,0,3,740.4025268554688,528.0392456054688,652669.0,24506.0
v1_wide_extthesis_100_b15_spy_fees,2026-05-14,1069797,0,3,746.2474975585938,529.7784423828125,657821.0,29658.0
v1_wide_extthesis_100_b15_spy_fees,2026-05-15,1055734,0,3,737.2706298828125,508.27862548828125,649908.0,21745.0
v1_wide_extthesis_100_b15_spy_fees,2026-05-18,1052809,0,3,736.751953125,495.6346435546875,649451.0,21288.0
v1_wide_extthesis_100_b15_spy_fees,2026-05-19,1052318,0,3,731.8446044921875,496.50421142578125,645125.0,16962.0
v1_wide_extthesis_100_b15_spy_fees,2026-05-20,1059399,0,3,739.3452758789062,520.0630493164062,651737.0,23574.0
v1_wide_extthesis_100_b15_spy_fees,2026-05-21,1065264,0,3,740.8114624023438,524.4609985351562,653029.0,24866.0
v1_wide_extthesis_100_b15_spy_fees,2026-05-22,1068398,0,3,743.7239990234375,537.0750122070312,655596.0,27433.0
v1_wide_extthesis_100_b15_spy_fees,2026-05-26,1075140,0,3,748.6613159179688,569.8194580078125,659948.0,31785.0
v1_wide_extthesis_100_b15_spy_fees,2026-05-27,1079414,0,3,748.5316162109375,563.7122802734375,659834.0,31671.0
v1_wide_extthesis_100_b15_spy_fees,2026-05-28,1082827,0,3,752.6609497070312,569.19970703125,663474.0,35311.0
v1_wide_extthesis_100_b15_spy_fees,2026-05-29,1085583,0,3,754.5361328125,568.8099365234375,665127.0,36964.0
v1_wide_extthesis_100_b15_spy_fees,2026-06-01,1094162,0,3,756.5908203125,571.6585083007812,666938.0,38775.0
v1_wide_extthesis_100_b15_spy_fees,2026-06-02,1106550,0,3,757.6182250976562,604.7328491210938,667844.0,39681.0
v1_wide_extthesis_100_b15_spy_fees,2026-06-03,1100046,0,3,752.3018798828125,615.3877563476562,663158.0,34995.0
v1_wide_extthesis_100_b15_spy_fees,2026-06-04,1100862,0,4,755.1445922851562,602.4338989257812,582970.0,37501.0
v1_wide_extthesis_100_b15_spy_fees,2026-06-05,1069766,0,4,735.65478515625,539.5138549804688,486485.0,22455.0
v1_wide_extthesis_100_b15_spy_fees,2026-06-08,1068035,0,4,737.3204345703125,571.1787719726562,487586.0,23556.0
v1_wide_extthesis_100_b15_spy_fees,2026-06-09,1066559,0,3,735.1560668945312,561.8732299804688,640984.0,22125.0
v1_wide_extthesis_100_b15_spy_fees,2026-06-10,1041768,0,2,723.56591796875,541.2529907226562,798216.0,12020.0
v1_wide_extthesis_100_b15_spy_fees,2026-06-11,1057229,0,5,735.8642578125,586.6514282226562,336875.0,25587.0
v1_wide_extthesis_100_b15_spy_fees,2026-06-12,1070237,0,5,739.843994140625,595.9669799804688,338697.0,27409.0
v1_wide_extthesis_100_b15_spy_fees,2026-06-15,1096773,0,4,752.890380859375,628.4500122070312,519189.0,33382.0
v1_wide_extthesis_100_b15_spy_fees,2026-06-16,1093889,0,4,748.4019775390625,591.239990234375,516094.0,30287.0
v1_wide_extthesis_100_b15_spy_fees,2026-06-17,1085932,0,5,739.0560302734375,599.72998046875,428088.0,23842.0
v1_wide_extthesis_100_b15_spy_fees,2026-06-18,1106585,0,5,746.739990234375,639.4500122070312,438422.0,28293.0
v1_wide_extthesis_100_b15_spy_fees,2026-06-22,1090723,0,5,744.3900146484375,655.010009765625,354266.0,26913.0
v1_wide_extthesis_100_b15_spy_fees,2026-06-23,1072747,0,5,733.5800170898438,603.3900146484375,423413.0,21768.0
v1_wide_extthesis_100_b15_spy_fees,2026-06-24,1061968,0,5,733.239990234375,601.5,423217.0,21572.0
v1_wide_extthesis_100_b15_spy_fees,2026-06-25,1052881,0,4,734.2999877929688,625.2000122070312,491394.0,22184.0
v1_wide_extthesis_100_b15_spy_fees,2026-06-26,1041686,0,4,728.989990234375,589.9400024414062,487841.0,18631.0
v1_wide_extthesis_100_b15_spy_fees,2026-06-29,1061066,0,4,741.0,614.3499755859375,495878.0,26668.0
v1_wide_extthesis_100_b15_spy_fees,2026-06-30,1068134,0,5,746.77001953125,640.760009765625,419866.0,30529.0
v1_wide_extthesis_100_b15_spy_fees,2026-07-01,1069113,0,5,745.760009765625,599.7000122070312,339228.0,29961.0
v1_wide_extthesis_100_b15_spy_fees,2026-07-02,1074930,0,3,744.780029296875,566.3200073242188,601961.0,29515.0
v1_wide_extthesis_100_b15_spy_fees,2026-07-06,1083027,0,3,751.280029296875,581.510009765625,607215.0,34769.0
v1_wide_extthesis_100_b15_spy_fees,2026-07-07,1081523,0,3,747.7100219726562,551.6900024414062,604330.0,31884.0
v1_wide_extthesis_100_b15_spy_fees,2026-07-08,1080708,0,3,745.4000244140625,562.030029296875,602463.0,30017.0
v1_wide_extthesis_100_b15_spy_fees,2026-07-09,1084109,0,3,751.7100219726562,581.7000122070312,607563.0,35117.0
v1_wide_extthesis_100_b15_spy_fees,2026-07-10,1092815,0,3,754.9500122070312,581.3400268554688,610182.0,37736.0
v1_wide_extthesis_100_b15_spy_fees,2026-07-13,1082958,0,3,749.1699829101562,553.6099853515625,605510.0,33064.0
v1_wide_extthesis_100_b15_spy_fees,2026-07-14,1091890,0,3,751.8300170898438,567.9199829101562,607660.0,35214.0
v1_wide_extthesis_100_b15_spy_fees,2026-07-15,1105064,0,3,754.8099975585938,555.27001953125,610069.0,37623.0
v1_wide_extthesis_100_b15_spy_fees,2026-07-16,1092854,0,3,750.719970703125,530.5,606763.0,34317.0
v1_wide_extthesis_100_b15_spy_fees,2026-07-17,1076827,0,3,743.2899780273438,521.8099975585938,600758.0,28312.0
v1_wide_extthesis_100_b15_spy_fees,2026-07-20,1082118,0,3,742.0900268554688,524.1400146484375,599788.0,27342.0
v1_wide_extthesis_100_b15_spy_fees,2026-07-21,1086004,0,3,748.280029296875,552.6900024414062,604791.0,32345.0
v1_wide_extthesis_100_b15_spy_fees,2026-07-22,1083959,0,3,747.4099731445312,555.52001953125,604088.0,31642.0
v1_wide_extthesis_100_b15_spy_fees,2026-07-23,1059804,0,3,738.1799926757812,551.239990234375,596628.0,24182.0
v1_wide_extthesis_100_b15_spy_fees,2026-07-24,1059312,0,3,738.9299926757812,527.010009765625,597234.0,24788.0
v1_wide_extthesis_100_b15_spy_fees,2026-07-27,1057907,0,3,739.0900268554688,516.22998046875,597363.0,24917.0
v1_wide_extthesis_100_b15_spy_fees,2026-07-28,1064190,0,3,740.8599853515625,491.4599914550781,598794.0,26348.0
v1_wide_extthesis_100_b15_spy_fees,2026-07-29,1049793,0,3,729.4600219726562,465.0,589580.0,17134.0
v1_wide_extthesis_100_b15_spy_fees,2026-07-30,1088167,0,3,741.6900024414062,504.5299987792969,599465.0,27019.0
v1_wide_extthesis_100_b15_spy_fees,2026-07-31,1112803,0,4,747.030029296875,504.8900146484375,521842.0,31335.0
v1_wide_extthesis_100_b15_spy_fees,2026-08-03,1148880,0,6,757.6699829101562,507.67999267578125,361151.0,38768.0
v1_wide_extthesis_100_b15_spy_fees,2026-08-04,1177754,0,7,771.3300170898438,542.2100219726562,280984.0,45279.0
v1_wide_extthesis_100_b15_spy_fees,2026-08-05,1165508,0,7,769.7899780273438,530.7000122070312,280423.0,44718.0
v1_wide_extthesis_100_b15_spy_fees,2026-08-06,1171231,0,6,768.5599975585938,532.52001953125,449110.0,44270.0
v1_wide_extthesis_100_b15_spy_fees,2026-08-07,1189919,0,8,773.260009765625,543.27001953125,187613.0,47016.0
v1_wide_extthesis_100_b15_spy_fees,2026-08-10,1175650,0,8,773.030029296875,529.3900146484375,98243.0,46960.0
v1_wide_extthesis_100_b15_spy_fees,2026-08-11,1181705,0,9,770.5599975585938,534.2000122070312,9776.0,46646.0
v1_wide_extthesis_100_b15_spy_fees,2026-08-12,1235720,0,9,772.489990234375,546.6099853515625,9800.0,46670.0
v1_wide_extthesis_100_b15_spy_fees,2026-08-13,1246167,0,9,777.8800048828125,550.739990234375,9868.0,46738.0
v1_wide_extthesis_100_b15_spy_fees,2026-08-14,1264371,0,9,776.3400268554688,550.4199829101562,9848.0,46718.0
v1_wide_extthesis_100_b15_spy_fees,2026-08-17,1270728,0,9,772.6699829101562,559.1199951171875,9801.0,46671.0
v1_wide_extthesis_100_b15_spy_fees,2026-08-18,1220554,0,9,767.4500122070312,531.3900146484375,9735.0,46605.0
v1_wide_extthesis_100_b15_spy_fees,2026-08-19,1185461,0,9,769.0599975585938,519.6699829101562,9755.0,46625.0
v1_wide_extthesis_100_b15_spy_fees,2026-08-20,1220347,0,9,762.5999755859375,522.3499755859375,9673.0,46543.0
v1_wide_extthesis_100_b15_spy_fees,2026-08-21,1226988,0,8,765.719970703125,520.0499877929688,109136.0,46583.0
v1_wide_extthesis_100_b15_spy_fees,2026-08-24,1206537,0,8,763.469970703125,506.17999267578125,16749.0,46262.0
v1_wide_extthesis_100_b15_spy_fees,2026-08-25,1227993,0,8,765.9099731445312,514.0599975585938,16803.0,46316.0
v1_wide_extthesis_100_b15_spy_fees,2026-08-26,1230688,0,8,766.0800170898438,515.4000244140625,16807.0,46320.0
v1_wide_extthesis_100_b15_spy_fees,2026-08-27,1241876,0,8,771.0999755859375,525.4299926757812,16917.0,46430.0
v1_wide_extthesis_100_b15_spy_fees,2026-08-28,1218946,0,8,769.3499755859375,508.6199951171875,16879.0,46392.0
v1_wide_extthesis_100_b15_spy_fees,2026-08-31,1211437,0,8,767.0499877929688,511.0400085449219,16829.0,46342.0
v1_wide_extthesis_100_b15_spy_fees,2026-09-01,1200216,0,8,761.780029296875,500.30999755859375,16713.0,46226.0
v1_wide_extthesis_100_b15_spy_fees,2026-09-02,1194951,0,8,765.1599731445312,501.44000244140625,16787.0,46300.0
v1_wide_extthesis_100_b15_spy_fees,2026-09-03,1207466,0,8,773.1699829101562,502.20001220703125,16963.0,46476.0
v1_wide_extthesis_100_b15_spy_fees,2026-09-04,1235202,0,8,770.1900024414062,519.8599853515625,16898.0,46411.0
v1_wide_extthesis_100_b15_spy_fees,2026-09-08,1285436,0,6,765.9600219726562,528.4000244140625,232758.0,46318.0
v1_wide_extthesis_100_b15_spy_fees,2026-09-09,1286300,0,7,762.4000244140625,532.0,135346.0,45236.0
v1_wide_extthesis_100_b15_spy_fees,2026-09-10,1277963,0,7,757.8300170898438,517.4299926757812,134535.0,44425.0
v1_wide_extthesis_100_b15_spy_fees,2026-09-11,1296665,0,7,764.2899780273438,527.0700073242188,39746.0,45572.0
v1_wide_extthesis_100_b15_spy_fees,2026-09-14,1213750,0,5,760.8800048828125,497.3999938964844,392076.0,45395.0
v1_wide_extthesis_100_b15_spy_fees,2026-09-15,1204024,0,4,757.3900146484375,498.8500061035156,600206.0,43597.0
v1_wide_extthesis_100_b15_spy_fees,2026-09-16,1208145,0,5,754.0499877929688,502.05999755859375,507453.0,40950.0
v1_wide_extthesis_100_b15_spy_fees,2026-09-17,1216962,0,7,762.5999755859375,519.0999755859375,57750.0,46704.0
v1_wide_extthesis_100_b15_spy_fees,2026-09-18,1245682,0,5,761.6900024414062,533.0700073242188,605666.0,46635.0
v1_wide_extthesis_100_b15_spy_fees,2026-09-21,1276120,0,5,773.5,559.3400268554688,485814.0,56026.0
v1_wide_extthesis_100_b15_spy_fees,2026-09-22,1278053,0,6,773.3800048828125,572.780029296875,294329.0,55951.0
v1_wide_extthesis_100_b15_spy_fees,2026-09-23,1260385,0,6,767.8099975585938,565.719970703125,292209.0,53831.0
v1_wide_extthesis_100_b15_spy_fees,2026-09-24,1253288,0,7,767.1799926757812,566.0700073242188,197455.0,53591.0
v1_wide_extthesis_100_b15_tb,2026-04-20,1000000,0,1,706.8988037109375,417.351806640625,850000.0,0.0
v1_wide_extthesis_100_b15_tb,2026-04-21,1000875,0,1,702.2708129882812,420.5003356933594,850121.0,121.0
v1_wide_extthesis_100_b15_tb,2026-04-22,1008925,0,1,709.3825073242188,431.5650634765625,850242.0,242.0
v1_wide_extthesis_100_b15_tb,2026-04-23,1004499,0,4,706.6295776367188,440.7906799316406,547650.0,363.0
v1_wide_extthesis_100_b15_tb,2026-04-24,1015189,0,3,712.10546875,461.38092041015625,545821.0,441.0
v1_wide_extthesis_100_b15_tb,2026-04-27,1012607,0,4,713.332275390625,455.19384765625,469754.0,519.0
v1_wide_extthesis_100_b15_tb,2026-04-28,1003104,0,4,709.8612060546875,438.50177001953125,469821.0,586.0
v1_wide_extthesis_100_b15_tb,2026-04-29,1003873,0,4,709.7515258789062,449.7763977050781,469888.0,653.0
v1_wide_extthesis_100_b15_tb,2026-04-30,1014808,0,4,716.8132934570312,461.2209777832031,469955.0,720.0
v1_wide_extthesis_100_b15_tb,2026-05-01,1015603,0,4,718.7982177734375,465.5289306640625,470022.0,787.0
v1_wide_extthesis_100_b15_tb,2026-05-04,1013086,0,5,716.1649780273438,461.8406982421875,393914.0,854.0
v1_wide_extthesis_100_b15_tb,2026-05-05,1013209,0,4,721.9102172851562,482.5008850097656,468105.0,910.0
v1_wide_extthesis_100_b15_tb,2026-05-06,1036313,0,4,731.9443359375,506.6294250488281,468172.0,977.0
v1_wide_extthesis_100_b15_tb,2026-05-07,1032157,0,3,729.7001342773438,492.12628173828125,630497.0,1044.0
v1_wide_extthesis_100_b15_tb,2026-05-08,1030638,0,3,735.724609375,520.0530395507812,630587.0,1134.0
v1_wide_extthesis_100_b15_tb,2026-05-11,1032446,0,3,737.4002685546875,532.5071411132812,630677.0,1224.0
v1_wide_extthesis_100_b15_tb,2026-05-12,1029673,0,3,736.2831420898438,515.7450561523438,630767.0,1314.0
v1_wide_extthesis_100_b15_tb,2026-05-13,1034362,0,3,740.4025268554688,528.0392456054688,630857.0,1404.0
v1_wide_extthesis_100_b15_tb,2026-05-14,1042526,0,3,746.2474975585938,529.7784423828125,630947.0,1494.0
v1_wide_extthesis_100_b15_tb,2026-05-15,1036465,0,3,737.2706298828125,508.27862548828125,631037.0,1584.0
v1_wide_extthesis_100_b15_tb,2026-05-18,1034086,0,3,736.751953125,495.6346435546875,631127.0,1674.0
v1_wide_extthesis_100_b15_tb,2026-05-19,1038001,0,3,731.8446044921875,496.50421142578125,631217.0,1764.0
v1_wide_extthesis_100_b15_tb,2026-05-20,1038565,0,3,739.3452758789062,520.0630493164062,631306.0,1853.0
v1_wide_extthesis_100_b15_tb,2026-05-21,1043226,0,3,740.8114624023438,524.4609985351562,631396.0,1943.0
v1_wide_extthesis_100_b15_tb,2026-05-22,1043878,0,3,743.7239990234375,537.0750122070312,631486.0,2033.0
v1_wide_extthesis_100_b15_tb,2026-05-26,1046361,0,3,748.6613159179688,569.8194580078125,631576.0,2123.0
v1_wide_extthesis_100_b15_tb,2026-05-27,1050839,0,3,748.5316162109375,563.7122802734375,631666.0,2213.0
v1_wide_extthesis_100_b15_tb,2026-05-28,1050707,0,3,752.6609497070312,569.19970703125,631756.0,2303.0
v1_wide_extthesis_100_b15_tb,2026-05-29,1051894,0,3,754.5361328125,568.8099365234375,631846.0,2393.0
v1_wide_extthesis_100_b15_tb,2026-06-01,1058753,0,3,756.5908203125,571.6585083007812,631937.0,2484.0
v1_wide_extthesis_100_b15_tb,2026-06-02,1070315,0,3,757.6182250976562,604.7328491210938,632028.0,2575.0
v1_wide_extthesis_100_b15_tb,2026-06-03,1068581,0,3,752.3018798828125,615.3877563476562,632119.0,2666.0
v1_wide_extthesis_100_b15_tb,2026-06-04,1067017,0,4,755.1445922851562,602.4338989257812,552060.0,2757.0
v1_wide_extthesis_100_b15_tb,2026-06-05,1051135,0,4,735.65478515625,539.5138549804688,472108.0,2837.0
v1_wide_extthesis_100_b15_tb,2026-06-08,1048430,0,4,737.3204345703125,571.1787719726562,472176.0,2905.0
v1_wide_extthesis_100_b15_tb,2026-06-09,1048597,0,3,735.1560668945312,561.8732299804688,623433.0,2973.0
v1_wide_extthesis_100_b15_tb,2026-06-10,1034052,0,2,723.56591796875,541.2529907226562,790934.0,3063.0
v1_wide_extthesis_100_b15_tb,2026-06-11,1036165,0,5,735.8642578125,586.6514282226562,325673.0,3177.0
v1_wide_extthesis_100_b15_tb,2026-06-12,1047232,0,5,739.843994140625,595.9669799804688,325720.0,3224.0
v1_wide_extthesis_100_b15_tb,2026-06-15,1067508,0,4,752.890380859375,628.4500122070312,496861.0,3271.0
v1_wide_extthesis_100_b15_tb,2026-06-16,1067828,0,4,748.4019775390625,591.239990234375,496933.0,3343.0
v1_wide_extthesis_100_b15_tb,2026-06-17,1066545,0,5,739.0560302734375,599.72998046875,416913.0,3416.0
v1_wide_extthesis_100_b15_tb,2026-06-18,1082688,0,5,746.739990234375,639.4500122070312,423202.0,3477.0
v1_wide_extthesis_100_b15_tb,2026-06-22,1068645,0,5,744.3900146484375,655.010009765625,342219.0,3539.0
v1_wide_extthesis_100_b15_tb,2026-06-23,1056340,0,5,733.5800170898438,603.3900146484375,414790.0,3589.0
v1_wide_extthesis_100_b15_tb,2026-06-24,1045964,0,5,733.239990234375,601.5,414851.0,3650.0
v1_wide_extthesis_100_b15_tb,2026-06-25,1036521,0,4,734.2999877929688,625.2000122070312,481510.0,3711.0
v1_wide_extthesis_100_b15_tb,2026-06-26,1029066,0,4,728.989990234375,589.9400024414062,481580.0,3781.0
v1_wide_extthesis_100_b15_tb,2026-06-29,1040294,0,4,741.0,614.3499755859375,481651.0,3852.0
v1_wide_extthesis_100_b15_tb,2026-06-30,1043499,0,5,746.77001953125,640.760009765625,403695.0,3923.0
v1_wide_extthesis_100_b15_tb,2026-07-01,1045073,0,5,745.760009765625,599.7000122070312,325487.0,3982.0
v1_wide_extthesis_100_b15_tb,2026-07-02,1051788,0,3,744.780029296875,566.3200073242188,588661.0,4030.0
v1_wide_extthesis_100_b15_tb,2026-07-06,1054666,0,3,751.280029296875,581.510009765625,588748.0,4117.0
v1_wide_extthesis_100_b15_tb,2026-07-07,1056105,0,3,747.7100219726562,551.6900024414062,588835.0,4204.0
v1_wide_extthesis_100_b15_tb,2026-07-08,1057229,0,3,745.4000244140625,562.030029296875,588922.0,4291.0
v1_wide_extthesis_100_b15_tb,2026-07-09,1055648,0,3,751.7100219726562,581.7000122070312,589008.0,4377.0
v1_wide_extthesis_100_b15_tb,2026-07-10,1061701,0,3,754.9500122070312,581.3400268554688,589095.0,4464.0
v1_wide_extthesis_100_b15_tb,2026-07-13,1056701,0,3,749.1699829101562,553.6099853515625,589183.0,4552.0
v1_wide_extthesis_100_b15_tb,2026-07-14,1063441,0,3,751.8300170898438,567.9199829101562,589270.0,4639.0
v1_wide_extthesis_100_b15_tb,2026-07-15,1074066,0,3,754.8099975585938,555.27001953125,589357.0,4726.0
v1_wide_extthesis_100_b15_tb,2026-07-16,1065420,0,3,750.719970703125,530.5,589444.0,4813.0
v1_wide_extthesis_100_b15_tb,2026-07-17,1055692,0,3,743.2899780273438,521.8099975585938,589531.0,4900.0
v1_wide_extthesis_100_b15_tb,2026-07-20,1061908,0,3,742.0900268554688,524.1400146484375,589618.0,4987.0
v1_wide_extthesis_100_b15_tb,2026-07-21,1060906,0,3,748.280029296875,552.6900024414062,589706.0,5075.0
v1_wide_extthesis_100_b15_tb,2026-07-22,1059687,0,3,747.4099731445312,555.52001953125,589794.0,5163.0
v1_wide_extthesis_100_b15_tb,2026-07-23,1043423,0,3,738.1799926757812,551.239990234375,589883.0,5252.0
v1_wide_extthesis_100_b15_tb,2026-07-24,1042435,0,3,738.9299926757812,527.010009765625,589972.0,5341.0
v1_wide_extthesis_100_b15_tb,2026-07-27,1041012,0,3,739.0900268554688,516.22998046875,590061.0,5430.0
v1_wide_extthesis_100_b15_tb,2026-07-28,1045852,0,3,740.8599853515625,491.4599914550781,590149.0,5518.0
v1_wide_extthesis_100_b15_tb,2026-07-29,1040860,0,3,729.4600219726562,465.0,590236.0,5605.0
v1_wide_extthesis_100_b15_tb,2026-07-30,1068802,0,3,741.6900024414062,504.5299987792969,590322.0,5691.0
v1_wide_extthesis_100_b15_tb,2026-07-31,1088804,0,4,747.030029296875,504.8900146484375,510241.0,5777.0
v1_wide_extthesis_100_b15_tb,2026-08-03,1117068,0,6,757.6699829101562,507.67999267578125,346985.0,5853.0
v1_wide_extthesis_100_b15_tb,2026-08-04,1139031,0,7,771.3300170898438,542.2100219726562,263252.0,5904.0
v1_wide_extthesis_100_b15_tb,2026-08-05,1127684,0,7,769.7899780273438,530.7000122070312,263291.0,5943.0
v1_wide_extthesis_100_b15_tb,2026-08-06,1133785,0,6,768.5599975585938,532.52001953125,429146.0,5982.0
v1_wide_extthesis_100_b15_tb,2026-08-07,1149484,0,8,773.260009765625,543.27001953125,174092.0,6045.0
v1_wide_extthesis_100_b15_tb,2026-08-10,1135787,0,8,773.030029296875,529.3900146484375,87905.0,6071.0
v1_wide_extthesis_100_b15_tb,2026-08-11,1141934,0,9,770.5599975585938,534.2000122070312,2733.0,6084.0
v1_wide_extthesis_100_b15_tb,2026-08-12,1194268,0,9,772.489990234375,546.6099853515625,2733.0,6084.0
v1_wide_extthesis_100_b15_tb,2026-08-13,1204245,0,9,777.8800048828125,550.739990234375,2733.0,6084.0
v1_wide_extthesis_100_b15_tb,2026-08-14,1221920,0,9,776.3400268554688,550.4199829101562,2733.0,6084.0
v1_wide_extthesis_100_b15_tb,2026-08-17,1228099,0,9,772.6699829101562,559.1199951171875,2733.0,6084.0
v1_wide_extthesis_100_b15_tb,2026-08-18,1179466,0,9,767.4500122070312,531.3900146484375,2733.0,6084.0
v1_wide_extthesis_100_b15_tb,2026-08-19,1145459,0,9,769.0599975585938,519.6699829101562,2733.0,6084.0
v1_wide_extthesis_100_b15_tb,2026-08-20,1179288,0,9,762.5999755859375,522.3499755859375,2733.0,6084.0
v1_wide_extthesis_100_b15_tb,2026-08-21,1185715,0,8,765.719970703125,520.0499877929688,100054.0,6084.0
v1_wide_extthesis_100_b15_tb,2026-08-24,1166392,0,8,763.469970703125,506.17999267578125,11139.0,6099.0
v1_wide_extthesis_100_b15_tb,2026-08-25,1187119,0,8,765.9099731445312,514.0599975585938,11141.0,6101.0
v1_wide_extthesis_100_b15_tb,2026-08-26,1189714,0,8,766.0800170898438,515.4000244140625,11143.0,6103.0
v1_wide_extthesis_100_b15_tb,2026-08-27,1200465,0,8,771.0999755859375,525.4299926757812,11145.0,6105.0
v1_wide_extthesis_100_b15_tb,2026-08-28,1178385,0,8,769.3499755859375,508.6199951171875,11147.0,6107.0
v1_wide_extthesis_100_b15_tb,2026-08-31,1171081,0,8,767.0499877929688,511.0400085449219,11149.0,6109.0
v1_wide_extthesis_100_b15_tb,2026-09-01,1160277,0,8,761.780029296875,500.30999755859375,11151.0,6111.0
v1_wide_extthesis_100_b15_tb,2026-09-02,1155120,0,8,765.1599731445312,501.44000244140625,11153.0,6113.0
v1_wide_extthesis_100_b15_tb,2026-09-03,1167130,0,8,773.1699829101562,502.20001220703125,11155.0,6115.0
v1_wide_extthesis_100_b15_tb,2026-09-04,1193959,0,8,770.1900024414062,519.8599853515625,11157.0,6117.0
v1_wide_extthesis_100_b15_tb,2026-09-08,1242686,0,6,765.9600219726562,528.4000244140625,219895.0,6119.0
v1_wide_extthesis_100_b15_tb,2026-09-09,1244592,0,7,762.4000244140625,532.0,126724.0,6152.0
v1_wide_extthesis_100_b15_tb,2026-09-10,1237329,0,7,757.8300170898438,517.4299926757812,126743.0,6171.0
v1_wide_extthesis_100_b15_tb,2026-09-11,1254459,0,7,764.2899780273438,527.0700073242188,33961.0,6190.0
v1_wide_extthesis_100_b15_tb,2026-09-14,1174633,0,5,760.8800048828125,497.3999938964844,375574.0,6195.0
v1_wide_extthesis_100_b15_tb,2026-09-15,1167009,0,4,757.3900146484375,498.8500061035156,580868.0,6254.0
v1_wide_extthesis_100_b15_tb,2026-09-16,1173657,0,5,754.0499877929688,502.05999755859375,493427.0,6346.0
v1_wide_extthesis_100_b15_tb,2026-09-17,1176831,0,7,762.5999755859375,519.0999755859375,53130.0,6424.0
v1_wide_extthesis_100_b15_tb,2026-09-18,1205475,0,5,761.6900024414062,533.0700073242188,586265.0,6432.0
v1_wide_extthesis_100_b15_tb,2026-09-21,1226000,0,5,773.5,559.3400268554688,459955.0,6525.0
v1_wide_extthesis_100_b15_tb,2026-09-22,1228048,0,6,773.3800048828125,572.780029296875,276117.0,6598.0
v1_wide_extthesis_100_b15_tb,2026-09-23,1212996,0,6,767.8099975585938,565.719970703125,276161.0,6642.0
v1_wide_extthesis_100_b15_tb,2026-09-24,1206470,0,7,767.1799926757812,566.0700073242188,185227.0,6686.0
v1_wide_extthesis_100_lev,2026-04-20,1000000,900000,1,706.8988037109375,417.351806640625,,
v1_wide_extthesis_100_lev,2026-04-21,1000502,900000,1,702.2708129882812,420.5003356933594,,
v1_wide_extthesis_100_lev,2026-04-22,1005789,900000,1,709.3825073242188,431.5650634765625,,
v1_wide_extthesis_100_lev,2026-04-23,1002762,698843,4,706.6295776367188,440.7906799316406,,
v1_wide_extthesis_100_lev,2026-04-24,1009831,697492,3,712.10546875,461.38092041015625,,
v1_wide_extthesis_100_lev,2026-04-27,1008067,647000,4,713.332275390625,455.19384765625,,
v1_wide_extthesis_100_lev,2026-04-28,1001695,647000,4,709.8612060546875,438.50177001953125,,
v1_wide_extthesis_100_lev,2026-04-29,1002163,647000,4,709.7515258789062,449.7763977050781,,
v1_wide_extthesis_100_lev,2026-04-30,1009389,647000,4,716.8132934570312,461.2209777832031,,
v1_wide_extthesis_100_lev,2026-05-01,1009874,647000,4,718.7982177734375,465.5289306640625,,
v1_wide_extthesis_100_lev,2026-05-04,1008161,596506,5,716.1649780273438,461.8406982421875,,
v1_wide_extthesis_100_lev,2026-05-05,1008201,645647,4,721.9102172851562,482.5008850097656,,
v1_wide_extthesis_100_lev,2026-05-06,1023532,645647,4,731.9443359375,506.6294250488281,,
v1_wide_extthesis_100_lev,2026-05-07,1020722,753470,3,729.7001342773438,492.12628173828125,,
v1_wide_extthesis_100_lev,2026-05-08,1019649,753470,3,735.724609375,520.0530395507812,,
v1_wide_extthesis_100_lev,2026-05-11,1020784,753470,3,737.4002685546875,532.5071411132812,,
v1_wide_extthesis_100_lev,2026-05-12,1018876,753470,3,736.2831420898438,515.7450561523438,,
v1_wide_extthesis_100_lev,2026-05-13,1021933,753470,3,740.4025268554688,528.0392456054688,,
v1_wide_extthesis_100_lev,2026-05-14,1027312,753470,3,746.2474975585938,529.7784423828125,,
v1_wide_extthesis_100_lev,2026-05-15,1023215,753470,3,737.2706298828125,508.27862548828125,,
v1_wide_extthesis_100_lev,2026-05-18,1021566,753470,3,736.751953125,495.6346435546875,,
v1_wide_extthesis_100_lev,2026-05-19,1024106,753470,3,731.8446044921875,496.50421142578125,,
v1_wide_extthesis_100_lev,2026-05-20,1024428,753470,3,739.3452758789062,520.0630493164062,,
v1_wide_extthesis_100_lev,2026-05-21,1027472,753470,3,740.8114624023438,524.4609985351562,,
v1_wide_extthesis_100_lev,2026-05-22,1027843,753470,3,743.7239990234375,537.0750122070312,,
v1_wide_extthesis_100_lev,2026-05-26,1029440,753470,3,748.6613159179688,569.8194580078125,,
v1_wide_extthesis_100_lev,2026-05-27,1032365,753470,3,748.5316162109375,563.7122802734375,,
v1_wide_extthesis_100_lev,2026-05-28,1032220,753470,3,752.6609497070312,569.19970703125,,
v1_wide_extthesis_100_lev,2026-05-29,1032944,753470,3,754.5361328125,568.8099365234375,,
v1_wide_extthesis_100_lev,2026-06-01,1037458,753470,3,756.5908203125,571.6585083007812,,
v1_wide_extthesis_100_lev,2026-06-02,1045088,753470,3,757.6182250976562,604.7328491210938,,
v1_wide_extthesis_100_lev,2026-06-03,1043865,753470,3,752.3018798828125,615.3877563476562,,
v1_wide_extthesis_100_lev,2026-06-04,1042775,701277,4,755.1445922851562,602.4338989257812,,
v1_wide_extthesis_100_lev,2026-06-05,1032174,649138,4,735.65478515625,539.5138549804688,,
v1_wide_extthesis_100_lev,2026-06-08,1030366,649138,4,737.3204345703125,571.1787719726562,,
v1_wide_extthesis_100_lev,2026-06-09,1030494,747613,3,735.1560668945312,561.8732299804688,,
v1_wide_extthesis_100_lev,2026-06-10,1020752,859220,2,723.56591796875,541.2529907226562,,
v1_wide_extthesis_100_lev,2026-06-11,1022084,552995,5,735.8642578125,586.6514282226562,,
v1_wide_extthesis_100_lev,2026-06-12,1029354,552995,5,739.843994140625,595.9669799804688,,
v1_wide_extthesis_100_lev,2026-06-15,1042677,665578,4,752.890380859375,628.4500122070312,,
v1_wide_extthesis_100_lev,2026-06-16,1042853,665578,4,748.4019775390625,591.239990234375,,
v1_wide_extthesis_100_lev,2026-06-17,1041991,613435,5,739.0560302734375,599.72998046875,,
v1_wide_extthesis_100_lev,2026-06-18,1052549,617469,5,746.739990234375,639.4500122070312,,
v1_wide_extthesis_100_lev,2026-06-22,1043292,564913,5,744.3900146484375,655.010009765625,,
v1_wide_extthesis_100_lev,2026-06-23,1035202,611886,5,733.5800170898438,603.3900146484375,,
v1_wide_extthesis_100_lev,2026-06-24,1028376,611886,5,733.239990234375,601.5,,
v1_wide_extthesis_100_lev,2026-06-25,1022153,655293,4,734.2999877929688,625.2000122070312,,
v1_wide_extthesis_100_lev,2026-06-26,1017188,655293,4,728.989990234375,589.9400024414062,,
v1_wide_extthesis_100_lev,2026-06-29,1024544,655293,4,741.0,614.3499755859375,,
v1_wide_extthesis_100_lev,2026-06-30,1026597,604066,5,746.77001953125,640.760009765625,,
v1_wide_extthesis_100_lev,2026-07-01,1027586,552736,5,745.760009765625,599.7000122070312,,
v1_wide_extthesis_100_lev,2026-07-02,1032011,727560,3,744.780029296875,566.3200073242188,,
v1_wide_extthesis_100_lev,2026-07-06,1033850,727560,3,751.280029296875,581.510009765625,,
v1_wide_extthesis_100_lev,2026-07-07,1034739,727560,3,747.7100219726562,551.6900024414062,,
v1_wide_extthesis_100_lev,2026-07-08,1035426,727560,3,745.4000244140625,562.030029296875,,
v1_wide_extthesis_100_lev,2026-07-09,1034327,727560,3,751.7100219726562,581.7000122070312,,
v1_wide_extthesis_100_lev,2026-07-10,1038252,727560,3,754.9500122070312,581.3400268554688,,
v1_wide_extthesis_100_lev,2026-07-13,1034900,727560,3,749.1699829101562,553.6099853515625,,
v1_wide_extthesis_100_lev,2026-07-14,1039282,727560,3,751.8300170898438,567.9199829101562,,
v1_wide_extthesis_100_lev,2026-07-15,1046209,727560,3,754.8099975585938,555.27001953125,,
v1_wide_extthesis_100_lev,2026-07-16,1040458,727560,3,750.719970703125,530.5,,
v1_wide_extthesis_100_lev,2026-07-17,1034005,727560,3,743.2899780273438,521.8099975585938,,
v1_wide_extthesis_100_lev,2026-07-20,1038032,727560,3,742.0900268554688,524.1400146484375,,
v1_wide_extthesis_100_lev,2026-07-21,1037317,727560,3,748.280029296875,552.6900024414062,,
v1_wide_extthesis_100_lev,2026-07-22,1036463,727560,3,747.4099731445312,555.52001953125,,
v1_wide_extthesis_100_lev,2026-07-23,1025709,727560,3,738.1799926757812,551.239990234375,,
v1_wide_extthesis_100_lev,2026-07-24,1025000,727560,3,738.9299926757812,527.010009765625,,
v1_wide_extthesis_100_lev,2026-07-27,1024000,727560,3,739.0900268554688,516.22998046875,,
v1_wide_extthesis_100_lev,2026-07-28,1027123,727560,3,740.8599853515625,491.4599914550781,,
v1_wide_extthesis_100_lev,2026-07-29,1023783,727560,3,729.4600219726562,465.0,,
v1_wide_extthesis_100_lev,2026-07-30,1042068,727560,3,741.6900024414062,504.5299987792969,,
v1_wide_extthesis_100_lev,2026-07-31,1055163,675457,4,747.030029296875,504.8900146484375,,
v1_wide_extthesis_100_lev,2026-08-03,1073634,569941,6,757.6699829101562,507.67999267578125,,
v1_wide_extthesis_100_lev,2026-08-04,1087904,516259,7,771.3300170898438,542.2100219726562,,
v1_wide_extthesis_100_lev,2026-08-05,1080515,516259,7,769.7899780273438,530.7000122070312,,
v1_wide_extthesis_100_lev,2026-08-06,1084468,625369,6,768.5599975585938,532.52001953125,,
v1_wide_extthesis_100_lev,2026-08-07,1094523,462700,8,773.260009765625,543.27001953125,,
v1_wide_extthesis_100_lev,2026-08-10,1085714,407974,8,773.030029296875,529.3900146484375,,
v1_wide_extthesis_100_lev,2026-08-11,1089563,353688,9,770.5599975585938,534.2000122070312,,
v1_wide_extthesis_100_lev,2026-08-12,1123065,353688,9,772.489990234375,546.6099853515625,,
v1_wide_extthesis_100_lev,2026-08-13,1129379,241382,10,777.8800048828125,550.739990234375,,
v1_wide_extthesis_100_lev,2026-08-14,1141881,241382,10,776.3400268554688,550.4199829101562,,
v1_wide_extthesis_100_lev,2026-08-17,1149329,241382,10,772.6699829101562,559.1199951171875,,
v1_wide_extthesis_100_lev,2026-08-18,1111440,296170,9,767.4500122070312,531.3900146484375,,
v1_wide_extthesis_100_lev,2026-08-19,1089479,296170,9,769.0599975585938,519.6699829101562,,
v1_wide_extthesis_100_lev,2026-08-20,1113245,296170,9,762.5999755859375,522.3499755859375,,
v1_wide_extthesis_100_lev,2026-08-21,1116933,359422,8,765.719970703125,520.0499877929688,,
v1_wide_extthesis_100_lev,2026-08-24,1101288,247797,9,763.469970703125,506.17999267578125,,
v1_wide_extthesis_100_lev,2026-08-25,1116530,247797,9,765.9099731445312,514.0599975585938,,
v1_wide_extthesis_100_lev,2026-08-26,1118893,247797,9,766.0800170898438,515.4000244140625,,
v1_wide_extthesis_100_lev,2026-08-27,1127561,191852,9,771.0999755859375,525.4299926757812,,
v1_wide_extthesis_100_lev,2026-08-28,1113245,135474,10,769.3499755859375,508.6199951171875,,
v1_wide_extthesis_100_lev,2026-08-31,1108525,135474,10,767.0499877929688,511.0400085449219,,
v1_wide_extthesis_100_lev,2026-09-01,1097530,135474,10,761.780029296875,500.30999755859375,,
v1_wide_extthesis_100_lev,2026-09-02,1097443,135474,10,765.1599731445312,501.44000244140625,,
v1_wide_extthesis_100_lev,2026-09-03,1105358,135474,10,773.1699829101562,502.20001220703125,,
v1_wide_extthesis_100_lev,2026-09-04,1132700,135474,10,770.1900024414062,519.8599853515625,,
v1_wide_extthesis_100_lev,2026-09-08,1164613,327664,8,765.9600219726562,528.4000244140625,,
v1_wide_extthesis_100_lev,2026-09-09,1161792,269433,8,762.4000244140625,532.0,,
v1_wide_extthesis_100_lev,2026-09-10,1156148,269433,8,757.8300170898438,517.4299926757812,,
v1_wide_extthesis_100_lev,2026-09-11,1175775,269433,8,764.2899780273438,527.0700073242188,,
v1_wide_extthesis_100_lev,2026-09-14,1115314,491276,6,760.8800048828125,497.3999938964844,,
v1_wide_extthesis_100_lev,2026-09-15,1110469,625948,5,757.3900146484375,498.8500061035156,,
v1_wide_extthesis_100_lev,2026-09-16,1115840,570425,6,754.0499877929688,502.05999755859375,,
v1_wide_extthesis_100_lev,2026-09-17,1116042,291370,8,762.5999755859375,519.0999755859375,,
v1_wide_extthesis_100_lev,2026-09-18,1137196,440233,7,761.6900024414062,533.0700073242188,,
v1_wide_extthesis_100_lev,2026-09-21,1159692,440834,7,773.5,559.3400268554688,,
v1_wide_extthesis_100_lev,2026-09-22,1166167,440919,7,773.3800048828125,572.780029296875,,
v1_wide_extthesis_100_lev,2026-09-23,1153195,440919,7,767.8099975585938,565.719970703125,,
v1_wide_extthesis_100_lev,2026-09-24,1143872,383259,8,767.1799926757812,566.0700073242188,,
v1_wide_thesis_100,2026-04-20,1000000,900000,1,706.8988037109375,417.351806640625,,
v1_wide_thesis_100,2026-04-21,1000502,900000,1,702.2708129882812,420.5003356933594,,
v1_wide_thesis_100,2026-04-22,1005789,900000,1,709.3825073242188,431.5650634765625,,
v1_wide_thesis_100,2026-04-23,1002762,698843,4,706.6295776367188,440.7906799316406,,
v1_wide_thesis_100,2026-04-24,1009831,697492,3,712.10546875,461.38092041015625,,
v1_wide_thesis_100,2026-04-27,1008067,647000,4,713.332275390625,455.19384765625,,
v1_wide_thesis_100,2026-04-28,1001695,647000,4,709.8612060546875,438.50177001953125,,
v1_wide_thesis_100,2026-04-29,1002163,647000,4,709.7515258789062,449.7763977050781,,
v1_wide_thesis_100,2026-04-30,1009389,647000,4,716.8132934570312,461.2209777832031,,
v1_wide_thesis_100,2026-05-01,1009874,647000,4,718.7982177734375,465.5289306640625,,
v1_wide_thesis_100,2026-05-04,1008161,596506,5,716.1649780273438,461.8406982421875,,
v1_wide_thesis_100,2026-05-05,1008201,596506,5,721.9102172851562,482.5008850097656,,
v1_wide_thesis_100,2026-05-06,1024048,596506,5,731.9443359375,506.6294250488281,,
v1_wide_thesis_100,2026-05-07,1019038,596506,5,729.7001342773438,492.12628173828125,,
v1_wide_thesis_100,2026-05-08,1024093,596506,5,735.724609375,520.0530395507812,,
v1_wide_thesis_100,2026-05-11,1024977,596506,5,737.4002685546875,532.5071411132812,,
v1_wide_thesis_100,2026-05-12,1019561,596506,5,736.2831420898438,515.7450561523438,,
v1_wide_thesis_100,2026-05-13,1023574,642814,4,740.4025268554688,528.0392456054688,,
v1_wide_thesis_100,2026-05-14,1029161,642814,4,746.2474975585938,529.7784423828125,,
v1_wide_thesis_100,2026-05-15,1019192,642814,4,737.2706298828125,508.27862548828125,,
v1_wide_thesis_100,2026-05-18,1015455,642814,4,736.751953125,495.6346435546875,,
v1_wide_thesis_100,2026-05-19,1017075,642814,4,731.8446044921875,496.50421142578125,,
v1_wide_thesis_100,2026-05-20,1023836,642814,4,739.3452758789062,520.0630493164062,,
v1_wide_thesis_100,2026-05-21,1029853,642814,4,740.8114624023438,524.4609985351562,,
v1_wide_thesis_100,2026-05-22,1033128,642814,4,743.7239990234375,537.0750122070312,,
v1_wide_thesis_100,2026-05-26,1034664,642814,4,748.6613159179688,569.8194580078125,,
v1_wide_thesis_100,2026-05-27,1035163,642814,4,748.5316162109375,563.7122802734375,,
v1_wide_thesis_100,2026-05-28,1035579,642814,4,752.6609497070312,569.19970703125,,
v1_wide_thesis_100,2026-05-29,1036799,642814,4,754.5361328125,568.8099365234375,,
v1_wide_thesis_100,2026-06-01,1042436,642814,4,756.5908203125,571.6585083007812,,
v1_wide_thesis_100,2026-06-02,1055519,642814,4,757.6182250976562,604.7328491210938,,
v1_wide_thesis_100,2026-06-03,1055786,642814,4,752.3018798828125,615.3877563476562,,
v1_wide_thesis_100,2026-06-04,1056904,590025,5,755.1445922851562,602.4338989257812,,
v1_wide_thesis_100,2026-06-05,1038069,537180,5,735.65478515625,539.5138549804688,,
v1_wide_thesis_100,2026-06-08,1043865,537180,5,737.3204345703125,571.1787719726562,,
v1_wide_thesis_100,2026-06-09,1045994,636885,4,735.1560668945312,561.8732299804688,,
v1_wide_thesis_100,2026-06-10,1033157,748492,3,723.56591796875,541.2529907226562,,
v1_wide_thesis_100,2026-06-11,1046223,438544,6,735.8642578125,586.6514282226562,,
v1_wide_thesis_100,2026-06-12,1051006,438544,6,739.843994140625,595.9669799804688,,
v1_wide_thesis_100,2026-06-15,1066542,552495,5,752.890380859375,628.4500122070312,,
v1_wide_thesis_100,2026-06-16,1060397,552495,5,748.4019775390625,591.239990234375,,
v1_wide_thesis_100,2026-06-17,1064028,499475,6,739.0560302734375,599.72998046875,,
v1_wide_thesis_100,2026-06-18,1079100,503352,6,746.739990234375,639.4500122070312,,
v1_wide_thesis_100,2026-06-22,1069680,449468,6,744.3900146484375,655.010009765625,,
v1_wide_thesis_100,2026-06-23,1050749,497427,6,733.5800170898438,603.3900146484375,,
v1_wide_thesis_100,2026-06-24,1042669,497427,6,733.239990234375,601.5,,
v1_wide_thesis_100,2026-06-25,1041896,541932,5,734.2999877929688,625.2000122070312,,
v1_wide_thesis_100,2026-06-26,1033580,541932,5,728.989990234375,589.9400024414062,,
v1_wide_thesis_100,2026-06-29,1047292,541932,5,741.0,614.3499755859375,,
v1_wide_thesis_100,2026-06-30,1056931,489567,6,746.77001953125,640.760009765625,,
v1_wide_thesis_100,2026-07-01,1047556,436720,6,745.760009765625,599.7000122070312,,
v1_wide_thesis_100,2026-07-02,1046769,611544,4,744.780029296875,566.3200073242188,,
v1_wide_thesis_100,2026-07-06,1052574,611544,4,751.280029296875,581.510009765625,,
v1_wide_thesis_100,2026-07-07,1047958,611544,4,747.7100219726562,551.6900024414062,,
v1_wide_thesis_100,2026-07-08,1050150,611544,4,745.4000244140625,562.030029296875,,
v1_wide_thesis_100,2026-07-09,1051570,611544,4,751.7100219726562,581.7000122070312,,
v1_wide_thesis_100,2026-07-10,1055053,611544,4,754.9500122070312,581.3400268554688,,
v1_wide_thesis_100,2026-07-13,1046621,611544,4,749.1699829101562,553.6099853515625,,
v1_wide_thesis_100,2026-07-14,1054555,611544,4,751.8300170898438,567.9199829101562,,
v1_wide_thesis_100,2026-07-15,1064587,740601,3,754.8099975585938,555.27001953125,,
v1_wide_thesis_100,2026-07-16,1058787,740601,3,750.719970703125,530.5,,
v1_wide_thesis_100,2026-07-17,1052228,740601,3,743.2899780273438,521.8099975585938,,
v1_wide_thesis_100,2026-07-20,1056335,740601,3,742.0900268554688,524.1400146484375,,
v1_wide_thesis_100,2026-07-21,1055595,740601,3,748.280029296875,552.6900024414062,,
v1_wide_thesis_100,2026-07-22,1054703,740601,3,747.4099731445312,555.52001953125,,
v1_wide_thesis_100,2026-07-23,1043786,740601,3,738.1799926757812,551.239990234375,,
v1_wide_thesis_100,2026-07-24,1043069,740601,3,738.9299926757812,527.010009765625,,
v1_wide_thesis_100,2026-07-27,1042084,740601,3,739.0900268554688,516.22998046875,,
v1_wide_thesis_100,2026-07-28,1045261,740601,3,740.8599853515625,491.4599914550781,,
v1_wide_thesis_100,2026-07-29,1041870,740601,3,729.4600219726562,465.0,,
v1_wide_thesis_100,2026-07-30,1060601,740601,3,741.6900024414062,504.5299987792969,,
v1_wide_thesis_100,2026-07-31,1073906,687571,4,747.030029296875,504.8900146484375,,
v1_wide_thesis_100,2026-08-03,1092713,580181,6,757.6699829101562,507.67999267578125,,
v1_wide_thesis_100,2026-08-04,1107229,525545,7,771.3300170898438,542.2100219726562,,
v1_wide_thesis_100,2026-08-05,1099700,525545,7,769.7899780273438,530.7000122070312,,
v1_wide_thesis_100,2026-08-06,1103633,525545,7,768.5599975585938,532.52001953125,,
v1_wide_thesis_100,2026-08-07,1116377,359999,9,773.260009765625,543.27001953125,,
v1_wide_thesis_100,2026-08-10,1104190,304180,9,773.030029296875,529.3900146484375,,
v1_wide_thesis_100,2026-08-11,1108099,248970,10,770.5599975585938,534.2000122070312,,
v1_wide_thesis_100,2026-08-12,1145493,248970,10,772.489990234375,546.6099853515625,,
v1_wide_thesis_100,2026-08-13,1152543,134420,11,777.8800048828125,550.739990234375,,
v1_wide_thesis_100,2026-08-14,1165203,134420,11,776.3400268554688,550.4199829101562,,
v1_wide_thesis_100,2026-08-17,1172684,134420,11,772.6699829101562,559.1199951171875,,
v1_wide_thesis_100,2026-08-18,1131460,134420,11,767.4500122070312,531.3900146484375,,
v1_wide_thesis_100,2026-08-19,1106416,134420,11,769.0599975585938,519.6699829101562,,
v1_wide_thesis_100,2026-08-20,1130227,134420,11,762.5999755859375,522.3499755859375,,
v1_wide_thesis_100,2026-08-21,1133326,134420,11,765.719970703125,520.0499877929688,,
v1_wide_thesis_100,2026-08-24,1110804,21157,12,763.469970703125,506.17999267578125,,
v1_wide_thesis_100,2026-08-25,1132868,21157,12,765.9099731445312,514.0599975585938,,
v1_wide_thesis_100,2026-08-26,1137601,21157,12,766.0800170898438,515.4000244140625,,
v1_wide_thesis_100,2026-08-27,1156612,0,12,771.0999755859375,525.4299926757812,,
v1_wide_thesis_100,2026-08-28,1131677,0,12,769.3499755859375,508.6199951171875,,
v1_wide_thesis_100,2026-08-31,1129423,0,12,767.0499877929688,511.0400085449219,,
v1_wide_thesis_100,2026-09-01,1114055,0,12,761.780029296875,500.30999755859375,,
v1_wide_thesis_100,2026-09-02,1116414,0,12,765.1599731445312,501.44000244140625,,
v1_wide_thesis_100,2026-09-03,1124385,0,12,773.1699829101562,502.20001220703125,,
v1_wide_thesis_100,2026-09-04,1152956,0,12,770.1900024414062,519.8599853515625,,
v1_wide_thesis_100,2026-09-08,1191279,0,12,765.9600219726562,528.4000244140625,,
v1_wide_thesis_100,2026-09-09,1190124,0,12,762.4000244140625,532.0,,
v1_wide_thesis_100,2026-09-10,1166696,0,12,757.8300170898438,517.4299926757812,,
v1_wide_thesis_100,2026-09-11,1184466,0,12,764.2899780273438,527.0700073242188,,
v1_wide_thesis_100,2026-09-14,1114570,0,12,760.8800048828125,497.3999938964844,,
v1_wide_thesis_100,2026-09-15,1113540,0,12,757.3900146484375,498.8500061035156,,
v1_wide_thesis_100,2026-09-16,1130074,0,12,754.0499877929688,502.05999755859375,,
v1_wide_thesis_100,2026-09-17,1148130,0,12,762.5999755859375,519.0999755859375,,
v1_wide_thesis_100,2026-09-18,1168600,0,12,761.6900024414062,533.0700073242188,,
v1_wide_thesis_100,2026-09-21,1199721,0,12,773.5,559.3400268554688,,
v1_wide_thesis_100,2026-09-22,1206704,0,12,773.3800048828125,572.780029296875,,
v1_wide_thesis_100,2026-09-23,1192227,0,12,767.8099975585938,565.719970703125,,
v1_wide_thesis_100,2026-09-24,1179217,0,12,767.1799926757812,566.0700073242188,,
v2_starter_b15,2026-04-20,1000000,850000,1,706.8988037109375,417.351806640625,,
v2_starter_b15,2026-04-21,1000754,850000,1,702.2708129882812,420.5003356933594,,
v2_starter_b15,2026-04-22,1008683,850000,1,709.3825073242188,431.5650634765625,,
v2_starter_b15,2026-04-23,1004136,547396,4,706.6295776367188,440.7906799316406,,
v2_starter_b15,2026-04-24,1015544,620753,3,712.10546875,461.38092041015625,,
v2_starter_b15,2026-04-27,1012988,544587,4,713.332275390625,455.19384765625,,
v2_starter_b15,2026-04-28,1003290,544587,4,709.8612060546875,438.50177001953125,,
v2_starter_b15,2026-04-29,1004359,544587,4,709.7515258789062,449.7763977050781,,
v2_starter_b15,2026-04-30,1012939,544587,4,716.8132934570312,461.2209777832031,,
v2_starter_b15,2026-05-01,1013216,544587,4,718.7982177734375,465.5289306640625,,
v2_starter_b15,2026-05-04,1010500,506591,5,716.1649780273438,461.8406982421875,,
v2_starter_b15,2026-05-05,1011899,543569,4,721.9102172851562,482.5008850097656,,
v2_starter_b15,2026-05-06,1034370,543569,4,731.9443359375,506.6294250488281,,
v2_starter_b15,2026-05-07,1029747,705768,3,729.7001342773438,492.12628173828125,,
v2_starter_b15,2026-05-08,1028464,705768,3,735.724609375,520.0530395507812,,
v2_starter_b15,2026-05-11,1028910,705768,3,737.4002685546875,532.5071411132812,,
v2_starter_b15,2026-05-12,1025665,705768,3,736.2831420898438,515.7450561523438,,
v2_starter_b15,2026-05-13,1029372,705768,3,740.4025268554688,528.0392456054688,,
v2_starter_b15,2026-05-14,1037168,705768,3,746.2474975585938,529.7784423828125,,
v2_starter_b15,2026-05-15,1031188,705768,3,737.2706298828125,508.27862548828125,,
v2_starter_b15,2026-05-18,1028276,705768,3,736.751953125,495.6346435546875,,
v2_starter_b15,2026-05-19,1030273,705768,3,731.8446044921875,496.50421142578125,,
v2_starter_b15,2026-05-20,1031910,705768,3,739.3452758789062,520.0630493164062,,
v2_starter_b15,2026-05-21,1035616,705768,3,740.8114624023438,524.4609985351562,,
v2_starter_b15,2026-05-22,1035709,705768,3,743.7239990234375,537.0750122070312,,
v2_starter_b15,2026-05-26,1038217,705768,3,748.6613159179688,569.8194580078125,,
v2_starter_b15,2026-05-27,1042563,705768,3,748.5316162109375,563.7122802734375,,
v2_starter_b15,2026-05-28,1042505,705768,3,752.6609497070312,569.19970703125,,
v2_starter_b15,2026-05-29,1042235,705768,3,754.5361328125,568.8099365234375,,
v2_starter_b15,2026-06-01,1049094,705768,3,756.5908203125,571.6585083007812,,
v2_starter_b15,2026-06-02,1058230,705768,3,757.6182250976562,604.7328491210938,,
v2_starter_b15,2026-06-03,1056001,705768,3,752.3018798828125,615.3877563476562,,
v2_starter_b15,2026-06-04,1055764,626568,4,755.1445922851562,602.4338989257812,,
v2_starter_b15,2026-06-05,1040569,626568,4,735.65478515625,539.5138549804688,,
v2_starter_b15,2026-06-08,1040469,626568,4,737.3204345703125,571.1787719726562,,
v2_starter_b15,2026-06-09,1041550,700315,3,735.1560668945312,561.8732299804688,,
v2_starter_b15,2026-06-10,1029367,867726,2,723.56591796875,541.2529907226562,,
v2_starter_b15,2026-06-11,1030398,404511,5,735.8642578125,586.6514282226562,,
v2_starter_b15,2026-06-12,1040276,404511,5,739.843994140625,595.9669799804688,,
v2_starter_b15,2026-06-15,1059903,574811,4,752.890380859375,628.4500122070312,,
v2_starter_b15,2026-06-16,1059915,574811,4,748.4019775390625,591.239990234375,,
v2_starter_b15,2026-06-17,1056890,535064,5,739.0560302734375,599.72998046875,,
v2_starter_b15,2026-06-18,1068930,538220,5,746.739990234375,639.4500122070312,,
v2_starter_b15,2026-06-22,1056821,538220,5,744.3900146484375,655.010009765625,,
v2_starter_b15,2026-06-23,1048139,535143,5,733.5800170898438,603.3900146484375,,
v2_starter_b15,2026-06-24,1042026,535143,5,733.239990234375,601.5,,
v2_starter_b15,2026-06-25,1035422,568182,4,734.2999877929688,625.2000122070312,,
v2_starter_b15,2026-06-26,1028723,568182,4,728.989990234375,589.9400024414062,,
v2_starter_b15,2026-06-29,1038898,568182,4,741.0,614.3499755859375,,
v2_starter_b15,2026-06-30,1042678,490265,5,746.77001953125,640.760009765625,,
v2_starter_b15,2026-07-01,1044431,490265,5,745.760009765625,599.7000122070312,,
v2_starter_b15,2026-07-02,1047701,665474,3,744.780029296875,566.3200073242188,,
v2_starter_b15,2026-07-06,1051235,665474,3,751.280029296875,581.510009765625,,
v2_starter_b15,2026-07-07,1052158,665474,3,747.7100219726562,551.6900024414062,,
v2_starter_b15,2026-07-08,1054299,665474,3,745.4000244140625,562.030029296875,,
v2_starter_b15,2026-07-09,1052434,665474,3,751.7100219726562,581.7000122070312,,
v2_starter_b15,2026-07-10,1058223,665474,3,754.9500122070312,581.3400268554688,,
v2_starter_b15,2026-07-13,1051971,665474,3,749.1699829101562,553.6099853515625,,
v2_starter_b15,2026-07-14,1059816,665474,3,751.8300170898438,567.9199829101562,,
v2_starter_b15,2026-07-15,1068148,665474,3,754.8099975585938,555.27001953125,,
v2_starter_b15,2026-07-16,1058351,665474,3,750.719970703125,530.5,,
v2_starter_b15,2026-07-17,1050050,665474,3,743.2899780273438,521.8099975585938,,
v2_starter_b15,2026-07-20,1054441,665474,3,742.0900268554688,524.1400146484375,,
v2_starter_b15,2026-07-21,1054272,665474,3,748.280029296875,552.6900024414062,,
v2_starter_b15,2026-07-22,1054466,665474,3,747.4099731445312,555.52001953125,,
v2_starter_b15,2026-07-23,1039955,665474,3,738.1799926757812,551.239990234375,,
v2_starter_b15,2026-07-24,1038858,665474,3,738.9299926757812,527.010009765625,,
v2_starter_b15,2026-07-27,1035862,665474,3,739.0900268554688,516.22998046875,,
v2_starter_b15,2026-07-28,1039734,665474,3,740.8599853515625,491.4599914550781,,
v2_starter_b15,2026-07-29,1035245,665474,3,729.4600219726562,465.0,,
v2_starter_b15,2026-07-30,1050758,665474,3,741.6900024414062,504.5299987792969,,
v2_starter_b15,2026-07-31,1067838,586667,4,747.030029296875,504.8900146484375,,
v2_starter_b15,2026-08-03,1091179,466535,6,757.6699829101562,507.67999267578125,,
v2_starter_b15,2026-08-04,1110858,425616,7,771.3300170898438,542.2100219726562,,
v2_starter_b15,2026-08-05,1101945,425616,7,769.7899780273438,530.7000122070312,,
v2_starter_b15,2026-08-06,1104243,590663,6,768.5599975585938,532.52001953125,,
v2_starter_b15,2026-08-07,1113773,425027,8,773.260009765625,543.27001953125,,
v2_starter_b15,2026-08-10,1103035,425027,8,773.030029296875,529.3900146484375,,
v2_starter_b15,2026-08-11,1103896,342299,9,770.5599975585938,534.2000122070312,,
v2_starter_b15,2026-08-12,1142365,342299,9,772.489990234375,546.6099853515625,,
v2_starter_b15,2026-08-13,1146290,256622,10,777.8800048828125,550.739990234375,,
v2_starter_b15,2026-08-14,1156942,256622,10,776.3400268554688,550.4199829101562,,
v2_starter_b15,2026-08-17,1165898,256622,10,772.6699829101562,559.1199951171875,,
v2_starter_b15,2026-08-18,1125281,340216,9,767.4500122070312,531.3900146484375,,
v2_starter_b15,2026-08-19,1105688,340216,9,769.0599975585938,519.6699829101562,,
v2_starter_b15,2026-08-20,1125169,340216,9,762.5999755859375,522.3499755859375,,
v2_starter_b15,2026-08-21,1127833,435886,8,765.719970703125,520.0499877929688,,
v2_starter_b15,2026-08-24,1116943,351299,9,763.469970703125,506.17999267578125,,
v2_starter_b15,2026-08-25,1130901,351299,9,765.9099731445312,514.0599975585938,,
v2_starter_b15,2026-08-26,1132754,351299,9,766.0800170898438,515.4000244140625,,
v2_starter_b15,2026-08-27,1140143,351299,9,771.0999755859375,525.4299926757812,,
v2_starter_b15,2026-08-28,1129583,308544,10,769.3499755859375,508.6199951171875,,
v2_starter_b15,2026-08-31,1124708,308544,10,767.0499877929688,511.0400085449219,,
v2_starter_b15,2026-09-01,1117788,308544,10,761.780029296875,500.30999755859375,,
v2_starter_b15,2026-09-02,1118136,308544,10,765.1599731445312,501.44000244140625,,
v2_starter_b15,2026-09-03,1129266,308544,10,773.1699829101562,502.20001220703125,,
v2_starter_b15,2026-09-04,1151850,308544,10,770.1900024414062,519.8599853515625,,
v2_starter_b15,2026-09-08,1178337,511523,8,765.9600219726562,528.4000244140625,,
v2_starter_b15,2026-09-09,1175187,511523,8,762.4000244140625,532.0,,
v2_starter_b15,2026-09-10,1171526,511523,8,757.8300170898438,517.4299926757812,,
v2_starter_b15,2026-09-11,1184337,511523,8,764.2899780273438,527.0700073242188,,
v2_starter_b15,2026-09-14,1151339,636885,6,760.8800048828125,497.3999938964844,,
v2_starter_b15,2026-09-15,1146916,740724,5,757.3900146484375,498.8500061035156,,
v2_starter_b15,2026-09-16,1149626,654705,6,754.0499877929688,502.05999755859375,,
v2_starter_b15,2026-09-17,1151634,309817,8,762.5999755859375,519.0999755859375,,
v2_starter_b15,2026-09-18,1169446,460737,7,761.6900024414062,533.0700073242188,,
v2_starter_b15,2026-09-21,1189438,462270,7,773.5,559.3400268554688,,
v2_starter_b15,2026-09-22,1194201,426391,7,773.3800048828125,572.780029296875,,
v2_starter_b15,2026-09-23,1180551,426391,7,767.8099975585938,565.719970703125,,
v2_starter_b15,2026-09-24,1175045,382120,8,767.1799926757812,566.0700073242188,,
v2_starter_b15_all,2026-04-20,999967,849997,1,706.8988037109375,417.351806640625,,
v2_starter_b15_all,2026-04-21,1000720,849997,1,702.2708129882812,420.5003356933594,,
v2_starter_b15_all,2026-04-22,1008648,849997,1,709.3825073242188,431.5650634765625,,
v2_starter_b15_all,2026-04-23,1003812,547182,4,706.6295776367188,440.7906799316406,,
v2_starter_b15_all,2026-04-24,1015092,620388,3,712.10546875,461.38092041015625,,
v2_starter_b15_all,2026-04-27,1012407,544142,4,713.332275390625,455.19384765625,,
v2_starter_b15_all,2026-04-28,1002712,544142,4,709.8612060546875,438.50177001953125,,
v2_starter_b15_all,2026-04-29,1003781,544142,4,709.7515258789062,449.7763977050781,,
v2_starter_b15_all,2026-04-30,1012358,544142,4,716.8132934570312,461.2209777832031,,
v2_starter_b15_all,2026-05-01,1012636,544142,4,718.7982177734375,465.5289306640625,,
v2_starter_b15_all,2026-05-04,1009886,506151,5,716.1649780273438,461.8406982421875,,
v2_starter_b15_all,2026-05-05,1011246,543052,4,721.9102172851562,482.5008850097656,,
v2_starter_b15_all,2026-05-06,1033711,543052,4,731.9443359375,506.6294250488281,,
v2_starter_b15_all,2026-05-07,1029052,705174,3,729.7001342773438,492.12628173828125,,
v2_starter_b15_all,2026-05-08,1027768,705174,3,735.724609375,520.0530395507812,,
v2_starter_b15_all,2026-05-11,1028213,705174,3,737.4002685546875,532.5071411132812,,
v2_starter_b15_all,2026-05-12,1024969,705174,3,736.2831420898438,515.7450561523438,,
v2_starter_b15_all,2026-05-13,1028674,705174,3,740.4025268554688,528.0392456054688,,
v2_starter_b15_all,2026-05-14,1036468,705174,3,746.2474975585938,529.7784423828125,,
v2_starter_b15_all,2026-05-15,1030490,705174,3,737.2706298828125,508.27862548828125,,
v2_starter_b15_all,2026-05-18,1027578,705174,3,736.751953125,495.6346435546875,,
v2_starter_b15_all,2026-05-19,1029574,705174,3,731.8446044921875,496.50421142578125,,
v2_starter_b15_all,2026-05-20,1031211,705174,3,739.3452758789062,520.0630493164062,,
v2_starter_b15_all,2026-05-21,1034917,705174,3,740.8114624023438,524.4609985351562,,
v2_starter_b15_all,2026-05-22,1035010,705174,3,743.7239990234375,537.0750122070312,,
v2_starter_b15_all,2026-05-26,1037517,705174,3,748.6613159179688,569.8194580078125,,
v2_starter_b15_all,2026-05-27,1041863,705174,3,748.5316162109375,563.7122802734375,,
v2_starter_b15_all,2026-05-28,1041804,705174,3,752.6609497070312,569.19970703125,,
v2_starter_b15_all,2026-05-29,1041534,705174,3,754.5361328125,568.8099365234375,,
v2_starter_b15_all,2026-06-01,1048391,705174,3,756.5908203125,571.6585083007812,,
v2_starter_b15_all,2026-06-02,1057524,705174,3,757.6182250976562,604.7328491210938,,
v2_starter_b15_all,2026-06-03,1055296,705174,3,752.3018798828125,615.3877563476562,,
v2_starter_b15_all,2026-06-04,1055040,626024,4,755.1445922851562,602.4338989257812,,
v2_starter_b15_all,2026-06-05,1039849,626024,4,735.65478515625,539.5138549804688,,
v2_starter_b15_all,2026-06-08,1039752,626024,4,737.3204345703125,571.1787719726562,,
v2_starter_b15_all,2026-06-09,1040813,699687,3,735.1560668945312,561.8732299804688,,
v2_starter_b15_all,2026-06-10,1028593,867024,2,723.56591796875,541.2529907226562,,
v2_starter_b15_all,2026-06-11,1029523,404150,5,735.8642578125,586.6514282226562,,
v2_starter_b15_all,2026-06-12,1039393,404150,5,739.843994140625,595.9669799804688,,
v2_starter_b15_all,2026-06-15,1058961,574247,4,752.890380859375,628.4500122070312,,
v2_starter_b15_all,2026-06-16,1058973,574247,4,748.4019775390625,591.239990234375,,
v2_starter_b15_all,2026-06-17,1055930,534533,5,739.0560302734375,599.72998046875,,
v2_starter_b15_all,2026-06-18,1067891,537618,5,746.739990234375,639.4500122070312,,
v2_starter_b15_all,2026-06-22,1055795,537618,5,744.3900146484375,655.010009765625,,
v2_starter_b15_all,2026-06-23,1047058,534485,5,733.5800170898438,603.3900146484375,,
v2_starter_b15_all,2026-06-24,1040952,534485,5,733.239990234375,601.5,,
v2_starter_b15_all,2026-06-25,1034335,567454,4,734.2999877929688,625.2000122070312,,
v2_starter_b15_all,2026-06-26,1027643,567454,4,728.989990234375,589.9400024414062,,
v2_starter_b15_all,2026-06-29,1037808,567454,4,741.0,614.3499755859375,,
v2_starter_b15_all,2026-06-30,1041565,489615,5,746.77001953125,640.760009765625,,
v2_starter_b15_all,2026-07-01,1043316,489615,5,745.760009765625,599.7000122070312,,
v2_starter_b15_all,2026-07-02,1046293,664454,3,744.780029296875,566.3200073242188,,
v2_starter_b15_all,2026-07-06,1049823,664454,3,751.280029296875,581.510009765625,,
v2_starter_b15_all,2026-07-07,1050744,664454,3,747.7100219726562,551.6900024414062,,
v2_starter_b15_all,2026-07-08,1052885,664454,3,745.4000244140625,562.030029296875,,
v2_starter_b15_all,2026-07-09,1051022,664454,3,751.7100219726562,581.7000122070312,,
v2_starter_b15_all,2026-07-10,1056805,664454,3,754.9500122070312,581.3400268554688,,
v2_starter_b15_all,2026-07-13,1050558,664454,3,749.1699829101562,553.6099853515625,,
v2_starter_b15_all,2026-07-14,1058395,664454,3,751.8300170898438,567.9199829101562,,
v2_starter_b15_all,2026-07-15,1066718,664454,3,754.8099975585938,555.27001953125,,
v2_starter_b15_all,2026-07-16,1056931,664454,3,750.719970703125,530.5,,
v2_starter_b15_all,2026-07-17,1048637,664454,3,743.2899780273438,521.8099975585938,,
v2_starter_b15_all,2026-07-20,1053025,664454,3,742.0900268554688,524.1400146484375,,
v2_starter_b15_all,2026-07-21,1052857,664454,3,748.280029296875,552.6900024414062,,
v2_starter_b15_all,2026-07-22,1053050,664454,3,747.4099731445312,555.52001953125,,
v2_starter_b15_all,2026-07-23,1038554,664454,3,738.1799926757812,551.239990234375,,
v2_starter_b15_all,2026-07-24,1037459,664454,3,738.9299926757812,527.010009765625,,
v2_starter_b15_all,2026-07-27,1034465,664454,3,739.0900268554688,516.22998046875,,
v2_starter_b15_all,2026-07-28,1038333,664454,3,740.8599853515625,491.4599914550781,,
v2_starter_b15_all,2026-07-29,1033848,664454,3,729.4600219726562,465.0,,
v2_starter_b15_all,2026-07-30,1049343,664454,3,741.6900024414062,504.5299987792969,,
v2_starter_b15_all,2026-07-31,1066386,585750,4,747.030029296875,504.8900146484375,,
v2_starter_b15_all,2026-08-03,1089594,465715,6,757.6699829101562,507.67999267578125,,
v2_starter_b15_all,2026-08-04,1109214,424844,7,771.3300170898438,542.2100219726562,,
v2_starter_b15_all,2026-08-05,1100314,424844,7,769.7899780273438,530.7000122070312,,
v2_starter_b15_all,2026-08-06,1102568,589693,6,768.5599975585938,532.52001953125,,
v2_starter_b15_all,2026-08-07,1111974,424240,8,773.260009765625,543.27001953125,,
v2_starter_b15_all,2026-08-10,1101255,424240,8,773.030029296875,529.3900146484375,,
v2_starter_b15_all,2026-08-11,1102089,341643,9,770.5599975585938,534.2000122070312,,
v2_starter_b15_all,2026-08-12,1140495,341643,9,772.489990234375,546.6099853515625,,
v2_starter_b15_all,2026-08-13,1144394,256103,10,777.8800048828125,550.739990234375,,
v2_starter_b15_all,2026-08-14,1155028,256103,10,776.3400268554688,550.4199829101562,,
v2_starter_b15_all,2026-08-17,1163965,256103,10,772.6699829101562,559.1199951171875,,
v2_starter_b15_all,2026-08-18,1123395,339522,9,767.4500122070312,531.3900146484375,,
v2_starter_b15_all,2026-08-19,1103837,339522,9,769.0599975585938,519.6699829101562,,
v2_starter_b15_all,2026-08-20,1123286,339522,9,762.5999755859375,522.3499755859375,,
v2_starter_b15_all,2026-08-21,1125921,435020,8,765.719970703125,520.0499877929688,,
v2_starter_b15_all,2026-08-24,1114971,350514,9,763.469970703125,506.17999267578125,,
v2_starter_b15_all,2026-08-25,1128905,350514,9,765.9099731445312,514.0599975585938,,
v2_starter_b15_all,2026-08-26,1130754,350514,9,766.0800170898438,515.4000244140625,,
v2_starter_b15_all,2026-08-27,1138131,350514,9,771.0999755859375,525.4299926757812,,
v2_starter_b15_all,2026-08-28,1127568,307831,10,769.3499755859375,508.6199951171875,,
v2_starter_b15_all,2026-08-31,1122699,307831,10,767.0499877929688,511.0400085449219,,
v2_starter_b15_all,2026-09-01,1115791,307831,10,761.780029296875,500.30999755859375,,
v2_starter_b15_all,2026-09-02,1116136,307831,10,765.1599731445312,501.44000244140625,,
v2_starter_b15_all,2026-09-03,1127251,307831,10,773.1699829101562,502.20001220703125,,
v2_starter_b15_all,2026-09-04,1149789,307831,10,770.1900024414062,519.8599853515625,,
v2_starter_b15_all,2026-09-08,1176178,510393,8,765.9600219726562,528.4000244140625,,
v2_starter_b15_all,2026-09-09,1173032,510393,8,762.4000244140625,532.0,,
v2_starter_b15_all,2026-09-10,1169378,510393,8,757.8300170898438,517.4299926757812,,
v2_starter_b15_all,2026-09-11,1182166,510393,8,764.2899780273438,527.0700073242188,,
v2_starter_b15_all,2026-09-14,1149160,635452,6,760.8800048828125,497.3999938964844,,
v2_starter_b15_all,2026-09-15,1144716,739136,5,757.3900146484375,498.8500061035156,,
v2_starter_b15_all,2026-09-16,1147401,653279,6,754.0499877929688,502.05999755859375,,
v2_starter_b15_all,2026-09-17,1149328,309050,8,762.5999755859375,519.0999755859375,,
v2_starter_b15_all,2026-09-18,1166561,423584,7,761.6900024414062,533.0700073242188,,
v2_starter_b15_all,2026-09-21,1187236,425059,7,773.5,559.3400268554688,,
v2_starter_b15_all,2026-09-22,1192467,426156,7,773.3800048828125,572.780029296875,,
v2_starter_b15_all,2026-09-23,1178838,426156,7,767.8099975585938,565.719970703125,,
v2_starter_b15_all,2026-09-24,1173321,381947,8,767.1799926757812,566.0700073242188,,
v2_starter_b15_regime_fees,2026-04-20,999967,0,1,706.8988037109375,417.351806640625,849997.0,0.0
v2_starter_b15_regime_fees,2026-04-21,1000841,0,1,702.2708129882812,420.5003356933594,850118.0,121.0
v2_starter_b15_regime_fees,2026-04-22,1031138,0,1,709.3825073242188,431.5650634765625,872487.0,22490.0
v2_starter_b15_regime_fees,2026-04-23,1044838,0,4,706.6295776367188,440.7906799316406,575974.0,41141.0
v2_starter_b15_regime_fees,2026-04-24,1083155,0,3,712.10546875,461.38092041015625,679073.0,68046.0
v2_starter_b15_regime_fees,2026-04-27,1071191,0,4,713.332275390625,455.19384765625,589293.0,58940.0
v2_starter_b15_regime_fees,2026-04-28,1039710,0,4,709.8612060546875,438.50177001953125,567683.0,37330.0
v2_starter_b15_regime_fees,2026-04-29,1055390,0,4,709.7515258789062,449.7763977050781,582279.0,51926.0
v2_starter_b15_regime_fees,2026-04-30,1079106,0,4,716.8132934570312,461.2209777832031,597095.0,66742.0
v2_starter_b15_regime_fees,2026-05-01,1084952,0,4,718.7982177734375,465.5289306640625,602672.0,72319.0
v2_starter_b15_regime_fees,2026-05-04,1077248,0,5,716.1649780273438,461.8406982421875,557372.0,67544.0
v2_starter_b15_regime_fees,2026-05-05,1103683,0,4,721.9102172851562,482.5008850097656,621669.0,92478.0
v2_starter_b15_regime_fees,2026-05-06,1157747,0,4,731.9443359375,506.6294250488281,652757.0,123566.0
v2_starter_b15_regime_fees,2026-05-07,1134301,0,3,729.7001342773438,492.12628173828125,802806.0,104880.0
v2_starter_b15_regime_fees,2026-05-08,1178564,0,3,735.724609375,520.0530395507812,848363.0,150437.0
v2_starter_b15_regime_fees,2026-05-11,1199499,0,3,737.4002685546875,532.5071411132812,868679.0,170753.0
v2_starter_b15_regime_fees,2026-05-12,1168888,0,3,736.2831420898438,515.7450561523438,841335.0,143409.0
v2_starter_b15_regime_fees,2026-05-13,1192789,0,3,740.4025268554688,528.0392456054688,861391.0,163465.0
v2_starter_b15_regime_fees,2026-05-14,1203442,0,3,746.2474975585938,529.7784423828125,864228.0,166302.0
v2_starter_b15_regime_fees,2026-05-15,1162365,0,3,737.2706298828125,508.27862548828125,829155.0,131229.0
v2_starter_b15_regime_fees,2026-05-18,1138851,0,3,736.751953125,495.6346435546875,808529.0,110603.0
v2_starter_b15_regime_fees,2026-05-19,1142428,0,3,731.8446044921875,496.50421142578125,809948.0,112022.0
v2_starter_b15_regime_fees,2026-05-20,1182399,0,3,739.3452758789062,520.0630493164062,848380.0,150454.0
v2_starter_b15_regime_fees,2026-05-21,1193347,0,3,740.8114624023438,524.4609985351562,855554.0,157628.0
v2_starter_b15_regime_fees,2026-05-22,1214076,0,3,743.7239990234375,537.0750122070312,876131.0,178205.0
v2_starter_b15_regime_fees,2026-05-26,1269961,0,3,748.6613159179688,569.8194580078125,929547.0,231621.0
v2_starter_b15_regime_fees,2026-05-27,1264349,0,3,748.5316162109375,563.7122802734375,919584.0,221658.0
v2_starter_b15_regime_fees,2026-05-28,1273191,0,3,752.6609497070312,569.19970703125,928536.0,230610.0
v2_starter_b15_regime_fees,2026-05-29,1272397,0,3,754.5361328125,568.8099365234375,927900.0,229974.0
v2_starter_b15_regime_fees,2026-06-01,1283894,0,3,756.5908203125,571.6585083007812,932547.0,234621.0
v2_starter_b15_regime_fees,2026-06-02,1347208,0,3,757.6182250976562,604.7328491210938,986501.0,288575.0
v2_starter_b15_regime_fees,2026-06-03,1362461,0,3,752.3018798828125,615.3877563476562,1003882.0,305956.0
v2_starter_b15_regime_fees,2026-06-04,1340853,0,4,755.1445922851562,602.4338989257812,882147.0,284824.0
v2_starter_b15_regime_fees,2026-06-05,1232917,0,4,735.65478515625,539.5138549804688,790013.0,192690.0
v2_starter_b15_regime_fees,2026-06-08,1278741,0,4,737.3204345703125,571.1787719726562,836380.0,239057.0
v2_starter_b15_regime_fees,2026-06-09,1265695,0,3,735.1560668945312,561.8732299804688,916386.0,225431.0
v2_starter_b15_regime_fees,2026-06-10,1219635,0,2,723.56591796875,541.2529907226562,1050092.0,191800.0
v2_starter_b15_regime_fees,2026-06-11,1308605,0,5,735.8642578125,586.6514282226562,549692.0,279878.0
v2_starter_b15_regime_fees,2026-06-12,1329456,0,5,739.843994140625,595.9669799804688,558421.0,288607.0
v2_starter_b15_regime_fees,2026-06-15,1384457,0,4,752.890380859375,628.4500122070312,805113.0,319044.0
v2_starter_b15_regime_fees,2026-06-16,1336354,0,4,748.4019775390625,591.239990234375,757443.0,271374.0
v2_starter_b15_regime_fees,2026-06-17,1342706,0,5,739.0560302734375,599.72998046875,717796.0,282251.0
v2_starter_b15_regime_fees,2026-06-18,1404983,0,5,746.739990234375,639.4500122070312,767501.0,329791.0
v2_starter_b15_regime_fees,2026-06-22,1408292,0,5,744.3900146484375,655.010009765625,786177.0,348467.0
v2_starter_b15_regime_fees,2026-06-23,1335158,0,5,733.5800170898438,603.3900146484375,721737.0,286510.0
v2_starter_b15_regime_fees,2026-06-24,1325323,0,5,733.239990234375,601.5,719476.0,284249.0
v2_starter_b15_regime_fees,2026-06-25,1345319,0,4,734.2999877929688,625.2000122070312,789864.0,312597.0
v2_starter_b15_regime_fees,2026-06-26,1292499,0,4,728.989990234375,589.9400024414062,745317.0,268050.0
v2_starter_b15_regime_fees,2026-06-29,1335999,0,4,741.0,614.3499755859375,776156.0,298889.0
v2_starter_b15_regime_fees,2026-06-30,1341074,0,5,746.77001953125,640.760009765625,676059.0,299004.0
v2_starter_b15_regime_fees,2026-07-01,1300163,0,5,745.760009765625,599.7000122070312,632737.0,255682.0
v2_starter_b15_regime_fees,2026-07-02,1267758,0,3,744.780029296875,566.3200073242188,780996.0,220463.0
v2_starter_b15_regime_fees,2026-07-06,1293183,0,3,751.280029296875,581.510009765625,801944.0,241411.0
v2_starter_b15_regime_fees,2026-07-07,1253237,0,3,747.7100219726562,551.6900024414062,760820.0,200287.0
v2_starter_b15_regime_fees,2026-07-08,1270198,0,3,745.4000244140625,562.030029296875,775080.0,214547.0
v2_starter_b15_regime_fees,2026-07-09,1294960,0,3,751.7100219726562,581.7000122070312,802206.0,241673.0
v2_starter_b15_regime_fees,2026-07-10,1301819,0,3,754.9500122070312,581.3400268554688,801710.0,241177.0
v2_starter_b15_regime_fees,2026-07-13,1255654,0,3,749.1699829101562,553.6099853515625,763468.0,202935.0
v2_starter_b15_regime_fees,2026-07-14,1285334,0,3,751.8300170898438,567.9199829101562,783203.0,222670.0
v2_starter_b15_regime_fees,2026-07-15,1296065,0,3,754.8099975585938,555.27001953125,783318.0,222785.0
v2_starter_b15_regime_fees,2026-07-16,1248699,0,3,750.719970703125,530.5,748375.0,187842.0
v2_starter_b15_regime_fees,2026-07-17,1238241,0,3,743.2899780273438,521.8099975585938,748485.0,187952.0
v2_starter_b15_regime_fees,2026-07-20,1243958,0,3,742.0900268554688,524.1400146484375,748596.0,188063.0
v2_starter_b15_regime_fees,2026-07-21,1243838,0,3,748.280029296875,552.6900024414062,748707.0,188174.0
v2_starter_b15_regime_fees,2026-07-22,1244172,0,3,747.4099731445312,555.52001953125,748818.0,188285.0
v2_starter_b15_regime_fees,2026-07-23,1225825,0,3,738.1799926757812,551.239990234375,748931.0,188398.0
v2_starter_b15_regime_fees,2026-07-24,1224546,0,3,738.9299926757812,527.010009765625,749044.0,188511.0
v2_starter_b15_regime_fees,2026-07-27,1220879,0,3,739.0900268554688,516.22998046875,749158.0,188625.0
v2_starter_b15_regime_fees,2026-07-28,1225923,0,3,740.8599853515625,491.4599914550781,749270.0,188737.0
v2_starter_b15_regime_fees,2026-07-29,1220322,0,3,729.4600219726562,465.0,749380.0,188847.0
v2_starter_b15_regime_fees,2026-07-30,1240334,0,3,741.6900024414062,504.5299987792969,749490.0,188957.0
v2_starter_b15_regime_fees,2026-07-31,1262159,0,4,747.030029296875,504.8900146484375,656564.0,189067.0
v2_starter_b15_regime_fees,2026-08-03,1291203,0,6,757.6699829101562,507.67999267578125,514582.0,189165.0
v2_starter_b15_regime_fees,2026-08-04,1315063,0,7,771.3300170898438,542.2100219726562,466222.0,189241.0
v2_starter_b15_regime_fees,2026-08-05,1304386,0,7,769.7899780273438,530.7000122070312,466291.0,189310.0
v2_starter_b15_regime_fees,2026-08-06,1307255,0,6,768.5599975585938,532.52001953125,675944.0,189379.0
v2_starter_b15_regime_fees,2026-08-07,1318375,0,8,773.260009765625,543.27001953125,479864.0,189479.0
v2_starter_b15_regime_fees,2026-08-10,1305987,0,8,773.030029296875,529.3900146484375,479935.0,189550.0
v2_starter_b15_regime_fees,2026-08-11,1306511,0,9,770.5599975585938,534.2000122070312,382049.0,189621.0
v2_starter_b15_regime_fees,2026-08-12,1351782,0,9,772.489990234375,546.6099853515625,382105.0,189677.0
v2_starter_b15_regime_fees,2026-08-13,1356634,0,10,777.8800048828125,550.739990234375,280770.0,189733.0
v2_starter_b15_regime_fees,2026-08-14,1369215,0,10,776.3400268554688,550.4199829101562,280811.0,189774.0
v2_starter_b15_regime_fees,2026-08-17,1379437,0,10,772.6699829101562,559.1199951171875,280852.0,189815.0
v2_starter_b15_regime_fees,2026-08-18,1331450,0,9,767.4500122070312,531.3900146484375,379771.0,189856.0
v2_starter_b15_regime_fees,2026-08-19,1308414,0,9,769.0599975585938,519.6699829101562,379827.0,189912.0
v2_starter_b15_regime_fees,2026-08-20,1331328,0,9,762.5999755859375,522.3499755859375,379883.0,189968.0
v2_starter_b15_regime_fees,2026-08-21,1334690,0,8,765.719970703125,520.0499877929688,492828.0,190024.0
v2_starter_b15_regime_fees,2026-08-24,1321983,0,9,763.469970703125,506.17999267578125,392724.0,190097.0
v2_starter_b15_regime_fees,2026-08-25,1338603,0,9,765.9099731445312,514.0599975585938,392782.0,190155.0
v2_starter_b15_regime_fees,2026-08-26,1340794,0,9,766.0800170898438,515.4000244140625,392840.0,190213.0
v2_starter_b15_regime_fees,2026-08-27,1349727,0,9,771.0999755859375,525.4299926757812,392898.0,190271.0
v2_starter_b15_regime_fees,2026-08-28,1337640,0,10,769.3499755859375,508.6199951171875,342336.0,190329.0
v2_starter_b15_regime_fees,2026-08-31,1331512,0,10,767.0499877929688,511.0400085449219,342387.0,190380.0
v2_starter_b15_regime_fees,2026-09-01,1323120,0,10,761.780029296875,500.30999755859375,342438.0,190431.0
v2_starter_b15_regime_fees,2026-09-02,1323556,0,10,765.1599731445312,501.44000244140625,342489.0,190482.0
v2_starter_b15_regime_fees,2026-09-03,1337269,0,10,773.1699829101562,502.20001220703125,342540.0,190533.0
v2_starter_b15_regime_fees,2026-09-04,1363687,0,10,770.1900024414062,519.8599853515625,342591.0,190584.0
v2_starter_b15_regime_fees,2026-09-08,1394896,0,8,765.9600219726562,528.4000244140625,582856.0,190636.0
v2_starter_b15_regime_fees,2026-09-09,1390949,0,8,762.4000244140625,532.0,582944.0,190724.0
v2_starter_b15_regime_fees,2026-09-10,1386802,0,8,757.8300170898438,517.4299926757812,583033.0,190813.0
v2_starter_b15_regime_fees,2026-09-11,1402298,0,8,764.2899780273438,527.0700073242188,583122.0,190902.0
v2_starter_b15_regime_fees,2026-09-14,1363876,0,6,760.8800048828125,497.3999938964844,731340.0,190993.0
v2_starter_b15_regime_fees,2026-09-15,1358387,0,5,757.3900146484375,498.8500061035156,864943.0,191108.0
v2_starter_b15_regime_fees,2026-09-16,1361628,0,6,754.0499877929688,502.05999755859375,763187.0,191244.0
v2_starter_b15_regime_fees,2026-09-17,1364196,0,8,762.5999755859375,519.0999755859375,354774.0,191365.0
v2_starter_b15_regime_fees,2026-09-18,1384729,0,7,761.6900024414062,533.0700073242188,545085.0,191421.0
v2_starter_b15_regime_fees,2026-09-21,1408264,0,7,773.5,559.3400268554688,546907.0,191507.0
v2_starter_b15_regime_fees,2026-09-22,1413585,0,7,773.3800048828125,572.780029296875,491776.0,191594.0
v2_starter_b15_regime_fees,2026-09-23,1397043,0,7,767.8099975585938,565.719970703125,491854.0,191672.0
v2_starter_b15_regime_fees,2026-09-24,1390730,0,8,767.1799926757812,566.0700073242188,439538.0,191751.0
v2_starter_b15_regime_fees_hyst,2026-04-20,999967,0,1,706.8988037109375,417.351806640625,849997.0,0.0
v2_starter_b15_regime_fees_hyst,2026-04-21,1000841,0,1,702.2708129882812,420.5003356933594,850118.0,121.0
v2_starter_b15_regime_fees_hyst,2026-04-22,1008890,0,1,709.3825073242188,431.5650634765625,850239.0,242.0
v2_starter_b15_regime_fees_hyst,2026-04-23,1004173,0,4,706.6295776367188,440.7906799316406,547434.0,363.0
v2_starter_b15_regime_fees_hyst,2026-04-24,1015533,0,3,712.10546875,461.38092041015625,620745.0,441.0
v2_starter_b15_regime_fees_hyst,2026-04-27,1012935,0,4,713.332275390625,455.19384765625,544548.0,530.0
v2_starter_b15_regime_fees_hyst,2026-04-28,1003318,0,4,709.8612060546875,438.50177001953125,544626.0,608.0
v2_starter_b15_regime_fees_hyst,2026-04-29,1004464,0,4,709.7515258789062,449.7763977050781,544704.0,686.0
v2_starter_b15_regime_fees_hyst,2026-04-30,1013122,0,4,716.8132934570312,461.2209777832031,544782.0,764.0
v2_starter_b15_regime_fees_hyst,2026-05-01,1013477,0,4,718.7982177734375,465.5289306640625,544860.0,842.0
v2_starter_b15_regime_fees_hyst,2026-05-04,1010804,0,5,716.1649780273438,461.8406982421875,506913.0,920.0
v2_starter_b15_regime_fees_hyst,2026-05-05,1034841,0,4,721.9102172851562,482.5008850097656,566523.0,23596.0
v2_starter_b15_regime_fees_hyst,2026-05-06,1085642,0,4,731.9443359375,506.6294250488281,594853.0,51926.0
v2_starter_b15_regime_fees_hyst,2026-05-07,1063952,0,3,729.7001342773438,492.12628173828125,740005.0,34897.0
v2_starter_b15_regime_fees_hyst,2026-05-08,1104661,0,3,735.724609375,520.0530395507812,781998.0,76890.0
v2_starter_b15_regime_fees_hyst,2026-05-11,1123835,0,3,737.4002685546875,532.5071411132812,800725.0,95617.0
v2_starter_b15_regime_fees_hyst,2026-05-12,1095385,0,3,736.2831420898438,515.7450561523438,775520.0,70412.0
v2_starter_b15_regime_fees_hyst,2026-05-13,1117579,0,3,740.4025268554688,528.0392456054688,794007.0,88899.0
v2_starter_b15_regime_fees_hyst,2026-05-14,1127988,0,3,746.2474975585938,529.7784423828125,796622.0,91514.0
v2_starter_b15_regime_fees_hyst,2026-05-15,1089681,0,3,737.2706298828125,508.27862548828125,764293.0,59185.0
v2_starter_b15_regime_fees_hyst,2026-05-18,1067756,0,3,736.751953125,495.6346435546875,745280.0,40172.0
v2_starter_b15_regime_fees_hyst,2026-05-19,1071062,0,3,731.8446044921875,496.50421142578125,746588.0,41480.0
v2_starter_b15_regime_fees_hyst,2026-05-20,1108122,0,3,739.3452758789062,520.0630493164062,782013.0,76905.0
v2_starter_b15_regime_fees_hyst,2026-05-21,1118442,0,3,740.8114624023438,524.4609985351562,788626.0,83518.0
v2_starter_b15_regime_fees_hyst,2026-05-22,1137503,0,3,743.7239990234375,537.0750122070312,807594.0,102486.0
v2_starter_b15_regime_fees_hyst,2026-05-26,1189246,0,3,748.6613159179688,569.8194580078125,856831.0,151723.0
v2_starter_b15_regime_fees_hyst,2026-05-27,1184410,0,3,748.5316162109375,563.7122802734375,847648.0,142540.0
v2_starter_b15_regime_fees_hyst,2026-05-28,1192602,0,3,752.6609497070312,569.19970703125,855899.0,150791.0
v2_starter_b15_regime_fees_hyst,2026-05-29,1191746,0,3,754.5361328125,568.8099365234375,855313.0,150205.0
v2_starter_b15_regime_fees_hyst,2026-06-01,1202887,0,3,756.5908203125,571.6585083007812,859596.0,154488.0
v2_starter_b15_regime_fees_hyst,2026-06-02,1261755,0,3,757.6182250976562,604.7328491210938,909329.0,204221.0
v2_starter_b15_regime_fees_hyst,2026-06-03,1275550,0,3,752.3018798828125,615.3877563476562,925351.0,220243.0
v2_starter_b15_regime_fees_hyst,2026-06-04,1255782,0,4,755.1445922851562,602.4338989257812,811664.0,200764.0
v2_starter_b15_regime_fees_hyst,2026-06-05,1155419,0,4,735.65478515625,539.5138549804688,726891.0,115991.0
v2_starter_b15_regime_fees_hyst,2026-06-08,1197808,0,4,737.3204345703125,571.1787719726562,769553.0,158653.0
v2_starter_b15_regime_fees_hyst,2026-06-09,1185895,0,3,735.1560668945312,561.8732299804688,844695.0,146116.0
v2_starter_b15_regime_fees_hyst,2026-06-10,1142673,0,2,723.56591796875,541.2529907226562,981032.0,115116.0
v2_starter_b15_regime_fees_hyst,2026-06-11,1225821,0,5,735.8642578125,586.6514282226562,512079.0,197402.0
v2_starter_b15_regime_fees_hyst,2026-06-12,1245343,0,5,739.843994140625,595.9669799804688,520210.0,205533.0
v2_starter_b15_regime_fees_hyst,2026-06-15,1296727,0,4,752.890380859375,628.4500122070312,751134.0,233887.0
v2_starter_b15_regime_fees_hyst,2026-06-16,1251872,0,4,748.4019775390625,591.239990234375,706660.0,189413.0
v2_starter_b15_regime_fees_hyst,2026-06-17,1257836,0,5,739.0560302734375,599.72998046875,669478.0,199560.0
v2_starter_b15_regime_fees_hyst,2026-06-18,1316014,0,5,746.739990234375,639.4500122070312,715850.0,243899.0
v2_starter_b15_regime_fees_hyst,2026-06-22,1319035,0,5,744.3900146484375,655.010009765625,733269.0,261318.0
v2_starter_b15_regime_fees_hyst,2026-06-23,1250777,0,5,733.5800170898438,603.3900146484375,673149.0,203531.0
v2_starter_b15_regime_fees_hyst,2026-06-24,1241560,0,5,733.239990234375,601.5,671040.0,201422.0
v2_starter_b15_regime_fees_hyst,2026-06-25,1260170,0,4,734.2999877929688,625.2000122070312,736863.0,227862.0
v2_starter_b15_regime_fees_hyst,2026-06-26,1210839,0,4,728.989990234375,589.9400024414062,695305.0,186304.0
v2_starter_b15_regime_fees_hyst,2026-06-29,1251496,0,4,741.0,614.3499755859375,724075.0,215074.0
v2_starter_b15_regime_fees_hyst,2026-06-30,1287245,0,5,746.77001953125,640.760009765625,659002.0,246201.0
v2_starter_b15_regime_fees_hyst,2026-07-01,1247336,0,5,745.760009765625,599.7000122070312,616773.0,203972.0
v2_starter_b15_regime_fees_hyst,2026-07-02,1215752,0,3,744.780029296875,566.3200073242188,757360.0,169642.0
v2_starter_b15_regime_fees_hyst,2026-07-06,1240236,0,3,751.280029296875,581.510009765625,777674.0,189956.0
v2_starter_b15_regime_fees_hyst,2026-07-07,1201474,0,3,747.7100219726562,551.6900024414062,737795.0,150077.0
v2_starter_b15_regime_fees_hyst,2026-07-08,1217799,0,3,745.4000244140625,562.030029296875,751623.0,163905.0
v2_starter_b15_regime_fees_hyst,2026-07-09,1241894,0,3,751.7100219726562,581.7000122070312,777928.0,190210.0
v2_starter_b15_regime_fees_hyst,2026-07-10,1248308,0,3,754.9500122070312,581.3400268554688,777447.0,189729.0
v2_starter_b15_regime_fees_hyst,2026-07-13,1203840,0,3,749.1699829101562,553.6099853515625,740363.0,152645.0
v2_starter_b15_regime_fees_hyst,2026-07-14,1232254,0,3,751.8300170898438,567.9199829101562,759500.0,171782.0
v2_starter_b15_regime_fees_hyst,2026-07-15,1225349,0,3,754.8099975585938,555.27001953125,742583.0,154865.0
v2_starter_b15_regime_fees_hyst,2026-07-16,1180618,0,3,750.719970703125,530.5,709457.0,121739.0
v2_starter_b15_regime_fees_hyst,2026-07-17,1159054,0,3,743.2899780273438,521.8099975585938,697836.0,110118.0
v2_starter_b15_regime_fees_hyst,2026-07-20,1167474,0,3,742.0900268554688,524.1400146484375,700952.0,113234.0
v2_starter_b15_regime_fees_hyst,2026-07-21,1205411,0,3,748.280029296875,552.6900024414062,739133.0,151415.0
v2_starter_b15_regime_fees_hyst,2026-07-22,1209357,0,3,747.4099731445312,555.52001953125,742918.0,155200.0
v2_starter_b15_regime_fees_hyst,2026-07-23,1186287,0,3,738.1799926757812,551.239990234375,737194.0,149476.0
v2_starter_b15_regime_fees_hyst,2026-07-24,1152580,0,3,738.9299926757812,527.010009765625,704790.0,117072.0
v2_starter_b15_regime_fees_hyst,2026-07-27,1134667,0,3,739.0900268554688,516.22998046875,690373.0,102655.0
v2_starter_b15_regime_fees_hyst,2026-07-28,1106187,0,3,740.8599853515625,491.4599914550781,657247.0,69529.0
v2_starter_b15_regime_fees_hyst,2026-07-29,1065435,0,3,729.4600219726562,465.0,621861.0,34143.0
v2_starter_b15_regime_fees_hyst,2026-07-30,1137320,0,3,741.6900024414062,504.5299987792969,674726.0,87008.0
v2_starter_b15_regime_fees_hyst,2026-07-31,1157845,0,4,747.030029296875,504.8900146484375,589516.0,87107.0
v2_starter_b15_regime_fees_hyst,2026-08-03,1185020,0,6,757.6699829101562,507.67999267578125,459266.0,87195.0
v2_starter_b15_regime_fees_hyst,2026-08-04,1207090,0,7,771.3300170898438,542.2100219726562,414881.0,87263.0
v2_starter_b15_regime_fees_hyst,2026-08-05,1197207,0,7,769.7899780273438,530.7000122070312,414943.0,87325.0
v2_starter_b15_regime_fees_hyst,2026-08-06,1199940,0,6,768.5599975585938,532.52001953125,611325.0,87387.0
v2_starter_b15_regime_fees_hyst,2026-08-07,1210105,0,8,773.260009765625,543.27001953125,431339.0,87477.0
v2_starter_b15_regime_fees_hyst,2026-08-10,1198836,0,8,773.030029296875,529.3900146484375,431403.0,87541.0
v2_starter_b15_regime_fees_hyst,2026-08-11,1199156,0,9,770.5599975585938,534.2000122070312,341546.0,87605.0
v2_starter_b15_regime_fees_hyst,2026-08-12,1240552,0,9,772.489990234375,546.6099853515625,341596.0,87655.0
v2_starter_b15_regime_fees_hyst,2026-08-13,1245077,0,10,777.8800048828125,550.739990234375,248598.0,87705.0
v2_starter_b15_regime_fees_hyst,2026-08-14,1256597,0,10,776.3400268554688,550.4199829101562,248635.0,87742.0
v2_starter_b15_regime_fees_hyst,2026-08-17,1265780,0,10,772.6699829101562,559.1199951171875,248672.0,87779.0
v2_starter_b15_regime_fees_hyst,2026-08-18,1221766,0,9,767.4500122070312,531.3900146484375,339451.0,87816.0
v2_starter_b15_regime_fees_hyst,2026-08-19,1200662,0,9,769.0599975585938,519.6699829101562,339501.0,87866.0
v2_starter_b15_regime_fees_hyst,2026-08-20,1221625,0,9,762.5999755859375,522.3499755859375,339551.0,87916.0
v2_starter_b15_regime_fees_hyst,2026-08-21,1224768,0,8,765.719970703125,520.0499877929688,443113.0,87966.0
v2_starter_b15_regime_fees_hyst,2026-08-24,1213179,0,9,763.469970703125,506.17999267578125,351250.0,88031.0
v2_starter_b15_regime_fees_hyst,2026-08-25,1228466,0,9,765.9099731445312,514.0599975585938,351302.0,88083.0
v2_starter_b15_regime_fees_hyst,2026-08-26,1230487,0,9,766.0800170898438,515.4000244140625,351354.0,88135.0
v2_starter_b15_regime_fees_hyst,2026-08-27,1238764,0,9,771.0999755859375,525.4299926757812,351405.0,88186.0
v2_starter_b15_regime_fees_hyst,2026-08-28,1227822,0,10,769.3499755859375,508.6199951171875,304998.0,88238.0
v2_starter_b15_regime_fees_hyst,2026-08-31,1222049,0,10,767.0499877929688,511.0400085449219,305044.0,88284.0
v2_starter_b15_regime_fees_hyst,2026-09-01,1214242,0,10,761.780029296875,500.30999755859375,305090.0,88330.0
v2_starter_b15_regime_fees_hyst,2026-09-02,1214612,0,10,765.1599731445312,501.44000244140625,305136.0,88376.0
v2_starter_b15_regime_fees_hyst,2026-09-03,1227403,0,10,773.1699829101562,502.20001220703125,305181.0,88421.0
v2_starter_b15_regime_fees_hyst,2026-09-04,1251495,0,10,770.1900024414062,519.8599853515625,305227.0,88467.0
v2_starter_b15_regime_fees_hyst,2026-09-08,1280071,0,8,765.9600219726562,528.4000244140625,525772.0,88513.0
v2_starter_b15_regime_fees_hyst,2026-09-09,1276344,0,8,762.4000244140625,532.0,525851.0,88592.0
v2_starter_b15_regime_fees_hyst,2026-09-10,1272570,0,8,757.8300170898438,517.4299926757812,525932.0,88673.0
v2_starter_b15_regime_fees_hyst,2026-09-11,1286875,0,8,764.2899780273438,527.0700073242188,526013.0,88754.0
v2_starter_b15_regime_fees_hyst,2026-09-14,1251840,0,6,760.8800048828125,497.3999938964844,662002.0,88836.0
v2_starter_b15_regime_fees_hyst,2026-09-15,1246660,0,5,757.3900146484375,498.8500061035156,790250.0,88940.0
v2_starter_b15_regime_fees_hyst,2026-09-16,1249613,0,6,754.0499877929688,502.05999755859375,696862.0,89064.0
v2_starter_b15_regime_fees_hyst,2026-09-17,1252014,0,8,762.5999755859375,519.0999755859375,322047.0,89174.0
v2_starter_b15_regime_fees_hyst,2026-09-18,1270863,0,7,761.6900024414062,533.0700073242188,500263.0,89225.0
v2_starter_b15_regime_fees_hyst,2026-09-21,1292445,0,7,773.5,559.3400268554688,501934.0,89304.0
v2_starter_b15_regime_fees_hyst,2026-09-22,1297235,0,7,773.3800048828125,572.780029296875,447645.0,89384.0
v2_starter_b15_regime_fees_hyst,2026-09-23,1281925,0,7,767.8099975585938,565.719970703125,447716.0,89455.0
v2_starter_b15_regime_fees_hyst,2026-09-24,1276174,0,8,767.1799926757812,566.0700073242188,399710.0,89527.0
v2_starter_b15_spy_fees,2026-04-20,999967,0,1,706.8988037109375,417.351806640625,849997.0,0.0
v2_starter_b15_spy_fees,2026-04-21,995155,0,1,702.2708129882812,420.5003356933594,844432.0,-5565.0
v2_starter_b15_spy_fees,2026-04-22,1011634,0,1,709.3825073242188,431.5650634765625,852983.0,2986.0
v2_starter_b15_spy_fees,2026-04-23,1003489,0,4,706.6295776367188,440.7906799316406,546955.0,-324.0
v2_starter_b15_spy_fees,2026-04-24,1019009,0,3,712.10546875,461.38092041015625,624377.0,3915.0
v2_starter_b15_spy_fees,2026-04-27,1017393,0,4,713.332275390625,455.19384765625,548832.0,4991.0
v2_starter_b15_spy_fees,2026-04-28,1005032,0,4,709.8612060546875,438.50177001953125,546161.0,2320.0
v2_starter_b15_spy_fees,2026-04-29,1006015,0,4,709.7515258789062,449.7763977050781,546077.0,2236.0
v2_starter_b15_spy_fees,2026-04-30,1020025,0,4,716.8132934570312,461.2209777832031,551510.0,7669.0
v2_starter_b15_spy_fees,2026-05-01,1021833,0,4,718.7982177734375,465.5289306640625,553037.0,9196.0
v2_starter_b15_spy_fees,2026-05-04,1017057,0,5,716.1649780273438,461.8406982421875,512751.0,7170.0
v2_starter_b15_spy_fees,2026-05-05,1022519,0,4,721.9102172851562,482.5008850097656,554026.0,11283.0
v2_starter_b15_spy_fees,2026-05-06,1052686,0,4,731.9443359375,506.6294250488281,561727.0,18984.0
v2_starter_b15_spy_fees,2026-05-07,1046304,0,3,729.7001342773438,492.12628173828125,722075.0,17262.0
v2_starter_b15_spy_fees,2026-05-08,1050982,0,3,735.724609375,520.0530395507812,728037.0,23224.0
v2_starter_b15_spy_fees,2026-05-11,1053096,0,3,737.4002685546875,532.5071411132812,729695.0,24882.0
v2_starter_b15_spy_fees,2026-05-12,1048743,0,3,736.2831420898438,515.7450561523438,728590.0,23777.0
v2_starter_b15_spy_fees,2026-05-13,1056533,0,3,740.4025268554688,528.0392456054688,732666.0,27853.0
v2_starter_b15_spy_fees,2026-05-14,1070112,0,3,746.2474975585938,529.7784423828125,738450.0,33637.0
v2_starter_b15_spy_fees,2026-05-15,1055250,0,3,737.2706298828125,508.27862548828125,729567.0,24754.0
v2_starter_b15_spy_fees,2026-05-18,1051825,0,3,736.751953125,495.6346435546875,729054.0,24241.0
v2_starter_b15_spy_fees,2026-05-19,1048971,0,3,731.8446044921875,496.50421142578125,724198.0,19385.0
v2_starter_b15_spy_fees,2026-05-20,1058027,0,3,739.3452758789062,520.0630493164062,731620.0,26807.0
v2_starter_b15_spy_fees,2026-05-21,1063185,0,3,740.8114624023438,524.4609985351562,733071.0,28258.0
v2_starter_b15_spy_fees,2026-05-22,1066163,0,3,743.7239990234375,537.0750122070312,735953.0,31140.0
v2_starter_b15_spy_fees,2026-05-26,1073554,0,3,748.6613159179688,569.8194580078125,740839.0,36026.0
v2_starter_b15_spy_fees,2026-05-27,1077772,0,3,748.5316162109375,563.7122802734375,740711.0,35898.0
v2_starter_b15_spy_fees,2026-05-28,1081796,0,3,752.6609497070312,569.19970703125,744797.0,39984.0
v2_starter_b15_spy_fees,2026-05-29,1083386,0,3,754.5361328125,568.8099365234375,746653.0,41840.0
v2_starter_b15_spy_fees,2026-06-01,1092277,0,3,756.5908203125,571.6585083007812,748686.0,43873.0
v2_starter_b15_spy_fees,2026-06-02,1102437,0,3,757.6182250976562,604.7328491210938,749703.0,44890.0
v2_starter_b15_spy_fees,2026-06-03,1094954,0,3,752.3018798828125,615.3877563476562,744442.0,39629.0
v2_starter_b15_spy_fees,2026-06-04,1097496,0,4,755.1445922851562,602.4338989257812,664919.0,42442.0
v2_starter_b15_spy_fees,2026-06-05,1065058,0,4,735.65478515625,539.5138549804688,647758.0,25281.0
v2_starter_b15_spy_fees,2026-06-08,1066380,0,4,737.3204345703125,571.1787719726562,649225.0,26748.0
v2_starter_b15_spy_fees,2026-06-09,1065450,0,3,735.1560668945312,561.8732299804688,723948.0,24842.0
v2_starter_b15_spy_fees,2026-06-10,1041808,0,2,723.56591796875,541.2529907226562,879872.0,13429.0
v2_starter_b15_spy_fees,2026-06-11,1057684,0,5,735.8642578125,586.6514282226562,419276.0,28384.0
v2_starter_b15_spy_fees,2026-06-12,1070044,0,5,739.843994140625,595.9669799804688,421544.0,30652.0
v2_starter_b15_spy_fees,2026-06-15,1097546,0,4,752.890380859375,628.4500122070312,603732.0,38085.0
v2_starter_b15_spy_fees,2026-06-16,1093912,0,4,748.4019775390625,591.239990234375,600133.0,34486.0
v2_starter_b15_spy_fees,2026-06-17,1083216,0,5,739.0560302734375,599.72998046875,551895.0,26992.0
v2_starter_b15_spy_fees,2026-06-18,1101186,0,5,746.739990234375,639.4500122070312,560586.0,32730.0
v2_starter_b15_spy_fees,2026-06-22,1086998,0,5,744.3900146484375,655.010009765625,558822.0,30966.0
v2_starter_b15_spy_fees,2026-06-23,1069900,0,5,733.5800170898438,603.3900146484375,547849.0,22851.0
v2_starter_b15_spy_fees,2026-06-24,1063416,0,5,733.239990234375,601.5,547595.0,22597.0
v2_starter_b15_spy_fees,2026-06-25,1057434,0,4,734.2999877929688,625.2000122070312,582076.0,23389.0
v2_starter_b15_spy_fees,2026-06-26,1046375,0,4,728.989990234375,589.9400024414062,577867.0,19180.0
v2_starter_b15_spy_fees,2026-06-29,1066309,0,4,741.0,614.3499755859375,587387.0,28700.0
v2_starter_b15_spy_fees,2026-06-30,1074764,0,5,746.77001953125,640.760009765625,511642.0,33274.0
v2_starter_b15_spy_fees,2026-07-01,1075896,0,5,745.760009765625,599.7000122070312,510950.0,32582.0
v2_starter_b15_spy_fees,2026-07-02,1078179,0,3,744.780029296875,566.3200073242188,685518.0,31911.0
v2_starter_b15_spy_fees,2026-07-06,1087786,0,3,751.280029296875,581.510009765625,691501.0,37894.0
v2_starter_b15_spy_fees,2026-07-07,1085448,0,3,747.7100219726562,551.6900024414062,688215.0,34608.0
v2_starter_b15_spy_fees,2026-07-08,1085515,0,3,745.4000244140625,562.030029296875,686089.0,32482.0
v2_starter_b15_spy_fees,2026-07-09,1089410,0,3,751.7100219726562,581.7000122070312,691897.0,38290.0
v2_starter_b15_spy_fees,2026-07-10,1098335,0,3,754.9500122070312,581.3400268554688,694879.0,41272.0
v2_starter_b15_spy_fees,2026-07-13,1086602,0,3,749.1699829101562,553.6099853515625,689559.0,35952.0
v2_starter_b15_spy_fees,2026-07-14,1097096,0,3,751.8300170898438,567.9199829101562,692007.0,38400.0
v2_starter_b15_spy_fees,2026-07-15,1108401,0,3,754.8099975585938,555.27001953125,694750.0,41143.0
v2_starter_b15_spy_fees,2026-07-16,1094585,0,3,750.719970703125,530.5,690985.0,37378.0
v2_starter_b15_spy_fees,2026-07-17,1079219,0,3,743.2899780273438,521.8099975585938,684146.0,30539.0
v2_starter_b15_spy_fees,2026-07-20,1082631,0,3,742.0900268554688,524.1400146484375,683042.0,29435.0
v2_starter_b15_spy_fees,2026-07-21,1088150,0,3,748.280029296875,552.6900024414062,688739.0,35132.0
v2_starter_b15_spy_fees,2026-07-22,1087542,0,3,747.4099731445312,555.52001953125,687938.0,34331.0
v2_starter_b15_spy_fees,2026-07-23,1064144,0,3,738.1799926757812,551.239990234375,679442.0,25835.0
v2_starter_b15_spy_fees,2026-07-24,1063709,0,3,738.9299926757812,527.010009765625,680132.0,26525.0
v2_starter_b15_spy_fees,2026-07-27,1060786,0,3,739.0900268554688,516.22998046875,680279.0,26672.0
v2_starter_b15_spy_fees,2026-07-28,1066394,0,3,740.8599853515625,491.4599914550781,681908.0,28301.0
v2_starter_b15_spy_fees,2026-07-29,1051292,0,3,729.4600219726562,465.0,671415.0,17808.0
v2_starter_b15_spy_fees,2026-07-30,1078523,0,3,741.6900024414062,504.5299987792969,682672.0,29065.0
v2_starter_b15_spy_fees,2026-07-31,1100961,0,4,747.030029296875,504.8900146484375,606326.0,33980.0
v2_starter_b15_spy_fees,2026-08-03,1133496,0,6,757.6699829101562,507.67999267578125,490063.0,42616.0
v2_starter_b15_spy_fees,2026-08-04,1162608,0,7,771.3300170898438,542.2100219726562,456049.0,51451.0
v2_starter_b15_spy_fees,2026-08-05,1152472,0,7,769.7899780273438,530.7000122070312,455138.0,50540.0
v2_starter_b15_spy_fees,2026-08-06,1154080,0,6,768.5599975585938,532.52001953125,623775.0,49813.0
v2_starter_b15_spy_fees,2026-08-07,1167693,0,8,773.260009765625,543.27001953125,453836.0,53628.0
v2_starter_b15_spy_fees,2026-08-10,1156420,0,8,773.030029296875,529.3900146484375,453701.0,53493.0
v2_starter_b15_spy_fees,2026-08-11,1155924,0,9,770.5599975585938,534.2000122070312,365625.0,52043.0
v2_starter_b15_spy_fees,2026-08-12,1196905,0,9,772.489990234375,546.6099853515625,366541.0,52959.0
v2_starter_b15_spy_fees,2026-08-13,1203621,0,10,777.8800048828125,550.739990234375,279136.0,55517.0
v2_starter_b15_spy_fees,2026-08-14,1214146,0,10,776.3400268554688,550.4199829101562,278583.0,54964.0
v2_starter_b15_spy_fees,2026-08-17,1222197,0,10,772.6699829101562,559.1199951171875,277266.0,53647.0
v2_starter_b15_spy_fees,2026-08-18,1177988,0,9,767.4500122070312,531.3900146484375,363126.0,51774.0
v2_starter_b15_spy_fees,2026-08-19,1158323,0,9,769.0599975585938,519.6699829101562,363888.0,52536.0
v2_starter_b15_spy_fees,2026-08-20,1175626,0,9,762.5999755859375,522.3499755859375,360831.0,49479.0
v2_starter_b15_spy_fees,2026-08-21,1179843,0,8,765.719970703125,520.0499877929688,460907.0,50955.0
v2_starter_b15_spy_fees,2026-08-24,1166983,0,9,763.469970703125,506.17999267578125,371102.0,49601.0
v2_starter_b15_spy_fees,2026-08-25,1182747,0,9,765.9099731445312,514.0599975585938,372288.0,50787.0
v2_starter_b15_spy_fees,2026-08-26,1184792,0,9,766.0800170898438,515.4000244140625,372371.0,50870.0
v2_starter_b15_spy_fees,2026-08-27,1194933,0,9,771.0999755859375,525.4299926757812,374811.0,53310.0
v2_starter_b15_spy_fees,2026-08-28,1182954,0,10,769.3499755859375,508.6199951171875,329179.0,52459.0
v2_starter_b15_spy_fees,2026-08-31,1176976,0,10,767.0499877929688,511.0400085449219,328195.0,51475.0
v2_starter_b15_spy_fees,2026-09-01,1167551,0,10,761.780029296875,500.30999755859375,325940.0,49220.0
v2_starter_b15_spy_fees,2026-09-02,1169353,0,10,765.1599731445312,501.44000244140625,327386.0,50666.0
v2_starter_b15_spy_fees,2026-09-03,1184351,0,10,773.1699829101562,502.20001220703125,330813.0,54093.0
v2_starter_b15_spy_fees,2026-09-04,1206765,0,10,770.1900024414062,519.8599853515625,329538.0,52818.0
v2_starter_b15_spy_fees,2026-09-08,1232596,0,8,765.9600219726562,528.4000244140625,540304.0,51008.0
v2_starter_b15_spy_fees,2026-09-09,1226865,0,8,762.4000244140625,532.0,537793.0,48497.0
v2_starter_b15_spy_fees,2026-09-10,1219810,0,8,757.8300170898438,517.4299926757812,534569.0,45273.0
v2_starter_b15_spy_fees,2026-09-11,1237667,0,8,764.2899780273438,527.0700073242188,539126.0,49830.0
v2_starter_b15_spy_fees,2026-09-14,1200663,0,6,760.8800048828125,497.3999938964844,667216.0,47425.0
v2_starter_b15_spy_fees,2026-09-15,1193012,0,5,757.3900146484375,498.8500061035156,771144.0,44365.0
v2_starter_b15_spy_fees,2026-09-16,1192441,0,6,754.0499877929688,502.05999755859375,678519.0,40964.0
v2_starter_b15_spy_fees,2026-09-17,1202104,0,8,762.5999755859375,519.0999755859375,326164.0,48658.0
v2_starter_b15_spy_fees,2026-09-18,1219748,0,7,761.6900024414062,533.0700073242188,480964.0,48269.0
v2_starter_b15_spy_fees,2026-09-21,1247925,0,7,773.5,559.3400268554688,488842.0,55726.0
v2_starter_b15_spy_fees,2026-09-22,1252793,0,7,773.3800048828125,572.780029296875,452774.0,55650.0
v2_starter_b15_spy_fees,2026-09-23,1235359,0,7,767.8099975585938,565.719970703125,449513.0,52389.0
v2_starter_b15_spy_fees,2026-09-24,1229192,0,8,767.1799926757812,566.0700073242188,402829.0,52020.0
v2_starter_b15_tb_fees,2026-04-20,999967,0,1,706.8988037109375,417.351806640625,849997.0,0.0
v2_starter_b15_tb_fees,2026-04-21,1000841,0,1,702.2708129882812,420.5003356933594,850118.0,121.0
v2_starter_b15_tb_fees,2026-04-22,1008890,0,1,709.3825073242188,431.5650634765625,850239.0,242.0
v2_starter_b15_tb_fees,2026-04-23,1004173,0,4,706.6295776367188,440.7906799316406,547434.0,363.0
v2_starter_b15_tb_fees,2026-04-24,1015533,0,3,712.10546875,461.38092041015625,620745.0,441.0
v2_starter_b15_tb_fees,2026-04-27,1012935,0,4,713.332275390625,455.19384765625,544548.0,530.0
v2_starter_b15_tb_fees,2026-04-28,1003318,0,4,709.8612060546875,438.50177001953125,544626.0,608.0
v2_starter_b15_tb_fees,2026-04-29,1004464,0,4,709.7515258789062,449.7763977050781,544704.0,686.0
v2_starter_b15_tb_fees,2026-04-30,1013122,0,4,716.8132934570312,461.2209777832031,544782.0,764.0
v2_starter_b15_tb_fees,2026-05-01,1013477,0,4,718.7982177734375,465.5289306640625,544860.0,842.0
v2_starter_b15_tb_fees,2026-05-04,1010804,0,5,716.1649780273438,461.8406982421875,506913.0,920.0
v2_starter_b15_tb_fees,2026-05-05,1012238,0,4,721.9102172851562,482.5008850097656,543920.0,993.0
v2_starter_b15_tb_fees,2026-05-06,1034787,0,4,731.9443359375,506.6294250488281,543998.0,1071.0
v2_starter_b15_tb_fees,2026-05-07,1030204,0,3,729.7001342773438,492.12628173828125,706257.0,1149.0
v2_starter_b15_tb_fees,2026-05-08,1029021,0,3,735.724609375,520.0530395507812,706358.0,1250.0
v2_starter_b15_tb_fees,2026-05-11,1029569,0,3,737.4002685546875,532.5071411132812,706459.0,1351.0
v2_starter_b15_tb_fees,2026-05-12,1026425,0,3,736.2831420898438,515.7450561523438,706560.0,1452.0
v2_starter_b15_tb_fees,2026-05-13,1030233,0,3,740.4025268554688,528.0392456054688,706661.0,1553.0
v2_starter_b15_tb_fees,2026-05-14,1038128,0,3,746.2474975585938,529.7784423828125,706762.0,1654.0
v2_starter_b15_tb_fees,2026-05-15,1032251,0,3,737.2706298828125,508.27862548828125,706863.0,1755.0
v2_starter_b15_tb_fees,2026-05-18,1029440,0,3,736.751953125,495.6346435546875,706964.0,1856.0
v2_starter_b15_tb_fees,2026-05-19,1031539,0,3,731.8446044921875,496.50421142578125,707065.0,1957.0
v2_starter_b15_tb_fees,2026-05-20,1033274,0,3,739.3452758789062,520.0630493164062,707165.0,2057.0
v2_starter_b15_tb_fees,2026-05-21,1037082,0,3,740.8114624023438,524.4609985351562,707266.0,2158.0
v2_starter_b15_tb_fees,2026-05-22,1037276,0,3,743.7239990234375,537.0750122070312,707367.0,2259.0
v2_starter_b15_tb_fees,2026-05-26,1039883,0,3,748.6613159179688,569.8194580078125,707468.0,2360.0
v2_starter_b15_tb_fees,2026-05-27,1044331,0,3,748.5316162109375,563.7122802734375,707569.0,2461.0
v2_starter_b15_tb_fees,2026-05-28,1044373,0,3,752.6609497070312,569.19970703125,707670.0,2562.0
v2_starter_b15_tb_fees,2026-05-29,1044204,0,3,754.5361328125,568.8099365234375,707771.0,2663.0
v2_starter_b15_tb_fees,2026-06-01,1051164,0,3,756.5908203125,571.6585083007812,707873.0,2765.0
v2_starter_b15_tb_fees,2026-06-02,1060401,0,3,757.6182250976562,604.7328491210938,707975.0,2867.0
v2_starter_b15_tb_fees,2026-06-03,1058276,0,3,752.3018798828125,615.3877563476562,708077.0,2969.0
v2_starter_b15_tb_fees,2026-06-04,1058120,0,4,755.1445922851562,602.4338989257812,628798.0,3071.0
v2_starter_b15_tb_fees,2026-06-05,1043014,0,4,735.65478515625,539.5138549804688,628889.0,3162.0
v2_starter_b15_tb_fees,2026-06-08,1043003,0,4,737.3204345703125,571.1787719726562,628980.0,3253.0
v2_starter_b15_tb_fees,2026-06-09,1044149,0,3,735.1560668945312,561.8732299804688,702949.0,3344.0
v2_starter_b15_tb_fees,2026-06-10,1032029,0,2,723.56591796875,541.2529907226562,870388.0,3446.0
v2_starter_b15_tb_fees,2026-06-11,1033085,0,5,735.8642578125,586.6514282226562,406036.0,3571.0
v2_starter_b15_tb_fees,2026-06-12,1043041,0,5,739.843994140625,595.9669799804688,406094.0,3629.0
v2_starter_b15_tb_fees,2026-06-15,1062730,0,4,752.890380859375,628.4500122070312,576838.0,3688.0
v2_starter_b15_tb_fees,2026-06-16,1062819,0,4,748.4019775390625,591.239990234375,576921.0,3771.0
v2_starter_b15_tb_fees,2026-06-17,1059841,0,5,739.0560302734375,599.72998046875,537143.0,3855.0
v2_starter_b15_tb_fees,2026-06-18,1071916,0,5,746.739990234375,639.4500122070312,540315.0,3933.0
v2_starter_b15_tb_fees,2026-06-22,1059856,0,5,744.3900146484375,655.010009765625,540394.0,4012.0
v2_starter_b15_tb_fees,2026-06-23,1051168,0,5,733.5800170898438,603.3900146484375,537323.0,4091.0
v2_starter_b15_tb_fees,2026-06-24,1045121,0,5,733.239990234375,601.5,537402.0,4170.0
v2_starter_b15_tb_fees,2026-06-25,1038560,0,4,734.2999877929688,625.2000122070312,570579.0,4249.0
v2_starter_b15_tb_fees,2026-06-26,1031929,0,4,728.989990234375,589.9400024414062,570662.0,4332.0
v2_starter_b15_tb_fees,2026-06-29,1042213,0,4,741.0,614.3499755859375,570747.0,4417.0
v2_starter_b15_tb_fees,2026-06-30,1046069,0,5,746.77001953125,640.760009765625,492657.0,4502.0
v2_starter_b15_tb_fees,2026-07-01,1047904,0,5,745.760009765625,599.7000122070312,492730.0,4575.0
v2_starter_b15_tb_fees,2026-07-02,1050950,0,3,744.780029296875,566.3200073242188,667719.0,4647.0
v2_starter_b15_tb_fees,2026-07-06,1054591,0,3,751.280029296875,581.510009765625,667818.0,4746.0
v2_starter_b15_tb_fees,2026-07-07,1055616,0,3,747.7100219726562,551.6900024414062,667917.0,4845.0
v2_starter_b15_tb_fees,2026-07-08,1057860,0,3,745.4000244140625,562.030029296875,668016.0,4944.0
v2_starter_b15_tb_fees,2026-07-09,1056089,0,3,751.7100219726562,581.7000122070312,668114.0,5042.0
v2_starter_b15_tb_fees,2026-07-10,1061990,0,3,754.9500122070312,581.3400268554688,668212.0,5140.0
v2_starter_b15_tb_fees,2026-07-13,1055823,0,3,749.1699829101562,553.6099853515625,668312.0,5240.0
v2_starter_b15_tb_fees,2026-07-14,1063784,0,3,751.8300170898438,567.9199829101562,668410.0,5338.0
v2_starter_b15_tb_fees,2026-07-15,1072236,0,3,754.8099975585938,555.27001953125,668508.0,5436.0
v2_starter_b15_tb_fees,2026-07-16,1062514,0,3,750.719970703125,530.5,668606.0,5534.0
v2_starter_b15_tb_fees,2026-07-17,1054288,0,3,743.2899780273438,521.8099975585938,668704.0,5632.0
v2_starter_b15_tb_fees,2026-07-20,1058792,0,3,742.0900268554688,524.1400146484375,668803.0,5731.0
v2_starter_b15_tb_fees,2026-07-21,1058720,0,3,748.280029296875,552.6900024414062,668902.0,5830.0
v2_starter_b15_tb_fees,2026-07-22,1059014,0,3,747.4099731445312,555.52001953125,669002.0,5930.0
v2_starter_b15_tb_fees,2026-07-23,1044567,0,3,738.1799926757812,551.239990234375,669103.0,6031.0
v2_starter_b15_tb_fees,2026-07-24,1043569,0,3,738.9299926757812,527.010009765625,669204.0,6132.0
v2_starter_b15_tb_fees,2026-07-27,1040667,0,3,739.0900268554688,516.22998046875,669305.0,6233.0
v2_starter_b15_tb_fees,2026-07-28,1044649,0,3,740.8599853515625,491.4599914550781,669405.0,6333.0
v2_starter_b15_tb_fees,2026-07-29,1040247,0,3,729.4600219726562,465.0,669503.0,6431.0
v2_starter_b15_tb_fees,2026-07-30,1055903,0,3,741.6900024414062,504.5299987792969,669601.0,6529.0
v2_starter_b15_tb_fees,2026-07-31,1073107,0,4,747.030029296875,504.8900146484375,590496.0,6627.0
v2_starter_b15_tb_fees,2026-08-03,1096507,0,6,757.6699829101562,507.67999267578125,469782.0,6715.0
v2_starter_b15_tb_fees,2026-08-04,1116304,0,7,771.3300170898438,542.2100219726562,428719.0,6785.0
v2_starter_b15_tb_fees,2026-08-05,1107416,0,7,769.7899780273438,530.7000122070312,428783.0,6849.0
v2_starter_b15_tb_fees,2026-08-06,1109749,0,6,768.5599975585938,532.52001953125,594266.0,6913.0
v2_starter_b15_tb_fees,2026-08-07,1119308,0,8,773.260009765625,543.27001953125,427810.0,7001.0
v2_starter_b15_tb_fees,2026-08-10,1108578,0,8,773.030029296875,529.3900146484375,427873.0,7064.0
v2_starter_b15_tb_fees,2026-08-11,1109499,0,9,770.5599975585938,534.2000122070312,344786.0,7128.0
v2_starter_b15_tb_fees,2026-08-12,1148211,0,9,772.489990234375,546.6099853515625,344837.0,7179.0
v2_starter_b15_tb_fees,2026-08-13,1152182,0,10,777.8800048828125,550.739990234375,258765.0,7230.0
v2_starter_b15_tb_fees,2026-08-14,1162926,0,10,776.3400268554688,550.4199829101562,258803.0,7268.0
v2_starter_b15_tb_fees,2026-08-17,1171966,0,10,772.6699829101562,559.1199951171875,258841.0,7306.0
v2_starter_b15_tb_fees,2026-08-18,1131170,0,9,767.4500122070312,531.3900146484375,342867.0,7344.0
v2_starter_b15_tb_fees,2026-08-19,1111537,0,9,769.0599975585938,519.6699829101562,342917.0,7394.0
v2_starter_b15_tb_fees,2026-08-20,1131164,0,9,762.5999755859375,522.3499755859375,342967.0,7444.0
v2_starter_b15_tb_fees,2026-08-21,1133862,0,8,765.719970703125,520.0499877929688,439121.0,7495.0
v2_starter_b15_tb_fees,2026-08-24,1122899,0,9,763.469970703125,506.17999267578125,354078.0,7560.0
v2_starter_b15_tb_fees,2026-08-25,1136979,0,9,765.9099731445312,514.0599975585938,354130.0,7612.0
v2_starter_b15_tb_fees,2026-08-26,1138896,0,9,766.0800170898438,515.4000244140625,354182.0,7664.0
v2_starter_b15_tb_fees,2026-08-27,1146371,0,9,771.0999755859375,525.4299926757812,354234.0,7716.0
v2_starter_b15_tb_fees,2026-08-28,1135782,0,10,769.3499755859375,508.6199951171875,311293.0,7769.0
v2_starter_b15_tb_fees,2026-08-31,1130940,0,10,767.0499877929688,511.0400085449219,311340.0,7816.0
v2_starter_b15_tb_fees,2026-09-01,1124038,0,10,761.780029296875,500.30999755859375,311387.0,7863.0
v2_starter_b15_tb_fees,2026-09-02,1124435,0,10,765.1599731445312,501.44000244140625,311434.0,7910.0
v2_starter_b15_tb_fees,2026-09-03,1135657,0,10,773.1699829101562,502.20001220703125,311480.0,7956.0
v2_starter_b15_tb_fees,2026-09-04,1158405,0,10,770.1900024414062,519.8599853515625,311527.0,8003.0
v2_starter_b15_tb_fees,2026-09-08,1185019,0,8,765.9600219726562,528.4000244140625,515486.0,8050.0
v2_starter_b15_tb_fees,2026-09-09,1181937,0,8,762.4000244140625,532.0,515564.0,8128.0
v2_starter_b15_tb_fees,2026-09-10,1178339,0,8,757.8300170898438,517.4299926757812,515643.0,8207.0
v2_starter_b15_tb_fees,2026-09-11,1191282,0,8,764.2899780273438,527.0700073242188,515722.0,8286.0
v2_starter_b15_tb_fees,2026-09-14,1158116,0,6,760.8800048828125,497.3999938964844,641699.0,8366.0
v2_starter_b15_tb_fees,2026-09-15,1153755,0,5,757.3900146484375,498.8500061035156,745931.0,8467.0
v2_starter_b15_tb_fees,2026-09-16,1156579,0,6,754.0499877929688,502.05999755859375,659506.0,8585.0
v2_starter_b15_tb_fees,2026-09-17,1158615,0,8,762.5999755859375,519.0999755859375,312597.0,8689.0
v2_starter_b15_tb_fees,2026-09-18,1176026,0,7,761.6900024414062,533.0700073242188,462932.0,8738.0
v2_starter_b15_tb_fees,2026-09-21,1196078,0,7,773.5,559.3400268554688,464483.0,8811.0
v2_starter_b15_tb_fees,2026-09-22,1200883,0,7,773.3800048828125,572.780029296875,429386.0,8885.0
v2_starter_b15_tb_fees,2026-09-23,1187245,0,7,767.8099975585938,565.719970703125,429454.0,8953.0
v2_starter_b15_tb_fees,2026-09-24,1181749,0,8,767.1799926757812,566.0700073242188,384996.0,9022.0
v2_starter_b15_tb_fees_frz,2026-04-20,999566,0,1,705.1477661132812,417.0791015625,849997.0,0.0
v2_starter_b15_tb_fees_frz,2026-04-21,1000438,0,1,700.53125,420.2255859375,850118.0,121.0
v2_starter_b15_tb_fees_frz,2026-04-22,1008466,0,1,707.6253051757812,431.2830810546875,850239.0,242.0
v2_starter_b15_tb_fees_frz,2026-04-23,1004686,0,3,704.8792114257812,440.502685546875,623312.0,363.0
v2_starter_b15_tb_fees_frz,2026-04-24,1016785,0,2,710.3414916992188,461.0794677734375,697110.0,452.0
v2_starter_b15_tb_fees_frz,2026-04-27,1014299,0,3,711.5653686523438,454.8964538574219,620830.0,552.0
v2_starter_b15_tb_fees_frz,2026-04-28,1005092,0,2,708.1029052734375,438.2152404785156,769277.0,641.0
v2_starter_b15_tb_fees_frz,2026-04-29,1005620,0,2,707.993408203125,449.4825439453125,769387.0,751.0
v2_starter_b15_tb_fees_frz,2026-04-30,1007221,0,2,715.0377197265625,460.91961669921875,769497.0,861.0
v2_starter_b15_tb_fees_frz,2026-05-01,1008435,0,2,717.0177001953125,465.2247619628906,769607.0,971.0
v2_starter_b15_tb_fees_frz,2026-05-04,1010016,0,3,714.3909912109375,461.5389099121094,731880.0,1081.0
v2_starter_b15_tb_fees_frz,2026-05-05,1005748,0,2,720.1220092773438,482.1856384277344,768736.0,1186.0
v2_starter_b15_tb_fees_frz,2026-05-06,1016863,0,2,730.1312866210938,506.29840087890625,768846.0,1296.0
v2_starter_b15_tb_fees_frz,2026-05-07,1014753,0,2,727.8926391601562,491.8047180175781,768956.0,1406.0
v2_starter_b15_tb_fees_frz,2026-05-08,1013907,0,2,733.9021606445312,519.7132568359375,769066.0,1516.0
v2_starter_b15_tb_fees_frz,2026-05-11,1013200,0,2,735.5736694335938,532.1592407226562,769176.0,1626.0
v2_starter_b15_tb_fees_frz,2026-05-12,1009690,0,2,734.4593505859375,515.4080810546875,769286.0,1736.0
v2_starter_b15_tb_fees_frz,2026-05-13,1012612,0,2,738.5685424804688,527.6942749023438,769396.0,1846.0
v2_starter_b15_tb_fees_frz,2026-05-14,1020221,0,2,744.3989868164062,529.4323120117188,769506.0,1956.0
v2_starter_b15_tb_fees_frz,2026-05-15,1014537,0,2,735.4443969726562,507.946533203125,769616.0,2066.0
v2_starter_b15_tb_fees_frz,2026-05-18,1011301,0,2,734.927001953125,495.310791015625,769726.0,2176.0
v2_starter_b15_tb_fees_frz,2026-05-19,1011583,0,2,730.03173828125,496.1798095703125,769836.0,2286.0
v2_starter_b15_tb_fees_frz,2026-05-20,1014481,0,2,737.5138549804688,519.7232666015625,769945.0,2395.0
v2_starter_b15_tb_fees_frz,2026-05-21,1017426,0,2,738.9764404296875,524.1182861328125,770055.0,2505.0
v2_starter_b15_tb_fees_frz,2026-05-22,1017162,0,2,741.8817749023438,536.7240600585938,770165.0,2615.0
v2_starter_b15_tb_fees_frz,2026-05-26,1019884,0,2,746.8068237304688,569.4471435546875,770275.0,2725.0
v2_starter_b15_tb_fees_frz,2026-05-27,1024288,0,2,746.6774291992188,563.343994140625,770385.0,2835.0
v2_starter_b15_tb_fees_frz,2026-05-28,1024501,0,2,750.7965698242188,568.8277587890625,770495.0,2945.0
v2_starter_b15_tb_fees_frz,2026-05-29,1022982,0,2,752.6671142578125,568.4382934570312,770605.0,3055.0
v2_starter_b15_tb_fees_frz,2026-06-01,1030021,0,2,754.7166748046875,571.2849731445312,770716.0,3166.0
v2_starter_b15_tb_fees_frz,2026-06-02,1036920,0,2,755.7415771484375,604.3377075195312,770827.0,3277.0
v2_starter_b15_tb_fees_frz,2026-06-03,1034412,0,2,750.4384155273438,614.9856567382812,770938.0,3388.0
v2_starter_b15_tb_fees_frz,2026-06-04,1035675,0,3,753.2740478515625,602.040283203125,693457.0,3499.0
v2_starter_b15_tb_fees_frz,2026-06-05,1021247,0,3,733.83251953125,539.1613159179688,693557.0,3599.0
v2_starter_b15_tb_fees_frz,2026-06-08,1022974,0,3,735.4940795898438,570.8056030273438,693657.0,3699.0
v2_starter_b15_tb_fees_frz,2026-06-09,1024029,0,2,733.3350830078125,561.5060424804688,767246.0,3799.0
v2_starter_b15_tb_fees_frz,2026-06-10,1014841,0,1,721.7736206054688,540.8993530273438,934694.0,3910.0
v2_starter_b15_tb_fees_frz,2026-06-11,1014942,0,4,734.04150390625,586.2681274414062,478082.0,4045.0
v2_starter_b15_tb_fees_frz,2026-06-12,1023671,0,4,738.0113525390625,595.5775756835938,478151.0,4114.0
v2_starter_b15_tb_fees_frz,2026-06-15,1042550,0,3,751.0254516601562,628.0393676757812,646064.0,4183.0
v2_starter_b15_tb_fees_frz,2026-06-16,1042441,0,3,746.5481567382812,590.8536987304688,646157.0,4276.0
v2_starter_b15_tb_fees_frz,2026-06-17,1037873,0,4,737.225341796875,599.338134765625,607153.0,4370.0
v2_starter_b15_tb_fees_frz,2026-06-18,1048865,0,4,744.8902587890625,639.0322265625,610337.0,4458.0
v2_starter_b15_tb_fees_frz,2026-06-22,1036938,0,4,742.546142578125,654.58203125,610427.0,4548.0
v2_starter_b15_tb_fees_frz,2026-06-23,1028487,0,4,731.7628784179688,602.9957885742188,607468.0,4638.0
v2_starter_b15_tb_fees_frz,2026-06-24,1025760,0,3,731.4237060546875,601.1069946289062,645409.0,4727.0
v2_starter_b15_tb_fees_frz,2026-06-25,1021356,0,2,732.4810791015625,624.79150390625,789986.0,4822.0
v2_starter_b15_tb_fees_frz,2026-06-26,1018035,0,2,727.1842651367188,589.5545654296875,790101.0,4937.0
v2_starter_b15_tb_fees_frz,2026-06-29,1025245,0,3,739.1644897460938,613.9485473632812,637492.0,5054.0
v2_starter_b15_tb_fees_frz,2026-06-30,1029907,0,4,744.9202270507812,640.3413696289062,560684.0,5149.0
v2_starter_b15_tb_fees_frz,2026-07-01,1031708,0,4,743.9127197265625,599.3081665039062,560767.0,5232.0
v2_starter_b15_tb_fees_frz,2026-07-02,1032679,0,3,742.9351806640625,565.9500122070312,647978.0,5314.0
v2_starter_b15_tb_fees_frz,2026-07-06,1036288,0,3,749.4190673828125,581.1300659179688,648074.0,5410.0
v2_starter_b15_tb_fees_frz,2026-07-07,1037349,0,3,745.85791015625,551.3295288085938,648170.0,5506.0
v2_starter_b15_tb_fees_frz,2026-07-08,1039843,0,3,743.5536499023438,561.6627807617188,648266.0,5602.0
v2_starter_b15_tb_fees_frz,2026-07-09,1038045,0,3,749.8480224609375,581.3199462890625,648361.0,5697.0
v2_starter_b15_tb_fees_frz,2026-07-10,1044176,0,3,753.0799560546875,580.960205078125,648456.0,5792.0
v2_starter_b15_tb_fees_frz,2026-07-13,1037812,0,3,747.3142700195312,553.248291015625,648553.0,5889.0
v2_starter_b15_tb_fees_frz,2026-07-14,1045971,0,3,749.9677124023438,567.5488891601562,648648.0,5984.0
v2_starter_b15_tb_fees_frz,2026-07-15,1054310,0,3,752.9403076171875,554.9072265625,648743.0,6079.0
v2_starter_b15_tb_fees_frz,2026-07-16,1044545,0,3,748.8604125976562,530.1533813476562,648838.0,6174.0
v2_starter_b15_tb_fees_frz,2026-07-17,1036271,0,3,741.4487915039062,521.4690551757812,648934.0,6270.0
v2_starter_b15_tb_fees_frz,2026-07-20,1040718,0,3,740.2518310546875,523.7975463867188,649030.0,6366.0
v2_starter_b15_tb_fees_frz,2026-07-21,1040807,0,3,746.426513671875,552.328857421875,649126.0,6462.0
v2_starter_b15_tb_fees_frz,2026-07-22,1041284,0,3,745.55859375,555.1570434570312,649223.0,6559.0
v2_starter_b15_tb_fees_frz,2026-07-23,1027330,0,2,736.3515014648438,550.8798217773438,785520.0,6657.0
v2_starter_b15_tb_fees_frz,2026-07-24,1025972,0,2,737.099609375,526.6656494140625,785639.0,6776.0
v2_starter_b15_tb_fees_frz,2026-07-27,1019533,0,2,737.25927734375,515.8927001953125,785758.0,6895.0
v2_starter_b15_tb_fees_frz,2026-07-28,1020917,0,2,739.0248413085938,491.1388854980469,785876.0,7013.0
v2_starter_b15_tb_fees_frz,2026-07-29,1015435,0,1,727.6531372070312,464.6961669921875,935091.0,7128.0
v2_starter_b15_tb_fees_frz,2026-07-30,1028031,0,1,739.852783203125,504.2003479003906,935228.0,7265.0
v2_starter_b15_tb_fees_frz,2026-07-31,1030952,0,2,745.1796264648438,504.56011962890625,858249.0,7402.0
v2_starter_b15_tb_fees_frz,2026-08-03,1032057,0,3,755.793212890625,507.3482666015625,816184.0,7530.0
v2_starter_b15_tb_fees_frz,2026-08-04,1038679,0,4,769.4193725585938,541.8557739257812,777587.0,7651.0
v2_starter_b15_tb_fees_frz,2026-08-05,1033632,0,5,767.8831787109375,530.353271484375,699789.0,7766.0
v2_starter_b15_tb_fees_frz,2026-08-06,1036192,0,4,766.65625,532.1720581054688,777685.0,7870.0
v2_starter_b15_tb_fees_frz,2026-08-07,1041072,0,6,771.3446044921875,542.9150390625,622289.0,7985.0
v2_starter_b15_tb_fees_frz,2026-08-10,1038076,0,6,771.1151733398438,529.0441284179688,622381.0,8077.0
v2_starter_b15_tb_fees_frz,2026-08-11,1042240,0,6,768.6513061523438,533.8509521484375,620269.0,8169.0
v2_starter_b15_tb_fees_frz,2026-08-12,1063427,0,6,770.5764770507812,546.2528076171875,620361.0,8261.0
v2_starter_b15_tb_fees_frz,2026-08-13,1068559,0,8,775.9531860351562,550.380126953125,460918.0,8352.0
v2_starter_b15_tb_fees_frz,2026-08-14,1073975,0,8,774.4169921875,550.0603637695312,460986.0,8420.0
v2_starter_b15_tb_fees_frz,2026-08-17,1078549,0,8,770.7560424804688,558.7546997070312,461054.0,8488.0
v2_starter_b15_tb_fees_frz,2026-08-18,1050599,0,7,765.5490112304688,531.0427856445312,538911.0,8556.0
v2_starter_b15_tb_fees_frz,2026-08-19,1036809,0,7,767.1549682617188,519.3304443359375,538990.0,8635.0
v2_starter_b15_tb_fees_frz,2026-08-20,1051055,0,7,760.7109985351562,522.0086669921875,539069.0,8714.0
v2_starter_b15_tb_fees_frz,2026-08-21,1053573,0,7,763.8232421875,519.710205078125,539149.0,8794.0
v2_starter_b15_tb_fees_frz,2026-08-24,1040819,0,7,761.5787963867188,505.8492736816406,535465.0,8874.0
v2_starter_b15_tb_fees_frz,2026-08-25,1052648,0,7,764.0127563476562,513.72412109375,535544.0,8953.0
v2_starter_b15_tb_fees_frz,2026-08-26,1055756,0,7,764.182373046875,515.0632934570312,535623.0,9032.0
v2_starter_b15_tb_fees_frz,2026-08-27,1063696,0,7,769.18994140625,525.086669921875,535701.0,9110.0
v2_starter_b15_tb_fees_frz,2026-08-28,1051960,0,7,767.4442749023438,508.28765869140625,535781.0,9190.0
v2_starter_b15_tb_fees_frz,2026-08-31,1047579,0,7,765.1499633789062,510.70611572265625,535861.0,9270.0
v2_starter_b15_tb_fees_frz,2026-09-01,1045564,0,7,759.89306640625,499.98309326171875,535941.0,9350.0
v2_starter_b15_tb_fees_frz,2026-09-02,1042061,0,7,763.2646484375,501.11236572265625,536021.0,9430.0
v2_starter_b15_tb_fees_frz,2026-09-03,1049974,0,7,771.2548217773438,501.87188720703125,536101.0,9510.0
v2_starter_b15_tb_fees_frz,2026-09-04,1064782,0,7,768.2822265625,519.5203247070312,536181.0,9590.0
v2_starter_b15_tb_fees_frz,2026-09-08,1092204,0,7,764.0626831054688,528.0547485351562,536262.0,9671.0
v2_starter_b15_tb_fees_frz,2026-09-09,1089853,0,7,760.5115356445312,531.6524047851562,594544.0,9752.0
v2_starter_b15_tb_fees_frz,2026-09-10,1085622,0,7,755.9528198242188,517.0919189453125,594635.0,9843.0
v2_starter_b15_tb_fees_frz,2026-09-11,1095715,0,7,762.3967895507812,526.7256469726562,594727.0,9935.0
v2_starter_b15_tb_fees_frz,2026-09-14,1060134,0,3,758.9952392578125,497.07501220703125,823487.0,10029.0
v2_starter_b15_tb_fees_frz,2026-09-15,1057867,0,2,755.513916015625,498.8500061035156,926054.0,10159.0
v2_starter_b15_tb_fees_frz,2026-09-16,1061504,0,3,752.1821899414062,502.05999755859375,846847.0,10306.0
v2_starter_b15_tb_fees_frz,2026-09-17,1060999,0,5,760.7109985351562,519.0999755859375,528481.0,10439.0
v2_starter_b15_tb_fees_frz,2026-09-18,1073874,0,4,761.6900024414062,533.0700073242188,636862.0,10523.0
v2_starter_b15_tb_fees_frz,2026-09-21,1084931,0,4,773.5,559.3400268554688,638778.0,10624.0
v2_starter_b15_tb_fees_frz,2026-09-22,1087894,0,3,773.3800048828125,572.780029296875,804307.0,10726.0
v2_starter_b15_tb_fees_frz,2026-09-23,1088228,0,3,767.8099975585938,565.719970703125,804435.0,10854.0
v2_starter_b15_tb_fees_frz,2026-09-24,1085252,0,4,767.1799926757812,566.0700073242188,763748.0,10983.0
v2_starter_b15_tb_fees_full,2026-04-20,999967,0,1,706.8988037109375,417.351806640625,849997.0,0.0
v2_starter_b15_tb_fees_full,2026-04-21,1000841,0,1,702.2708129882812,420.5003356933594,850118.0,121.0
v2_starter_b15_tb_fees_full,2026-04-22,1008890,0,1,709.3825073242188,431.5650634765625,850239.0,242.0
v2_starter_b15_tb_fees_full,2026-04-23,1004173,0,4,706.6295776367188,440.7906799316406,547434.0,363.0
v2_starter_b15_tb_fees_full,2026-04-24,1015533,0,3,712.10546875,461.38092041015625,620745.0,441.0
v2_starter_b15_tb_fees_full,2026-04-27,1012935,0,4,713.332275390625,455.19384765625,544548.0,530.0
v2_starter_b15_tb_fees_full,2026-04-28,1003318,0,4,709.8612060546875,438.50177001953125,544626.0,608.0
v2_starter_b15_tb_fees_full,2026-04-29,1004464,0,4,709.7515258789062,449.7763977050781,544704.0,686.0
v2_starter_b15_tb_fees_full,2026-04-30,1013122,0,4,716.8132934570312,461.2209777832031,544782.0,764.0
v2_starter_b15_tb_fees_full,2026-05-01,1013477,0,4,718.7982177734375,465.5289306640625,544860.0,842.0
v2_starter_b15_tb_fees_full,2026-05-04,1010768,0,5,716.1649780273438,461.8406982421875,468887.0,920.0
v2_starter_b15_tb_fees_full,2026-05-05,1011142,0,4,721.9102172851562,482.5008850097656,542824.0,987.0
v2_starter_b15_tb_fees_full,2026-05-06,1033691,0,4,731.9443359375,506.6294250488281,542902.0,1065.0
v2_starter_b15_tb_fees_full,2026-05-07,1029108,0,3,729.7001342773438,492.12628173828125,705161.0,1143.0
v2_starter_b15_tb_fees_full,2026-05-08,1027925,0,3,735.724609375,520.0530395507812,705262.0,1244.0
v2_starter_b15_tb_fees_full,2026-05-11,1028473,0,3,737.4002685546875,532.5071411132812,705363.0,1345.0
v2_starter_b15_tb_fees_full,2026-05-12,1025329,0,3,736.2831420898438,515.7450561523438,705464.0,1446.0
v2_starter_b15_tb_fees_full,2026-05-13,1029137,0,3,740.4025268554688,528.0392456054688,705565.0,1547.0
v2_starter_b15_tb_fees_full,2026-05-14,1037032,0,3,746.2474975585938,529.7784423828125,705666.0,1648.0
v2_starter_b15_tb_fees_full,2026-05-15,1031155,0,3,737.2706298828125,508.27862548828125,705767.0,1749.0
v2_starter_b15_tb_fees_full,2026-05-18,1028344,0,3,736.751953125,495.6346435546875,705868.0,1850.0
v2_starter_b15_tb_fees_full,2026-05-19,1030443,0,3,731.8446044921875,496.50421142578125,705969.0,1951.0
v2_starter_b15_tb_fees_full,2026-05-20,1032178,0,3,739.3452758789062,520.0630493164062,706069.0,2051.0
v2_starter_b15_tb_fees_full,2026-05-21,1035986,0,3,740.8114624023438,524.4609985351562,706170.0,2152.0
v2_starter_b15_tb_fees_full,2026-05-22,1036180,0,3,743.7239990234375,537.0750122070312,706271.0,2253.0
v2_starter_b15_tb_fees_full,2026-05-26,1038787,0,3,748.6613159179688,569.8194580078125,706372.0,2354.0
v2_starter_b15_tb_fees_full,2026-05-27,1043235,0,3,748.5316162109375,563.7122802734375,706473.0,2455.0
v2_starter_b15_tb_fees_full,2026-05-28,1043277,0,3,752.6609497070312,569.19970703125,706574.0,2556.0
v2_starter_b15_tb_fees_full,2026-05-29,1043108,0,3,754.5361328125,568.8099365234375,706675.0,2657.0
v2_starter_b15_tb_fees_full,2026-06-01,1050068,0,3,756.5908203125,571.6585083007812,706777.0,2759.0
v2_starter_b15_tb_fees_full,2026-06-02,1059305,0,3,757.6182250976562,604.7328491210938,706879.0,2861.0
v2_starter_b15_tb_fees_full,2026-06-03,1057180,0,3,752.3018798828125,615.3877563476562,706981.0,2963.0
v2_starter_b15_tb_fees_full,2026-06-04,1057024,0,4,755.1445922851562,602.4338989257812,627784.0,3065.0
v2_starter_b15_tb_fees_full,2026-06-05,1041919,0,4,735.65478515625,539.5138549804688,627874.0,3155.0
v2_starter_b15_tb_fees_full,2026-06-08,1041909,0,4,737.3204345703125,571.1787719726562,627965.0,3246.0
v2_starter_b15_tb_fees_full,2026-06-09,1043058,0,3,735.1560668945312,561.8732299804688,701858.0,3337.0
v2_starter_b15_tb_fees_full,2026-06-10,1030937,0,2,723.56591796875,541.2529907226562,869296.0,3438.0
v2_starter_b15_tb_fees_full,2026-06-11,1031993,0,5,735.8642578125,586.6514282226562,405436.0,3563.0
v2_starter_b15_tb_fees_full,2026-06-12,1041941,0,5,739.843994140625,595.9669799804688,405494.0,3621.0
v2_starter_b15_tb_fees_full,2026-06-15,1061611,0,4,752.890380859375,628.4500122070312,576058.0,3680.0
v2_starter_b15_tb_fees_full,2026-06-16,1061702,0,4,748.4019775390625,591.239990234375,576141.0,3763.0
v2_starter_b15_tb_fees_full,2026-06-17,1058711,0,5,739.0560302734375,599.72998046875,496588.0,3847.0
v2_starter_b15_tb_fees_full,2026-06-18,1073751,0,5,746.739990234375,639.4500122070312,502845.0,3919.0
v2_starter_b15_tb_fees_full,2026-06-22,1059699,0,5,744.3900146484375,655.010009765625,502919.0,3993.0
v2_starter_b15_tb_fees_full,2026-06-23,1049826,0,5,733.5800170898438,603.3900146484375,496716.0,4067.0
v2_starter_b15_tb_fees_full,2026-06-24,1039827,0,5,733.239990234375,601.5,496789.0,4140.0
v2_starter_b15_tb_fees_full,2026-06-25,1030645,0,4,734.2999877929688,625.2000122070312,562978.0,4213.0
v2_starter_b15_tb_fees_full,2026-06-26,1024020,0,4,728.989990234375,589.9400024414062,563060.0,4295.0
v2_starter_b15_tb_fees_full,2026-06-29,1034293,0,4,741.0,614.3499755859375,563144.0,4379.0
v2_starter_b15_tb_fees_full,2026-06-30,1038145,0,5,746.77001953125,640.760009765625,485647.0,4463.0
v2_starter_b15_tb_fees_full,2026-07-01,1039959,0,5,745.760009765625,599.7000122070312,485718.0,4534.0
v2_starter_b15_tb_fees_full,2026-07-02,1042996,0,3,744.780029296875,566.3200073242188,660706.0,4605.0
v2_starter_b15_tb_fees_full,2026-07-06,1046638,0,3,751.280029296875,581.510009765625,660804.0,4703.0
v2_starter_b15_tb_fees_full,2026-07-07,1047657,0,3,747.7100219726562,551.6900024414062,660902.0,4801.0
v2_starter_b15_tb_fees_full,2026-07-08,1049908,0,3,745.4000244140625,562.030029296875,661000.0,4899.0
v2_starter_b15_tb_fees_full,2026-07-09,1048135,0,3,751.7100219726562,581.7000122070312,661097.0,4996.0
v2_starter_b15_tb_fees_full,2026-07-10,1054029,0,3,754.9500122070312,581.3400268554688,661194.0,5093.0
v2_starter_b15_tb_fees_full,2026-07-13,1047858,0,3,749.1699829101562,553.6099853515625,661293.0,5192.0
v2_starter_b15_tb_fees_full,2026-07-14,1055819,0,3,751.8300170898438,567.9199829101562,661390.0,5289.0
v2_starter_b15_tb_fees_full,2026-07-15,1064246,0,3,754.8099975585938,555.27001953125,661487.0,5386.0
v2_starter_b15_tb_fees_full,2026-07-16,1054526,0,3,750.719970703125,530.5,661584.0,5483.0
v2_starter_b15_tb_fees_full,2026-07-17,1046319,0,3,743.2899780273438,521.8099975585938,661681.0,5580.0
v2_starter_b15_tb_fees_full,2026-07-20,1050804,0,3,742.0900268554688,524.1400146484375,661779.0,5678.0
v2_starter_b15_tb_fees_full,2026-07-21,1050739,0,3,748.280029296875,552.6900024414062,661877.0,5776.0
v2_starter_b15_tb_fees_full,2026-07-22,1051040,0,3,747.4099731445312,555.52001953125,661975.0,5874.0
v2_starter_b15_tb_fees_full,2026-07-23,1036619,0,3,738.1799926757812,551.239990234375,662075.0,5974.0
v2_starter_b15_tb_fees_full,2026-07-24,1035621,0,3,738.9299926757812,527.010009765625,662175.0,6074.0
v2_starter_b15_tb_fees_full,2026-07-27,1032712,0,3,739.0900268554688,516.22998046875,662275.0,6174.0
v2_starter_b15_tb_fees_full,2026-07-28,1036682,0,3,740.8599853515625,491.4599914550781,662374.0,6273.0
v2_starter_b15_tb_fees_full,2026-07-29,1032288,0,3,729.4600219726562,465.0,662471.0,6370.0
v2_starter_b15_tb_fees_full,2026-07-30,1047845,0,3,741.6900024414062,504.5299987792969,662568.0,6467.0
v2_starter_b15_tb_fees_full,2026-07-31,1065009,0,4,747.030029296875,504.8900146484375,584066.0,6564.0
v2_starter_b15_tb_fees_full,2026-08-03,1088265,0,6,757.6699829101562,507.67999267578125,424303.0,6651.0
v2_starter_b15_tb_fees_full,2026-08-04,1108799,0,7,771.3300170898438,542.2100219726562,342718.0,6714.0
v2_starter_b15_tb_fees_full,2026-08-05,1098744,0,7,769.7899780273438,530.7000122070312,342769.0,6765.0
v2_starter_b15_tb_fees_full,2026-08-06,1102233,0,6,768.5599975585938,532.52001953125,508064.0,6816.0
v2_starter_b15_tb_fees_full,2026-08-07,1117412,0,8,773.260009765625,543.27001953125,342725.0,6891.0
v2_starter_b15_tb_fees_full,2026-08-10,1104945,0,8,773.030029296875,529.3900146484375,342776.0,6942.0
v2_starter_b15_tb_fees_full,2026-08-11,1108860,0,9,770.5599975585938,534.2000122070312,259949.0,6993.0
v2_starter_b15_tb_fees_full,2026-08-12,1149407,0,9,772.489990234375,546.6099853515625,259987.0,7031.0
v2_starter_b15_tb_fees_full,2026-08-13,1151160,0,10,777.8800048828125,550.739990234375,173814.0,7069.0
v2_starter_b15_tb_fees_full,2026-08-14,1163731,0,10,776.3400268554688,550.4199829101562,173840.0,7095.0
v2_starter_b15_tb_fees_full,2026-08-17,1174246,0,10,772.6699829101562,559.1199951171875,173866.0,7121.0
v2_starter_b15_tb_fees_full,2026-08-18,1125220,0,9,767.4500122070312,531.3900146484375,257966.0,7147.0
v2_starter_b15_tb_fees_full,2026-08-19,1103344,0,9,769.0599975585938,519.6699829101562,258004.0,7185.0
v2_starter_b15_tb_fees_full,2026-08-20,1123595,0,9,762.5999755859375,522.3499755859375,258042.0,7223.0
v2_starter_b15_tb_fees_full,2026-08-21,1126728,0,8,765.719970703125,520.0499877929688,353451.0,7261.0
v2_starter_b15_tb_fees_full,2026-08-24,1112429,0,9,763.469970703125,506.17999267578125,268933.0,7313.0
v2_starter_b15_tb_fees_full,2026-08-25,1127559,0,9,765.9099731445312,514.0599975585938,268973.0,7353.0
v2_starter_b15_tb_fees_full,2026-08-26,1129707,0,9,766.0800170898438,515.4000244140625,269012.0,7392.0
v2_starter_b15_tb_fees_full,2026-08-27,1136874,0,9,771.0999755859375,525.4299926757812,269051.0,7431.0
v2_starter_b15_tb_fees_full,2026-08-28,1122528,0,10,769.3499755859375,508.6199951171875,183819.0,7471.0
v2_starter_b15_tb_fees_full,2026-08-31,1117482,0,10,767.0499877929688,511.0400085449219,183847.0,7499.0
v2_starter_b15_tb_fees_full,2026-09-01,1106819,0,10,761.780029296875,500.30999755859375,183875.0,7527.0
v2_starter_b15_tb_fees_full,2026-09-02,1109963,0,10,765.1599731445312,501.44000244140625,183903.0,7555.0
v2_starter_b15_tb_fees_full,2026-09-03,1120881,0,10,773.1699829101562,502.20001220703125,183930.0,7582.0
v2_starter_b15_tb_fees_full,2026-09-04,1149503,0,10,770.1900024414062,519.8599853515625,183958.0,7610.0
v2_starter_b15_tb_fees_full,2026-09-08,1177947,0,8,765.9600219726562,528.4000244140625,386896.0,7638.0
v2_starter_b15_tb_fees_full,2026-09-09,1172354,0,8,762.4000244140625,532.0,386954.0,7696.0
v2_starter_b15_tb_fees_full,2026-09-10,1167194,0,8,757.8300170898438,517.4299926757812,387013.0,7755.0
v2_starter_b15_tb_fees_full,2026-09-11,1184786,0,8,764.2899780273438,527.0700073242188,387072.0,7814.0
v2_starter_b15_tb_fees_full,2026-09-14,1138995,0,6,760.8800048828125,497.3999938964844,554673.0,7874.0
v2_starter_b15_tb_fees_full,2026-09-15,1134191,0,5,757.3900146484375,498.8500061035156,658100.0,7961.0
v2_starter_b15_tb_fees_full,2026-09-16,1136809,0,6,754.0499877929688,502.05999755859375,573129.0,8065.0
v2_starter_b15_tb_fees_full,2026-09-17,1140746,0,8,762.5999755859375,519.0999755859375,232142.0,8156.0
v2_starter_b15_tb_fees_full,2026-09-18,1159634,0,7,761.6900024414062,533.0700073242188,456167.0,8193.0
v2_starter_b15_tb_fees_full,2026-09-21,1181892,0,7,773.5,559.3400268554688,457430.0,8265.0
v2_starter_b15_tb_fees_full,2026-09-22,1186144,0,7,773.3800048828125,572.780029296875,343610.0,8338.0
v2_starter_b15_tb_fees_full,2026-09-23,1170100,0,7,767.8099975585938,565.719970703125,343665.0,8393.0
v2_starter_b15_tb_fees_full,2026-09-24,1163457,0,8,767.1799926757812,566.0700073242188,255955.0,8448.0
v2_starter_b15_tb_fees_mc67,2026-04-20,999967,0,1,706.8988037109375,417.351806640625,849997.0,0.0
v2_starter_b15_tb_fees_mc67,2026-04-21,1000841,0,1,702.2708129882812,420.5003356933594,850118.0,121.0
v2_starter_b15_tb_fees_mc67,2026-04-22,1008890,0,1,709.3825073242188,431.5650634765625,850239.0,242.0
v2_starter_b15_tb_fees_mc67,2026-04-23,1004173,0,4,706.6295776367188,440.7906799316406,547434.0,363.0
v2_starter_b15_tb_fees_mc67,2026-04-24,1015533,0,3,712.10546875,461.38092041015625,620745.0,441.0
v2_starter_b15_tb_fees_mc67,2026-04-27,1012935,0,4,713.332275390625,455.19384765625,544548.0,530.0
v2_starter_b15_tb_fees_mc67,2026-04-28,1003318,0,4,709.8612060546875,438.50177001953125,544626.0,608.0
v2_starter_b15_tb_fees_mc67,2026-04-29,1004464,0,4,709.7515258789062,449.7763977050781,544704.0,686.0
v2_starter_b15_tb_fees_mc67,2026-04-30,1013122,0,4,716.8132934570312,461.2209777832031,544782.0,764.0
v2_starter_b15_tb_fees_mc67,2026-05-01,1013477,0,4,718.7982177734375,465.5289306640625,544860.0,842.0
v2_starter_b15_tb_fees_mc67,2026-05-04,1010792,0,5,716.1649780273438,461.8406982421875,494237.0,920.0
v2_starter_b15_tb_fees_mc67,2026-05-05,1011872,0,4,721.9102172851562,482.5008850097656,543554.0,991.0
v2_starter_b15_tb_fees_mc67,2026-05-06,1034421,0,4,731.9443359375,506.6294250488281,543632.0,1069.0
v2_starter_b15_tb_fees_mc67,2026-05-07,1029838,0,3,729.7001342773438,492.12628173828125,705891.0,1147.0
v2_starter_b15_tb_fees_mc67,2026-05-08,1028655,0,3,735.724609375,520.0530395507812,705992.0,1248.0
v2_starter_b15_tb_fees_mc67,2026-05-11,1029203,0,3,737.4002685546875,532.5071411132812,706093.0,1349.0
v2_starter_b15_tb_fees_mc67,2026-05-12,1026059,0,3,736.2831420898438,515.7450561523438,706194.0,1450.0
v2_starter_b15_tb_fees_mc67,2026-05-13,1029867,0,3,740.4025268554688,528.0392456054688,706295.0,1551.0
v2_starter_b15_tb_fees_mc67,2026-05-14,1037762,0,3,746.2474975585938,529.7784423828125,706396.0,1652.0
v2_starter_b15_tb_fees_mc67,2026-05-15,1031885,0,3,737.2706298828125,508.27862548828125,706497.0,1753.0
v2_starter_b15_tb_fees_mc67,2026-05-18,1029074,0,3,736.751953125,495.6346435546875,706598.0,1854.0
v2_starter_b15_tb_fees_mc67,2026-05-19,1031173,0,3,731.8446044921875,496.50421142578125,706699.0,1955.0
v2_starter_b15_tb_fees_mc67,2026-05-20,1032908,0,3,739.3452758789062,520.0630493164062,706799.0,2055.0
v2_starter_b15_tb_fees_mc67,2026-05-21,1036716,0,3,740.8114624023438,524.4609985351562,706900.0,2156.0
v2_starter_b15_tb_fees_mc67,2026-05-22,1036910,0,3,743.7239990234375,537.0750122070312,707001.0,2257.0
v2_starter_b15_tb_fees_mc67,2026-05-26,1039517,0,3,748.6613159179688,569.8194580078125,707102.0,2358.0
v2_starter_b15_tb_fees_mc67,2026-05-27,1043965,0,3,748.5316162109375,563.7122802734375,707203.0,2459.0
v2_starter_b15_tb_fees_mc67,2026-05-28,1044007,0,3,752.6609497070312,569.19970703125,707304.0,2560.0
v2_starter_b15_tb_fees_mc67,2026-05-29,1043838,0,3,754.5361328125,568.8099365234375,707405.0,2661.0
v2_starter_b15_tb_fees_mc67,2026-06-01,1050798,0,3,756.5908203125,571.6585083007812,707507.0,2763.0
v2_starter_b15_tb_fees_mc67,2026-06-02,1060035,0,3,757.6182250976562,604.7328491210938,707609.0,2865.0
v2_starter_b15_tb_fees_mc67,2026-06-03,1057910,0,3,752.3018798828125,615.3877563476562,707711.0,2967.0
v2_starter_b15_tb_fees_mc67,2026-06-04,1057754,0,4,755.1445922851562,602.4338989257812,628459.0,3069.0
v2_starter_b15_tb_fees_mc67,2026-06-05,1042649,0,4,735.65478515625,539.5138549804688,628550.0,3160.0
v2_starter_b15_tb_fees_mc67,2026-06-08,1042638,0,4,737.3204345703125,571.1787719726562,628641.0,3251.0
v2_starter_b15_tb_fees_mc67,2026-06-09,1043785,0,3,735.1560668945312,561.8732299804688,702585.0,3342.0
v2_starter_b15_tb_fees_mc67,2026-06-10,1031664,0,2,723.56591796875,541.2529907226562,870023.0,3443.0
v2_starter_b15_tb_fees_mc67,2026-06-11,1032720,0,5,735.8642578125,586.6514282226562,405836.0,3568.0
v2_starter_b15_tb_fees_mc67,2026-06-12,1042674,0,5,739.843994140625,595.9669799804688,405894.0,3626.0
v2_starter_b15_tb_fees_mc67,2026-06-15,1062356,0,4,752.890380859375,628.4500122070312,576578.0,3685.0
v2_starter_b15_tb_fees_mc67,2026-06-16,1062446,0,4,748.4019775390625,591.239990234375,576661.0,3768.0
v2_starter_b15_tb_fees_mc67,2026-06-17,1059463,0,5,739.0560302734375,599.72998046875,523616.0,3852.0
v2_starter_b15_tb_fees_mc67,2026-06-18,1072528,0,5,746.739990234375,639.4500122070312,527816.0,3928.0
v2_starter_b15_tb_fees_mc67,2026-06-22,1059803,0,5,744.3900146484375,655.010009765625,527893.0,4005.0
v2_starter_b15_tb_fees_mc67,2026-06-23,1050721,0,5,733.5800170898438,603.3900146484375,523777.0,4083.0
v2_starter_b15_tb_fees_mc67,2026-06-24,1043356,0,5,733.239990234375,601.5,523854.0,4160.0
v2_starter_b15_tb_fees_mc67,2026-06-25,1035919,0,4,734.2999877929688,625.2000122070312,568043.0,4237.0
v2_starter_b15_tb_fees_mc67,2026-06-26,1029290,0,4,728.989990234375,589.9400024414062,568126.0,4320.0
v2_starter_b15_tb_fees_mc67,2026-06-29,1039570,0,4,741.0,614.3499755859375,568210.0,4404.0
v2_starter_b15_tb_fees_mc67,2026-06-30,1043424,0,5,746.77001953125,640.760009765625,490317.0,4488.0
v2_starter_b15_tb_fees_mc67,2026-07-01,1045251,0,5,745.760009765625,599.7000122070312,490389.0,4560.0
v2_starter_b15_tb_fees_mc67,2026-07-02,1048294,0,3,744.780029296875,566.3200073242188,665378.0,4632.0
v2_starter_b15_tb_fees_mc67,2026-07-06,1051937,0,3,751.280029296875,581.510009765625,665477.0,4731.0
v2_starter_b15_tb_fees_mc67,2026-07-07,1052960,0,3,747.7100219726562,551.6900024414062,665576.0,4830.0
v2_starter_b15_tb_fees_mc67,2026-07-08,1055206,0,3,745.4000244140625,562.030029296875,665675.0,4929.0
v2_starter_b15_tb_fees_mc67,2026-07-09,1053433,0,3,751.7100219726562,581.7000122070312,665772.0,5026.0
v2_starter_b15_tb_fees_mc67,2026-07-10,1059333,0,3,754.9500122070312,581.3400268554688,665870.0,5124.0
v2_starter_b15_tb_fees_mc67,2026-07-13,1053163,0,3,749.1699829101562,553.6099853515625,665969.0,5223.0
v2_starter_b15_tb_fees_mc67,2026-07-14,1061125,0,3,751.8300170898438,567.9199829101562,666067.0,5321.0
v2_starter_b15_tb_fees_mc67,2026-07-15,1069570,0,3,754.8099975585938,555.27001953125,666165.0,5419.0
v2_starter_b15_tb_fees_mc67,2026-07-16,1059848,0,3,750.719970703125,530.5,666263.0,5517.0
v2_starter_b15_tb_fees_mc67,2026-07-17,1051630,0,3,743.2899780273438,521.8099975585938,666361.0,5615.0
v2_starter_b15_tb_fees_mc67,2026-07-20,1056128,0,3,742.0900268554688,524.1400146484375,666460.0,5714.0
v2_starter_b15_tb_fees_mc67,2026-07-21,1056058,0,3,748.280029296875,552.6900024414062,666559.0,5813.0
v2_starter_b15_tb_fees_mc67,2026-07-22,1056354,0,3,747.4099731445312,555.52001953125,666658.0,5912.0
v2_starter_b15_tb_fees_mc67,2026-07-23,1041916,0,3,738.1799926757812,551.239990234375,666759.0,6013.0
v2_starter_b15_tb_fees_mc67,2026-07-24,1040918,0,3,738.9299926757812,527.010009765625,666860.0,6114.0
v2_starter_b15_tb_fees_mc67,2026-07-27,1038013,0,3,739.0900268554688,516.22998046875,666961.0,6215.0
v2_starter_b15_tb_fees_mc67,2026-07-28,1041992,0,3,740.8599853515625,491.4599914550781,667061.0,6315.0
v2_starter_b15_tb_fees_mc67,2026-07-29,1037594,0,3,729.4600219726562,465.0,667159.0,6413.0
v2_starter_b15_tb_fees_mc67,2026-07-30,1053217,0,3,741.6900024414062,504.5299987792969,667257.0,6511.0
v2_starter_b15_tb_fees_mc67,2026-07-31,1070408,0,4,747.030029296875,504.8900146484375,588353.0,6609.0
v2_starter_b15_tb_fees_mc67,2026-08-03,1093759,0,6,757.6699829101562,507.67999267578125,454555.0,6697.0
v2_starter_b15_tb_fees_mc67,2026-08-04,1113804,0,7,771.3300170898438,542.2100219726562,399916.0,6764.0
v2_starter_b15_tb_fees_mc67,2026-08-05,1104524,0,7,769.7899780273438,530.7000122070312,399975.0,6823.0
v2_starter_b15_tb_fees_mc67,2026-08-06,1107244,0,6,768.5599975585938,532.52001953125,565395.0,6882.0
v2_starter_b15_tb_fees_mc67,2026-08-07,1118686,0,8,773.260009765625,543.27001953125,399311.0,6965.0
v2_starter_b15_tb_fees_mc67,2026-08-10,1107372,0,8,773.030029296875,529.3900146484375,399370.0,7024.0
v2_starter_b15_tb_fees_mc67,2026-08-11,1109296,0,9,770.5599975585938,534.2000122070312,316369.0,7083.0
v2_starter_b15_tb_fees_mc67,2026-08-12,1148625,0,9,772.489990234375,546.6099853515625,316416.0,7130.0
v2_starter_b15_tb_fees_mc67,2026-08-13,1151853,0,10,777.8800048828125,550.739990234375,230310.0,7177.0
v2_starter_b15_tb_fees_mc67,2026-08-14,1163207,0,10,776.3400268554688,550.4199829101562,230344.0,7211.0
v2_starter_b15_tb_fees_mc67,2026-08-17,1172742,0,10,772.6699829101562,559.1199951171875,230378.0,7245.0
v2_starter_b15_tb_fees_mc67,2026-08-18,1129190,0,9,767.4500122070312,531.3900146484375,314429.0,7279.0
v2_starter_b15_tb_fees_mc67,2026-08-19,1108804,0,9,769.0599975585938,519.6699829101562,314475.0,7325.0
v2_starter_b15_tb_fees_mc67,2026-08-20,1128641,0,9,762.5999755859375,522.3499755859375,314521.0,7371.0
v2_starter_b15_tb_fees_mc67,2026-08-21,1131485,0,8,765.719970703125,520.0499877929688,410427.0,7417.0
v2_starter_b15_tb_fees_mc67,2026-08-24,1119404,0,9,763.469970703125,506.17999267578125,325560.0,7478.0
v2_starter_b15_tb_fees_mc67,2026-08-25,1133838,0,9,765.9099731445312,514.0599975585938,325608.0,7526.0
v2_starter_b15_tb_fees_mc67,2026-08-26,1135830,0,9,766.0800170898438,515.4000244140625,325656.0,7574.0
v2_starter_b15_tb_fees_mc67,2026-08-27,1143204,0,9,771.0999755859375,525.4299926757812,325704.0,7622.0
v2_starter_b15_tb_fees_mc67,2026-08-28,1131355,0,10,769.3499755859375,508.6199951171875,268586.0,7670.0
v2_starter_b15_tb_fees_mc67,2026-08-31,1126445,0,10,767.0499877929688,511.0400085449219,268626.0,7710.0
v2_starter_b15_tb_fees_mc67,2026-09-01,1118281,0,10,761.780029296875,500.30999755859375,268666.0,7750.0
v2_starter_b15_tb_fees_mc67,2026-09-02,1119597,0,10,765.1599731445312,501.44000244140625,268706.0,7790.0
v2_starter_b15_tb_fees_mc67,2026-09-03,1130719,0,10,773.1699829101562,502.20001220703125,268746.0,7830.0
v2_starter_b15_tb_fees_mc67,2026-09-04,1155436,0,10,770.1900024414062,519.8599853515625,268786.0,7870.0
v2_starter_b15_tb_fees_mc67,2026-09-08,1182662,0,8,765.9600219726562,528.4000244140625,472403.0,7911.0
v2_starter_b15_tb_fees_mc67,2026-09-09,1178739,0,8,762.4000244140625,532.0,472474.0,7982.0
v2_starter_b15_tb_fees_mc67,2026-09-10,1174614,0,8,757.8300170898438,517.4299926757812,472546.0,8054.0
v2_starter_b15_tb_fees_mc67,2026-09-11,1189118,0,8,764.2899780273438,527.0700073242188,472618.0,8126.0
v2_starter_b15_tb_fees_mc67,2026-09-14,1151719,0,6,760.8800048828125,497.3999938964844,612548.0,8200.0
v2_starter_b15_tb_fees_mc67,2026-09-15,1147210,0,5,757.3900146484375,498.8500061035156,716513.0,8297.0
v2_starter_b15_tb_fees_mc67,2026-09-16,1149965,0,6,754.0499877929688,502.05999755859375,630574.0,8410.0
v2_starter_b15_tb_fees_mc67,2026-09-17,1152641,0,8,762.5999755859375,519.0999755859375,285646.0,8510.0
v2_starter_b15_tb_fees_mc67,2026-09-18,1170543,0,7,761.6900024414062,533.0700073242188,460670.0,8555.0
v2_starter_b15_tb_fees_mc67,2026-09-21,1191335,0,7,773.5,559.3400268554688,462126.0,8628.0
v2_starter_b15_tb_fees_mc67,2026-09-22,1195954,0,7,773.3800048828125,572.780029296875,400656.0,8702.0
v2_starter_b15_tb_fees_mc67,2026-09-23,1181512,0,7,767.8099975585938,565.719970703125,400720.0,8766.0
v2_starter_b15_tb_fees_mc67,2026-09-24,1175631,0,8,767.1799926757812,566.0700073242188,341702.0,8830.0
v2_starter_b15_tb_fees_mcstop,2026-04-20,999967,0,1,706.8988037109375,417.351806640625,849997.0,0.0
v2_starter_b15_tb_fees_mcstop,2026-04-21,1000841,0,1,702.2708129882812,420.5003356933594,850118.0,121.0
v2_starter_b15_tb_fees_mcstop,2026-04-22,1008890,0,1,709.3825073242188,431.5650634765625,850239.0,242.0
v2_starter_b15_tb_fees_mcstop,2026-04-23,1004173,0,4,706.6295776367188,440.7906799316406,547434.0,363.0
v2_starter_b15_tb_fees_mcstop,2026-04-24,1015533,0,3,712.10546875,461.38092041015625,620745.0,441.0
v2_starter_b15_tb_fees_mcstop,2026-04-27,1012935,0,4,713.332275390625,455.19384765625,544548.0,530.0
v2_starter_b15_tb_fees_mcstop,2026-04-28,1003318,0,4,709.8612060546875,438.50177001953125,544626.0,608.0
v2_starter_b15_tb_fees_mcstop,2026-04-29,1004464,0,4,709.7515258789062,449.7763977050781,544704.0,686.0
v2_starter_b15_tb_fees_mcstop,2026-04-30,1013122,0,4,716.8132934570312,461.2209777832031,544782.0,764.0
v2_starter_b15_tb_fees_mcstop,2026-05-01,1013477,0,4,718.7982177734375,465.5289306640625,544860.0,842.0
v2_starter_b15_tb_fees_mcstop,2026-05-04,1010804,0,5,716.1649780273438,461.8406982421875,506913.0,920.0
v2_starter_b15_tb_fees_mcstop,2026-05-05,1012238,0,4,721.9102172851562,482.5008850097656,543920.0,993.0
v2_starter_b15_tb_fees_mcstop,2026-05-06,1034787,0,4,731.9443359375,506.6294250488281,543998.0,1071.0
v2_starter_b15_tb_fees_mcstop,2026-05-07,1030204,0,3,729.7001342773438,492.12628173828125,706257.0,1149.0
v2_starter_b15_tb_fees_mcstop,2026-05-08,1029021,0,3,735.724609375,520.0530395507812,706358.0,1250.0
v2_starter_b15_tb_fees_mcstop,2026-05-11,1029569,0,3,737.4002685546875,532.5071411132812,706459.0,1351.0
v2_starter_b15_tb_fees_mcstop,2026-05-12,1026425,0,3,736.2831420898438,515.7450561523438,706560.0,1452.0
v2_starter_b15_tb_fees_mcstop,2026-05-13,1030233,0,3,740.4025268554688,528.0392456054688,706661.0,1553.0
v2_starter_b15_tb_fees_mcstop,2026-05-14,1038128,0,3,746.2474975585938,529.7784423828125,706762.0,1654.0
v2_starter_b15_tb_fees_mcstop,2026-05-15,1032251,0,3,737.2706298828125,508.27862548828125,706863.0,1755.0
v2_starter_b15_tb_fees_mcstop,2026-05-18,1029440,0,3,736.751953125,495.6346435546875,706964.0,1856.0
v2_starter_b15_tb_fees_mcstop,2026-05-19,1031539,0,3,731.8446044921875,496.50421142578125,707065.0,1957.0
v2_starter_b15_tb_fees_mcstop,2026-05-20,1033274,0,3,739.3452758789062,520.0630493164062,707165.0,2057.0
v2_starter_b15_tb_fees_mcstop,2026-05-21,1037082,0,3,740.8114624023438,524.4609985351562,707266.0,2158.0
v2_starter_b15_tb_fees_mcstop,2026-05-22,1037276,0,3,743.7239990234375,537.0750122070312,707367.0,2259.0
v2_starter_b15_tb_fees_mcstop,2026-05-26,1039883,0,3,748.6613159179688,569.8194580078125,707468.0,2360.0
v2_starter_b15_tb_fees_mcstop,2026-05-27,1044331,0,3,748.5316162109375,563.7122802734375,707569.0,2461.0
v2_starter_b15_tb_fees_mcstop,2026-05-28,1044373,0,3,752.6609497070312,569.19970703125,707670.0,2562.0
v2_starter_b15_tb_fees_mcstop,2026-05-29,1044204,0,3,754.5361328125,568.8099365234375,707771.0,2663.0
v2_starter_b15_tb_fees_mcstop,2026-06-01,1051164,0,3,756.5908203125,571.6585083007812,707873.0,2765.0
v2_starter_b15_tb_fees_mcstop,2026-06-02,1060401,0,3,757.6182250976562,604.7328491210938,707975.0,2867.0
v2_starter_b15_tb_fees_mcstop,2026-06-03,1058276,0,3,752.3018798828125,615.3877563476562,708077.0,2969.0
v2_starter_b15_tb_fees_mcstop,2026-06-04,1058120,0,4,755.1445922851562,602.4338989257812,628798.0,3071.0
v2_starter_b15_tb_fees_mcstop,2026-06-05,1043014,0,4,735.65478515625,539.5138549804688,628889.0,3162.0
v2_starter_b15_tb_fees_mcstop,2026-06-08,1043003,0,4,737.3204345703125,571.1787719726562,628980.0,3253.0
v2_starter_b15_tb_fees_mcstop,2026-06-09,1044149,0,3,735.1560668945312,561.8732299804688,702949.0,3344.0
v2_starter_b15_tb_fees_mcstop,2026-06-10,1032029,0,2,723.56591796875,541.2529907226562,870388.0,3446.0
v2_starter_b15_tb_fees_mcstop,2026-06-11,1033085,0,5,735.8642578125,586.6514282226562,406036.0,3571.0
v2_starter_b15_tb_fees_mcstop,2026-06-12,1043041,0,5,739.843994140625,595.9669799804688,406094.0,3629.0
v2_starter_b15_tb_fees_mcstop,2026-06-15,1062730,0,4,752.890380859375,628.4500122070312,576838.0,3688.0
v2_starter_b15_tb_fees_mcstop,2026-06-16,1062819,0,4,748.4019775390625,591.239990234375,576921.0,3771.0
v2_starter_b15_tb_fees_mcstop,2026-06-17,1059841,0,5,739.0560302734375,599.72998046875,537143.0,3855.0
v2_starter_b15_tb_fees_mcstop,2026-06-18,1071916,0,5,746.739990234375,639.4500122070312,540315.0,3933.0
v2_starter_b15_tb_fees_mcstop,2026-06-22,1059856,0,5,744.3900146484375,655.010009765625,540394.0,4012.0
v2_starter_b15_tb_fees_mcstop,2026-06-23,1051168,0,5,733.5800170898438,603.3900146484375,537323.0,4091.0
v2_starter_b15_tb_fees_mcstop,2026-06-24,1048083,0,4,733.239990234375,601.5,576090.0,4170.0
v2_starter_b15_tb_fees_mcstop,2026-06-25,1044155,0,4,734.2999877929688,625.2000122070312,576174.0,4254.0
v2_starter_b15_tb_fees_mcstop,2026-06-26,1037525,0,4,728.989990234375,589.9400024414062,576258.0,4338.0
v2_starter_b15_tb_fees_mcstop,2026-06-29,1047810,0,4,741.0,614.3499755859375,576344.0,4424.0
v2_starter_b15_tb_fees_mcstop,2026-06-30,1051666,0,5,746.77001953125,640.760009765625,497835.0,4510.0
v2_starter_b15_tb_fees_mcstop,2026-07-01,1053514,0,5,745.760009765625,599.7000122070312,497908.0,4583.0
v2_starter_b15_tb_fees_mcstop,2026-07-02,1056568,0,3,744.780029296875,566.3200073242188,672898.0,4656.0
v2_starter_b15_tb_fees_mcstop,2026-07-06,1060205,0,3,751.280029296875,581.510009765625,672998.0,4756.0
v2_starter_b15_tb_fees_mcstop,2026-07-07,1061234,0,3,747.7100219726562,551.6900024414062,673098.0,4856.0
v2_starter_b15_tb_fees_mcstop,2026-07-08,1063472,0,3,745.4000244140625,562.030029296875,673198.0,4956.0
v2_starter_b15_tb_fees_mcstop,2026-07-09,1061704,0,3,751.7100219726562,581.7000122070312,673297.0,5055.0
v2_starter_b15_tb_fees_mcstop,2026-07-10,1067607,0,3,754.9500122070312,581.3400268554688,673396.0,5154.0
v2_starter_b15_tb_fees_mcstop,2026-07-13,1061446,0,3,749.1699829101562,553.6099853515625,673496.0,5254.0
v2_starter_b15_tb_fees_mcstop,2026-07-14,1069402,0,3,751.8300170898438,567.9199829101562,673595.0,5353.0
v2_starter_b15_tb_fees_mcstop,2026-07-15,1077866,0,3,754.8099975585938,555.27001953125,673694.0,5452.0
v2_starter_b15_tb_fees_mcstop,2026-07-16,1068152,0,3,750.719970703125,530.5,673793.0,5551.0
v2_starter_b15_tb_fees_mcstop,2026-07-17,1059919,0,3,743.2899780273438,521.8099975585938,673892.0,5650.0
v2_starter_b15_tb_fees_mcstop,2026-07-20,1064433,0,3,742.0900268554688,524.1400146484375,673992.0,5750.0
v2_starter_b15_tb_fees_mcstop,2026-07-21,1064357,0,3,748.280029296875,552.6900024414062,674092.0,5850.0
v2_starter_b15_tb_fees_mcstop,2026-07-22,1064642,0,3,747.4099731445312,555.52001953125,674192.0,5950.0
v2_starter_b15_tb_fees_mcstop,2026-07-23,1050186,0,3,738.1799926757812,551.239990234375,674294.0,6052.0
v2_starter_b15_tb_fees_mcstop,2026-07-24,1049190,0,3,738.9299926757812,527.010009765625,674396.0,6154.0
v2_starter_b15_tb_fees_mcstop,2026-07-27,1046298,0,3,739.0900268554688,516.22998046875,674498.0,6256.0
v2_starter_b15_tb_fees_mcstop,2026-07-28,1050285,0,3,740.8599853515625,491.4599914550781,674599.0,6357.0
v2_starter_b15_tb_fees_mcstop,2026-07-29,1045881,0,3,729.4600219726562,465.0,674698.0,6456.0
v2_starter_b15_tb_fees_mcstop,2026-07-30,1061606,0,3,741.6900024414062,504.5299987792969,674797.0,6555.0
v2_starter_b15_tb_fees_mcstop,2026-07-31,1078826,0,4,747.030029296875,504.8900146484375,595265.0,6654.0
v2_starter_b15_tb_fees_mcstop,2026-08-03,1102292,0,6,757.6699829101562,507.67999267578125,473909.0,6743.0
v2_starter_b15_tb_fees_mcstop,2026-08-04,1122168,0,7,771.3300170898438,542.2100219726562,432629.0,6813.0
v2_starter_b15_tb_fees_mcstop,2026-08-05,1113237,0,7,769.7899780273438,530.7000122070312,432693.0,6877.0
v2_starter_b15_tb_fees_mcstop,2026-08-06,1115591,0,6,768.5599975585938,532.52001953125,598176.0,6941.0
v2_starter_b15_tb_fees_mcstop,2026-08-07,1125208,0,8,773.260009765625,543.27001953125,430844.0,7029.0
v2_starter_b15_tb_fees_mcstop,2026-08-10,1114415,0,8,773.030029296875,529.3900146484375,430908.0,7093.0
v2_starter_b15_tb_fees_mcstop,2026-08-11,1115372,0,9,770.5599975585938,534.2000122070312,347383.0,7157.0
v2_starter_b15_tb_fees_mcstop,2026-08-12,1154289,0,9,772.489990234375,546.6099853515625,347434.0,7208.0
v2_starter_b15_tb_fees_mcstop,2026-08-13,1158279,0,10,777.8800048828125,550.739990234375,260906.0,7259.0
v2_starter_b15_tb_fees_mcstop,2026-08-14,1169078,0,10,776.3400268554688,550.4199829101562,260944.0,7297.0
v2_starter_b15_tb_fees_mcstop,2026-08-17,1178174,0,10,772.6699829101562,559.1199951171875,260983.0,7336.0
v2_starter_b15_tb_fees_mcstop,2026-08-18,1137162,0,9,767.4500122070312,531.3900146484375,345454.0,7374.0
v2_starter_b15_tb_fees_mcstop,2026-08-19,1117421,0,9,769.0599975585938,519.6699829101562,345505.0,7425.0
v2_starter_b15_tb_fees_mcstop,2026-08-20,1137163,0,9,762.5999755859375,522.3499755859375,345556.0,7476.0
v2_starter_b15_tb_fees_mcstop,2026-08-21,1139866,0,8,765.719970703125,520.0499877929688,442229.0,7527.0
v2_starter_b15_tb_fees_mcstop,2026-08-24,1128841,0,9,763.469970703125,506.17999267578125,356736.0,7592.0
v2_starter_b15_tb_fees_mcstop,2026-08-25,1142996,0,9,765.9099731445312,514.0599975585938,356789.0,7645.0
v2_starter_b15_tb_fees_mcstop,2026-08-26,1144933,0,9,766.0800170898438,515.4000244140625,356841.0,7697.0
v2_starter_b15_tb_fees_mcstop,2026-08-27,1152451,0,9,771.0999755859375,525.4299926757812,356893.0,7749.0
v2_starter_b15_tb_fees_mcstop,2026-08-28,1141819,0,9,769.3499755859375,508.6199951171875,356946.0,7802.0
v2_starter_b15_tb_fees_mcstop,2026-08-31,1136390,0,9,767.0499877929688,511.0400085449219,357000.0,7856.0
v2_starter_b15_tb_fees_mcstop,2026-09-01,1130447,0,9,761.780029296875,500.30999755859375,357054.0,7910.0
v2_starter_b15_tb_fees_mcstop,2026-09-02,1129604,0,9,765.1599731445312,501.44000244140625,357108.0,7964.0
v2_starter_b15_tb_fees_mcstop,2026-09-03,1140442,0,9,773.1699829101562,502.20001220703125,357161.0,8017.0
v2_starter_b15_tb_fees_mcstop,2026-09-04,1160410,0,9,770.1900024414062,519.8599853515625,357214.0,8070.0
v2_starter_b15_tb_fees_mcstop,2026-09-08,1188188,0,7,765.9600219726562,528.4000244140625,562253.0,8124.0
v2_starter_b15_tb_fees_mcstop,2026-09-09,1185792,0,8,762.4000244140625,532.0,517775.0,8209.0
v2_starter_b15_tb_fees_mcstop,2026-09-10,1182143,0,8,757.8300170898438,517.4299926757812,517854.0,8288.0
v2_starter_b15_tb_fees_mcstop,2026-09-11,1195081,0,8,764.2899780273438,527.0700073242188,517933.0,8367.0
v2_starter_b15_tb_fees_mcstop,2026-09-14,1161480,0,5,760.8800048828125,497.3999938964844,678575.0,8448.0
v2_starter_b15_tb_fees_mcstop,2026-09-15,1157371,0,4,757.3900146484375,498.8500061035156,783373.0,8555.0
v2_starter_b15_tb_fees_mcstop,2026-09-16,1161293,0,5,754.0499877929688,502.05999755859375,696681.0,8678.0
v2_starter_b15_tb_fees_mcstop,2026-09-17,1161185,0,7,762.5999755859375,519.0999755859375,348362.0,8788.0
v2_starter_b15_tb_fees_mcstop,2026-09-18,1177729,0,6,761.6900024414062,533.0700073242188,464953.0,8843.0
v2_starter_b15_tb_fees_mcstop,2026-09-21,1196314,0,6,773.5,559.3400268554688,466645.0,8917.0
v2_starter_b15_tb_fees_mcstop,2026-09-22,1200716,0,6,773.3800048828125,572.780029296875,468294.0,8991.0
v2_starter_b15_tb_fees_mcstop,2026-09-23,1189077,0,6,767.8099975585938,565.719970703125,468369.0,9066.0
v2_starter_b15_tb_fees_mcstop,2026-09-24,1183555,0,7,767.1799926757812,566.0700073242188,423848.0,9141.0
v2_starter_b15_tb_fees_rb15,2026-04-20,999566,0,1,705.1477661132812,417.0791015625,849997.0,0.0
v2_starter_b15_tb_fees_rb15,2026-04-21,1000438,0,1,700.53125,420.2255859375,850118.0,121.0
v2_starter_b15_tb_fees_rb15,2026-04-22,1008466,0,1,707.6253051757812,431.2830810546875,850239.0,242.0
v2_starter_b15_tb_fees_rb15,2026-04-23,1003757,0,4,704.8792114257812,440.502685546875,547564.0,363.0
v2_starter_b15_tb_fees_rb15,2026-04-24,1015094,0,3,710.3414916992188,461.0794677734375,620844.0,441.0
v2_starter_b15_tb_fees_rb15,2026-04-27,1012496,0,4,711.5653686523438,454.8964538574219,544680.0,530.0
v2_starter_b15_tb_fees_rb15,2026-04-28,1002892,0,4,708.1029052734375,438.2152404785156,544758.0,608.0
v2_starter_b15_tb_fees_rb15,2026-04-29,1004036,0,4,707.993408203125,449.4825439453125,544836.0,686.0
v2_starter_b15_tb_fees_rb15,2026-04-30,1012689,0,4,715.0377197265625,460.91961669921875,544914.0,764.0
v2_starter_b15_tb_fees_rb15,2026-05-01,1013043,0,4,717.0177001953125,465.2247619628906,544992.0,842.0
v2_starter_b15_tb_fees_rb15,2026-05-04,1010368,0,5,714.3909912109375,461.5389099121094,507061.0,920.0
v2_starter_b15_tb_fees_rb15,2026-05-05,1011807,0,4,720.1220092773438,482.1856384277344,544052.0,993.0
v2_starter_b15_tb_fees_rb15,2026-05-06,1034323,0,4,730.1312866210938,506.29840087890625,544130.0,1071.0
v2_starter_b15_tb_fees_rb15,2026-05-07,1029748,0,3,727.8926391601562,491.8047180175781,706320.0,1149.0
v2_starter_b15_tb_fees_rb15,2026-05-08,1028567,0,3,733.9021606445312,519.7132568359375,706421.0,1250.0
v2_starter_b15_tb_fees_rb15,2026-05-11,1029122,0,3,735.5736694335938,532.1592407226562,706522.0,1351.0
v2_starter_b15_tb_fees_rb15,2026-05-12,1025986,0,3,734.4593505859375,515.4080810546875,706623.0,1452.0
v2_starter_b15_tb_fees_rb15,2026-05-13,1029789,0,3,738.5685424804688,527.6942749023438,706724.0,1553.0
v2_starter_b15_tb_fees_rb15,2026-05-14,1037665,0,3,744.3989868164062,529.4323120117188,706825.0,1654.0
v2_starter_b15_tb_fees_rb15,2026-05-15,1031803,0,3,735.4443969726562,507.946533203125,706926.0,1755.0
v2_starter_b15_tb_fees_rb15,2026-05-18,1029001,0,3,734.927001953125,495.310791015625,707027.0,1856.0
v2_starter_b15_tb_fees_rb15,2026-05-19,1031101,0,3,730.03173828125,496.1798095703125,707128.0,1957.0
v2_starter_b15_tb_fees_rb15,2026-05-20,1032829,0,3,737.5138549804688,519.7232666015625,707228.0,2057.0
v2_starter_b15_tb_fees_rb15,2026-05-21,1036629,0,3,738.9764404296875,524.1182861328125,707329.0,2158.0
v2_starter_b15_tb_fees_rb15,2026-05-22,1036825,0,3,741.8817749023438,536.7240600585938,707430.0,2259.0
v2_starter_b15_tb_fees_rb15,2026-05-26,1039424,0,3,746.8068237304688,569.4471435546875,707531.0,2360.0
v2_starter_b15_tb_fees_rb15,2026-05-27,1043860,0,3,746.6774291992188,563.343994140625,707632.0,2461.0
v2_starter_b15_tb_fees_rb15,2026-05-28,1043901,0,3,750.7965698242188,568.8277587890625,707733.0,2562.0
v2_starter_b15_tb_fees_rb15,2026-05-29,1043739,0,3,752.6671142578125,568.4382934570312,707834.0,2663.0
v2_starter_b15_tb_fees_rb15,2026-06-01,1050680,0,3,754.7166748046875,571.2849731445312,707936.0,2765.0
v2_starter_b15_tb_fees_rb15,2026-06-02,1059903,0,3,755.7415771484375,604.3377075195312,708038.0,2867.0
v2_starter_b15_tb_fees_rb15,2026-06-03,1057787,0,3,750.4384155273438,614.9856567382812,708140.0,2969.0
v2_starter_b15_tb_fees_rb15,2026-06-04,1057624,0,4,753.2740478515625,602.040283203125,628897.0,3071.0
v2_starter_b15_tb_fees_rb15,2026-06-05,1042551,0,4,733.83251953125,539.1613159179688,628988.0,3162.0
v2_starter_b15_tb_fees_rb15,2026-06-08,1042531,0,4,735.4940795898438,570.8056030273438,629079.0,3253.0
v2_starter_b15_tb_fees_rb15,2026-06-09,1043675,0,3,733.3350830078125,561.5060424804688,703015.0,3344.0
v2_starter_b15_tb_fees_rb15,2026-06-10,1032026,0,2,721.7736206054688,540.8993530273438,870454.0,3446.0
v2_starter_b15_tb_fees_rb15,2026-06-11,1033138,0,5,734.04150390625,586.2681274414062,563265.0,3571.0
v2_starter_b15_tb_fees_rb15,2026-06-12,1037610,0,5,738.0113525390625,595.5775756835938,563346.0,3652.0
v2_starter_b15_tb_fees_rb15,2026-06-15,1049632,0,4,751.0254516601562,628.0393676757812,605214.0,3733.0
v2_starter_b15_tb_fees_rb15,2026-06-16,1049276,0,4,746.5481567382812,590.8536987304688,605301.0,3820.0
v2_starter_b15_tb_fees_rb15,2026-06-17,1047314,0,5,737.225341796875,599.338134765625,566035.0,3908.0
v2_starter_b15_tb_fees_rb15,2026-06-18,1058748,0,5,744.8902587890625,639.0322265625,569134.0,3990.0
v2_starter_b15_tb_fees_rb15,2026-06-22,1048827,0,5,742.546142578125,654.58203125,569218.0,4074.0
v2_starter_b15_tb_fees_rb15,2026-06-23,1040461,0,5,731.7628784179688,602.9957885742188,566132.0,4158.0
v2_starter_b15_tb_fees_rb15,2026-06-24,1034577,0,5,731.4237060546875,601.1069946289062,566215.0,4241.0
v2_starter_b15_tb_fees_rb15,2026-06-25,1028369,0,4,732.4810791015625,624.79150390625,599052.0,4324.0
v2_starter_b15_tb_fees_rb15,2026-06-26,1022589,0,4,727.1842651367188,589.5545654296875,599139.0,4411.0
v2_starter_b15_tb_fees_rb15,2026-06-29,1031004,0,4,739.1644897460938,613.9485473632812,599228.0,4500.0
v2_starter_b15_tb_fees_rb15,2026-06-30,1034634,0,5,744.9202270507812,640.3413696289062,521982.0,4589.0
v2_starter_b15_tb_fees_rb15,2026-07-01,1035935,0,5,743.9127197265625,599.3081665039062,522059.0,4666.0
v2_starter_b15_tb_fees_rb15,2026-07-02,1039161,0,3,742.9351806640625,565.9500122070312,696977.0,4742.0
v2_starter_b15_tb_fees_rb15,2026-07-06,1041831,0,3,749.4190673828125,581.1300659179688,697080.0,4845.0
v2_starter_b15_tb_fees_rb15,2026-07-07,1043000,0,3,745.85791015625,551.3295288085938,697183.0,4948.0
v2_starter_b15_tb_fees_rb15,2026-07-08,1045814,0,3,743.5536499023438,561.6627807617188,697286.0,5051.0
v2_starter_b15_tb_fees_rb15,2026-07-09,1044323,0,3,749.8480224609375,581.3199462890625,697388.0,5153.0
v2_starter_b15_tb_fees_rb15,2026-07-10,1050364,0,3,753.0799560546875,580.960205078125,697491.0,5256.0
v2_starter_b15_tb_fees_rb15,2026-07-13,1044680,0,3,747.3142700195312,553.248291015625,697595.0,5360.0
v2_starter_b15_tb_fees_rb15,2026-07-14,1051908,0,3,749.9677124023438,567.5488891601562,697698.0,5463.0
v2_starter_b15_tb_fees_rb15,2026-07-15,1058887,0,3,752.9403076171875,554.9072265625,697800.0,5565.0
v2_starter_b15_tb_fees_rb15,2026-07-16,1051007,0,3,748.8604125976562,530.1533813476562,697902.0,5667.0
v2_starter_b15_tb_fees_rb15,2026-07-17,1043670,0,3,741.4487915039062,521.4690551757812,698005.0,5770.0
v2_starter_b15_tb_fees_rb15,2026-07-20,1047566,0,3,740.2518310546875,523.7975463867188,698108.0,5873.0
v2_starter_b15_tb_fees_rb15,2026-07-21,1048093,0,3,746.426513671875,552.328857421875,698212.0,5977.0
v2_starter_b15_tb_fees_rb15,2026-07-22,1048890,0,3,745.55859375,555.1570434570312,698316.0,6081.0
v2_starter_b15_tb_fees_rb15,2026-07-23,1037127,0,3,736.3515014648438,550.8798217773438,698422.0,6187.0
v2_starter_b15_tb_fees_rb15,2026-07-24,1036049,0,3,737.099609375,526.6656494140625,698528.0,6293.0
v2_starter_b15_tb_fees_rb15,2026-07-27,1032292,0,3,737.25927734375,515.8927001953125,698634.0,6399.0
v2_starter_b15_tb_fees_rb15,2026-07-28,1035589,0,3,739.0248413085938,491.1388854980469,698739.0,6504.0
v2_starter_b15_tb_fees_rb15,2026-07-29,1030843,0,3,727.6531372070312,464.6961669921875,698842.0,6607.0
v2_starter_b15_tb_fees_rb15,2026-07-30,1046602,0,3,739.852783203125,504.2003479003906,698944.0,6709.0
v2_starter_b15_tb_fees_rb15,2026-07-31,1061187,0,4,745.1796264648438,504.56011962890625,620540.0,6811.0
v2_starter_b15_tb_fees_rb15,2026-08-03,1082692,0,6,755.793212890625,507.3482666015625,501171.0,6903.0
v2_starter_b15_tb_fees_rb15,2026-08-04,1102027,0,7,769.4193725585938,541.8557739257812,460630.0,6977.0
v2_starter_b15_tb_fees_rb15,2026-08-05,1094941,0,7,767.8831787109375,530.353271484375,460698.0,7045.0
v2_starter_b15_tb_fees_rb15,2026-08-06,1097633,0,6,766.65625,532.1720581054688,626185.0,7113.0
v2_starter_b15_tb_fees_rb15,2026-08-07,1107439,0,8,771.3446044921875,542.9150390625,461552.0,7205.0
v2_starter_b15_tb_fees_rb15,2026-08-10,1096564,0,8,771.1151733398438,529.0441284179688,461621.0,7274.0
v2_starter_b15_tb_fees_rb15,2026-08-11,1098869,0,9,768.6513061523438,533.8509521484375,397205.0,7343.0
v2_starter_b15_tb_fees_rb15,2026-08-12,1135075,0,9,770.5764770507812,546.2528076171875,397264.0,7402.0
v2_starter_b15_tb_fees_rb15,2026-08-13,1138911,0,10,775.9531860351562,550.380126953125,312184.0,7460.0
v2_starter_b15_tb_fees_rb15,2026-08-14,1150121,0,10,774.4169921875,550.0603637695312,312230.0,7506.0
v2_starter_b15_tb_fees_rb15,2026-08-17,1159118,0,10,770.7560424804688,558.7546997070312,312276.0,7552.0
v2_starter_b15_tb_fees_rb15,2026-08-18,1120733,0,9,765.5490112304688,531.0427856445312,395349.0,7598.0
v2_starter_b15_tb_fees_rb15,2026-08-19,1101464,0,9,767.1549682617188,519.3304443359375,395407.0,7656.0
v2_starter_b15_tb_fees_rb15,2026-08-20,1121626,0,9,760.7109985351562,522.0086669921875,395465.0,7714.0
v2_starter_b15_tb_fees_rb15,2026-08-21,1124003,0,8,763.8232421875,519.710205078125,490781.0,7772.0
v2_starter_b15_tb_fees_rb15,2026-08-24,1112650,0,9,761.5787963867188,505.8492736816406,406485.0,7844.0
v2_starter_b15_tb_fees_rb15,2026-08-25,1125590,0,9,764.0127563476562,513.72412109375,406545.0,7904.0
v2_starter_b15_tb_fees_rb15,2026-08-26,1127890,0,9,764.182373046875,515.0632934570312,406605.0,7964.0
v2_starter_b15_tb_fees_rb15,2026-08-27,1135480,0,9,769.18994140625,525.086669921875,406665.0,8024.0
v2_starter_b15_tb_fees_rb15,2026-08-28,1125056,0,10,767.4442749023438,508.28765869140625,364139.0,8084.0
v2_starter_b15_tb_fees_rb15,2026-08-31,1121455,0,10,765.1499633789062,510.70611572265625,364194.0,8139.0
v2_starter_b15_tb_fees_rb15,2026-09-01,1114388,0,10,759.89306640625,499.98309326171875,364249.0,8194.0
v2_starter_b15_tb_fees_rb15,2026-09-02,1114292,0,10,763.2646484375,501.11236572265625,364304.0,8249.0
v2_starter_b15_tb_fees_rb15,2026-09-03,1123293,0,10,771.2548217773438,501.87188720703125,364358.0,8303.0
v2_starter_b15_tb_fees_rb15,2026-09-04,1144731,0,10,768.2822265625,519.5203247070312,364413.0,8358.0
v2_starter_b15_tb_fees_rb15,2026-09-08,1169062,0,10,764.0626831054688,528.0547485351562,364468.0,8413.0
v2_starter_b15_tb_fees_rb15,2026-09-09,1166856,0,8,760.5115356445312,531.6524047851562,543066.0,8468.0
v2_starter_b15_tb_fees_rb15,2026-09-10,1163082,0,8,755.9528198242188,517.0919189453125,543149.0,8551.0
v2_starter_b15_tb_fees_rb15,2026-09-11,1175353,0,8,762.3967895507812,526.7256469726562,543233.0,8635.0
v2_starter_b15_tb_fees_rb15,2026-09-14,1141430,0,6,758.9952392578125,497.07501220703125,667886.0,8721.0
v2_starter_b15_tb_fees_rb15,2026-09-15,1137583,0,5,755.513916015625,498.8500061035156,771003.0,8826.0
v2_starter_b15_tb_fees_rb15,2026-09-16,1140609,0,6,752.1821899414062,502.05999755859375,685794.0,8948.0
v2_starter_b15_tb_fees_rb15,2026-09-17,1142184,0,8,760.7109985351562,519.0999755859375,477126.0,9056.0
v2_starter_b15_tb_fees_rb15,2026-09-18,1157894,0,7,761.6900024414062,533.0700073242188,456486.0,9132.0
v2_starter_b15_tb_fees_rb15,2026-09-21,1177843,0,7,773.5,559.3400268554688,510128.0,9204.0
v2_starter_b15_tb_fees_rb15,2026-09-22,1183886,0,7,773.3800048828125,572.780029296875,511601.0,9285.0
v2_starter_b15_tb_fees_rb15,2026-09-23,1171499,0,7,767.8099975585938,565.719970703125,511682.0,9366.0
v2_starter_b15_tb_fees_rb15,2026-09-24,1165914,0,8,767.1799926757812,566.0700073242188,467827.0,9448.0
v2_starter_b15_tb_fees_time,2026-04-20,999967,0,1,706.8988037109375,417.351806640625,849997.0,0.0
v2_starter_b15_tb_fees_time,2026-04-21,1000841,0,1,702.2708129882812,420.5003356933594,850118.0,121.0
v2_starter_b15_tb_fees_time,2026-04-22,1008890,0,1,709.3825073242188,431.5650634765625,850239.0,242.0
v2_starter_b15_tb_fees_time,2026-04-23,1004173,0,4,706.6295776367188,440.7906799316406,547434.0,363.0
v2_starter_b15_tb_fees_time,2026-04-24,1015533,0,3,712.10546875,461.38092041015625,620745.0,441.0
v2_starter_b15_tb_fees_time,2026-04-27,1012935,0,4,713.332275390625,455.19384765625,544548.0,530.0
v2_starter_b15_tb_fees_time,2026-04-28,1003318,0,4,709.8612060546875,438.50177001953125,544626.0,608.0
v2_starter_b15_tb_fees_time,2026-04-29,1004464,0,4,709.7515258789062,449.7763977050781,544704.0,686.0
v2_starter_b15_tb_fees_time,2026-04-30,1013122,0,4,716.8132934570312,461.2209777832031,544782.0,764.0
v2_starter_b15_tb_fees_time,2026-05-01,1013477,0,4,718.7982177734375,465.5289306640625,544860.0,842.0
v2_starter_b15_tb_fees_time,2026-05-04,1010804,0,5,716.1649780273438,461.8406982421875,506913.0,920.0
v2_starter_b15_tb_fees_time,2026-05-05,1012238,0,4,721.9102172851562,482.5008850097656,543920.0,993.0
v2_starter_b15_tb_fees_time,2026-05-06,1034787,0,4,731.9443359375,506.6294250488281,543998.0,1071.0
v2_starter_b15_tb_fees_time,2026-05-07,1030204,0,3,729.7001342773438,492.12628173828125,706257.0,1149.0
v2_starter_b15_tb_fees_time,2026-05-08,1029021,0,3,735.724609375,520.0530395507812,706358.0,1250.0
v2_starter_b15_tb_fees_time,2026-05-11,1029569,0,3,737.4002685546875,532.5071411132812,706459.0,1351.0
v2_starter_b15_tb_fees_time,2026-05-12,1026425,0,3,736.2831420898438,515.7450561523438,706560.0,1452.0
v2_starter_b15_tb_fees_time,2026-05-13,1030233,0,3,740.4025268554688,528.0392456054688,706661.0,1553.0
v2_starter_b15_tb_fees_time,2026-05-14,1038128,0,3,746.2474975585938,529.7784423828125,706762.0,1654.0
v2_starter_b15_tb_fees_time,2026-05-15,1032251,0,3,737.2706298828125,508.27862548828125,706863.0,1755.0
v2_starter_b15_tb_fees_time,2026-05-18,1029440,0,3,736.751953125,495.6346435546875,706964.0,1856.0
v2_starter_b15_tb_fees_time,2026-05-19,1031539,0,3,731.8446044921875,496.50421142578125,707065.0,1957.0
v2_starter_b15_tb_fees_time,2026-05-20,1033274,0,3,739.3452758789062,520.0630493164062,707165.0,2057.0
v2_starter_b15_tb_fees_time,2026-05-21,1037082,0,3,740.8114624023438,524.4609985351562,707266.0,2158.0
v2_starter_b15_tb_fees_time,2026-05-22,1037276,0,3,743.7239990234375,537.0750122070312,707367.0,2259.0
v2_starter_b15_tb_fees_time,2026-05-26,1039883,0,3,748.6613159179688,569.8194580078125,707468.0,2360.0
v2_starter_b15_tb_fees_time,2026-05-27,1044331,0,3,748.5316162109375,563.7122802734375,707569.0,2461.0
v2_starter_b15_tb_fees_time,2026-05-28,1044373,0,3,752.6609497070312,569.19970703125,707670.0,2562.0
v2_starter_b15_tb_fees_time,2026-05-29,1044204,0,3,754.5361328125,568.8099365234375,707771.0,2663.0
v2_starter_b15_tb_fees_time,2026-06-01,1051164,0,3,756.5908203125,571.6585083007812,707873.0,2765.0
v2_starter_b15_tb_fees_time,2026-06-02,1060401,0,3,757.6182250976562,604.7328491210938,707975.0,2867.0
v2_starter_b15_tb_fees_time,2026-06-03,1058276,0,3,752.3018798828125,615.3877563476562,708077.0,2969.0
v2_starter_b15_tb_fees_time,2026-06-04,1058120,0,4,755.1445922851562,602.4338989257812,628798.0,3071.0
v2_starter_b15_tb_fees_time,2026-06-05,1043014,0,4,735.65478515625,539.5138549804688,628889.0,3162.0
v2_starter_b15_tb_fees_time,2026-06-08,1043003,0,4,737.3204345703125,571.1787719726562,628980.0,3253.0
v2_starter_b15_tb_fees_time,2026-06-09,1044149,0,3,735.1560668945312,561.8732299804688,702949.0,3344.0
v2_starter_b15_tb_fees_time,2026-06-10,1032029,0,2,723.56591796875,541.2529907226562,870388.0,3446.0
v2_starter_b15_tb_fees_time,2026-06-11,1033085,0,5,735.8642578125,586.6514282226562,406036.0,3571.0
v2_starter_b15_tb_fees_time,2026-06-12,1043041,0,5,739.843994140625,595.9669799804688,406094.0,3629.0
v2_starter_b15_tb_fees_time,2026-06-15,1062730,0,4,752.890380859375,628.4500122070312,576838.0,3688.0
v2_starter_b15_tb_fees_time,2026-06-16,1062819,0,4,748.4019775390625,591.239990234375,576921.0,3771.0
v2_starter_b15_tb_fees_time,2026-06-17,1059841,0,5,739.0560302734375,599.72998046875,537143.0,3855.0
v2_starter_b15_tb_fees_time,2026-06-18,1071916,0,5,746.739990234375,639.4500122070312,540315.0,3933.0
v2_starter_b15_tb_fees_time,2026-06-22,1059856,0,5,744.3900146484375,655.010009765625,540394.0,4012.0
v2_starter_b15_tb_fees_time,2026-06-23,1051168,0,5,733.5800170898438,603.3900146484375,537323.0,4091.0
v2_starter_b15_tb_fees_time,2026-06-24,1045121,0,5,733.239990234375,601.5,537402.0,4170.0
v2_starter_b15_tb_fees_time,2026-06-25,1038560,0,4,734.2999877929688,625.2000122070312,570579.0,4249.0
v2_starter_b15_tb_fees_time,2026-06-26,1031929,0,4,728.989990234375,589.9400024414062,570662.0,4332.0
v2_starter_b15_tb_fees_time,2026-06-29,1042213,0,4,741.0,614.3499755859375,570747.0,4417.0
v2_starter_b15_tb_fees_time,2026-06-30,1046069,0,5,746.77001953125,640.760009765625,492657.0,4502.0
v2_starter_b15_tb_fees_time,2026-07-01,1047904,0,5,745.760009765625,599.7000122070312,492730.0,4575.0
v2_starter_b15_tb_fees_time,2026-07-02,1050950,0,3,744.780029296875,566.3200073242188,667719.0,4647.0
v2_starter_b15_tb_fees_time,2026-07-06,1054591,0,3,751.280029296875,581.510009765625,667818.0,4746.0
v2_starter_b15_tb_fees_time,2026-07-07,1055616,0,3,747.7100219726562,551.6900024414062,667917.0,4845.0
v2_starter_b15_tb_fees_time,2026-07-08,1057860,0,3,745.4000244140625,562.030029296875,668016.0,4944.0
v2_starter_b15_tb_fees_time,2026-07-09,1056089,0,3,751.7100219726562,581.7000122070312,668114.0,5042.0
v2_starter_b15_tb_fees_time,2026-07-10,1061990,0,3,754.9500122070312,581.3400268554688,668212.0,5140.0
v2_starter_b15_tb_fees_time,2026-07-13,1055823,0,3,749.1699829101562,553.6099853515625,668312.0,5240.0
v2_starter_b15_tb_fees_time,2026-07-14,1063784,0,3,751.8300170898438,567.9199829101562,668410.0,5338.0
v2_starter_b15_tb_fees_time,2026-07-15,1072236,0,3,754.8099975585938,555.27001953125,668508.0,5436.0
v2_starter_b15_tb_fees_time,2026-07-16,1062514,0,3,750.719970703125,530.5,668606.0,5534.0
v2_starter_b15_tb_fees_time,2026-07-17,1054288,0,3,743.2899780273438,521.8099975585938,668704.0,5632.0
v2_starter_b15_tb_fees_time,2026-07-20,1058792,0,3,742.0900268554688,524.1400146484375,668803.0,5731.0
v2_starter_b15_tb_fees_time,2026-07-21,1058720,0,3,748.280029296875,552.6900024414062,668902.0,5830.0
v2_starter_b15_tb_fees_time,2026-07-22,1059014,0,3,747.4099731445312,555.52001953125,669002.0,5930.0
v2_starter_b15_tb_fees_time,2026-07-23,1044567,0,3,738.1799926757812,551.239990234375,669103.0,6031.0
v2_starter_b15_tb_fees_time,2026-07-24,1043569,0,3,738.9299926757812,527.010009765625,669204.0,6132.0
v2_starter_b15_tb_fees_time,2026-07-27,1040667,0,3,739.0900268554688,516.22998046875,669305.0,6233.0
v2_starter_b15_tb_fees_time,2026-07-28,1044649,0,3,740.8599853515625,491.4599914550781,669405.0,6333.0
v2_starter_b15_tb_fees_time,2026-07-29,1040247,0,3,729.4600219726562,465.0,669503.0,6431.0
v2_starter_b15_tb_fees_time,2026-07-30,1055903,0,3,741.6900024414062,504.5299987792969,669601.0,6529.0
v2_starter_b15_tb_fees_time,2026-07-31,1073107,0,4,747.030029296875,504.8900146484375,590496.0,6627.0
v2_starter_b15_tb_fees_time,2026-08-03,1096507,0,6,757.6699829101562,507.67999267578125,469782.0,6715.0
v2_starter_b15_tb_fees_time,2026-08-04,1116304,0,7,771.3300170898438,542.2100219726562,428719.0,6785.0
v2_starter_b15_tb_fees_time,2026-08-05,1107416,0,7,769.7899780273438,530.7000122070312,428783.0,6849.0
v2_starter_b15_tb_fees_time,2026-08-06,1109749,0,6,768.5599975585938,532.52001953125,594266.0,6913.0
v2_starter_b15_tb_fees_time,2026-08-07,1119308,0,8,773.260009765625,543.27001953125,427810.0,7001.0
v2_starter_b15_tb_fees_time,2026-08-10,1108540,0,7,773.030029296875,529.3900146484375,582214.0,7064.0
v2_starter_b15_tb_fees_time,2026-08-11,1115053,0,8,770.5599975585938,534.2000122070312,499150.0,7150.0
v2_starter_b15_tb_fees_time,2026-08-12,1154062,0,8,772.489990234375,546.6099853515625,499224.0,7224.0
v2_starter_b15_tb_fees_time,2026-08-13,1157374,0,9,777.8800048828125,550.739990234375,412734.0,7297.0
v2_starter_b15_tb_fees_time,2026-08-14,1168313,0,9,776.3400268554688,550.4199829101562,412795.0,7358.0
v2_starter_b15_tb_fees_time,2026-08-17,1178292,0,9,772.6699829101562,559.1199951171875,412856.0,7419.0
v2_starter_b15_tb_fees_time,2026-08-18,1137574,0,8,767.4500122070312,531.3900146484375,497334.0,7480.0
v2_starter_b15_tb_fees_time,2026-08-19,1117781,0,8,769.0599975585938,519.6699829101562,497407.0,7553.0
v2_starter_b15_tb_fees_time,2026-08-20,1138950,0,8,762.5999755859375,522.3499755859375,497480.0,7626.0
v2_starter_b15_tb_fees_time,2026-08-21,1140130,0,7,765.719970703125,520.0499877929688,593656.0,7699.0
v2_starter_b15_tb_fees_time,2026-08-24,1127958,0,8,763.469970703125,506.17999267578125,508165.0,7787.0
v2_starter_b15_tb_fees_time,2026-08-25,1142608,0,8,765.9099731445312,514.0599975585938,508240.0,7862.0
v2_starter_b15_tb_fees_time,2026-08-26,1146391,0,8,766.0800170898438,515.4000244140625,508315.0,7937.0
v2_starter_b15_tb_fees_time,2026-08-27,1154507,0,8,771.0999755859375,525.4299926757812,508389.0,8011.0
v2_starter_b15_tb_fees_time,2026-08-28,1141695,0,9,769.3499755859375,508.6199951171875,465164.0,8086.0
v2_starter_b15_tb_fees_time,2026-08-31,1140113,0,9,767.0499877929688,511.0400085449219,465234.0,8156.0
v2_starter_b15_tb_fees_time,2026-09-01,1134689,0,9,761.780029296875,500.30999755859375,465304.0,8226.0
v2_starter_b15_tb_fees_time,2026-09-02,1134358,0,9,765.1599731445312,501.44000244140625,465374.0,8296.0
v2_starter_b15_tb_fees_time,2026-09-03,1143304,0,9,773.1699829101562,502.20001220703125,465443.0,8365.0
v2_starter_b15_tb_fees_time,2026-09-04,1167649,0,9,770.1900024414062,519.8599853515625,465513.0,8435.0
v2_starter_b15_tb_fees_time,2026-09-08,1194263,0,7,765.9600219726562,528.4000244140625,669493.0,8505.0
v2_starter_b15_tb_fees_time,2026-09-09,1194226,0,7,762.4000244140625,532.0,669594.0,8606.0
v2_starter_b15_tb_fees_time,2026-09-10,1189775,0,7,757.8300170898438,517.4299926757812,669697.0,8709.0
v2_starter_b15_tb_fees_time,2026-09-11,1200587,0,7,764.2899780273438,527.0700073242188,669800.0,8812.0
v2_starter_b15_tb_fees_time,2026-09-14,1162909,0,5,760.8800048828125,497.3999938964844,796107.0,8916.0
v2_starter_b15_tb_fees_time,2026-09-15,1160430,0,4,757.3900146484375,498.8500061035156,900363.0,9041.0
v2_starter_b15_tb_fees_time,2026-09-16,1164182,0,5,754.0499877929688,502.05999755859375,813459.0,9183.0
v2_starter_b15_tb_fees_time,2026-09-17,1164369,0,7,762.5999755859375,519.0999755859375,464286.0,9312.0
v2_starter_b15_tb_fees_time,2026-09-18,1181535,0,6,761.6900024414062,533.0700073242188,580223.0,9385.0
v2_starter_b15_tb_fees_time,2026-09-21,1199716,0,6,773.5,559.3400268554688,581851.0,9477.0
v2_starter_b15_tb_fees_time,2026-09-22,1206621,0,6,773.3800048828125,572.780029296875,583512.0,9570.0
v2_starter_b15_tb_fees_time,2026-09-23,1198383,0,6,767.8099975585938,565.719970703125,583605.0,9663.0
v2_starter_b15_tb_fees_time,2026-09-24,1191128,0,7,767.1799926757812,566.0700073242188,538753.0,9757.0
v2_starter_b15_tb_fees_trail,2026-04-20,999967,0,1,706.8988037109375,417.351806640625,849997.0,0.0
v2_starter_b15_tb_fees_trail,2026-04-21,1000841,0,1,702.2708129882812,420.5003356933594,850118.0,121.0
v2_starter_b15_tb_fees_trail,2026-04-22,1008890,0,1,709.3825073242188,431.5650634765625,850239.0,242.0
v2_starter_b15_tb_fees_trail,2026-04-23,1004173,0,4,706.6295776367188,440.7906799316406,547434.0,363.0
v2_starter_b15_tb_fees_trail,2026-04-24,1015533,0,3,712.10546875,461.38092041015625,620745.0,441.0
v2_starter_b15_tb_fees_trail,2026-04-27,1012935,0,4,713.332275390625,455.19384765625,544548.0,530.0
v2_starter_b15_tb_fees_trail,2026-04-28,1003318,0,4,709.8612060546875,438.50177001953125,544626.0,608.0
v2_starter_b15_tb_fees_trail,2026-04-29,1004464,0,4,709.7515258789062,449.7763977050781,544704.0,686.0
v2_starter_b15_tb_fees_trail,2026-04-30,1013122,0,4,716.8132934570312,461.2209777832031,544782.0,764.0
v2_starter_b15_tb_fees_trail,2026-05-01,1013477,0,4,718.7982177734375,465.5289306640625,544860.0,842.0
v2_starter_b15_tb_fees_trail,2026-05-04,1010804,0,5,716.1649780273438,461.8406982421875,506913.0,920.0
v2_starter_b15_tb_fees_trail,2026-05-05,1012238,0,4,721.9102172851562,482.5008850097656,543920.0,993.0
v2_starter_b15_tb_fees_trail,2026-05-06,1034787,0,4,731.9443359375,506.6294250488281,543998.0,1071.0
v2_starter_b15_tb_fees_trail,2026-05-07,1030204,0,3,729.7001342773438,492.12628173828125,706257.0,1149.0
v2_starter_b15_tb_fees_trail,2026-05-08,1029021,0,3,735.724609375,520.0530395507812,706358.0,1250.0
v2_starter_b15_tb_fees_trail,2026-05-11,1029569,0,3,737.4002685546875,532.5071411132812,706459.0,1351.0
v2_starter_b15_tb_fees_trail,2026-05-12,1026425,0,3,736.2831420898438,515.7450561523438,706560.0,1452.0
v2_starter_b15_tb_fees_trail,2026-05-13,1030233,0,3,740.4025268554688,528.0392456054688,706661.0,1553.0
v2_starter_b15_tb_fees_trail,2026-05-14,1038128,0,3,746.2474975585938,529.7784423828125,706762.0,1654.0
v2_starter_b15_tb_fees_trail,2026-05-15,1032251,0,3,737.2706298828125,508.27862548828125,706863.0,1755.0
v2_starter_b15_tb_fees_trail,2026-05-18,1029440,0,3,736.751953125,495.6346435546875,706964.0,1856.0
v2_starter_b15_tb_fees_trail,2026-05-19,1031539,0,3,731.8446044921875,496.50421142578125,707065.0,1957.0
v2_starter_b15_tb_fees_trail,2026-05-20,1033274,0,3,739.3452758789062,520.0630493164062,707165.0,2057.0
v2_starter_b15_tb_fees_trail,2026-05-21,1037082,0,3,740.8114624023438,524.4609985351562,707266.0,2158.0
v2_starter_b15_tb_fees_trail,2026-05-22,1037276,0,3,743.7239990234375,537.0750122070312,707367.0,2259.0
v2_starter_b15_tb_fees_trail,2026-05-26,1039883,0,3,748.6613159179688,569.8194580078125,707468.0,2360.0
v2_starter_b15_tb_fees_trail,2026-05-27,1044331,0,3,748.5316162109375,563.7122802734375,707569.0,2461.0
v2_starter_b15_tb_fees_trail,2026-05-28,1044373,0,3,752.6609497070312,569.19970703125,707670.0,2562.0
v2_starter_b15_tb_fees_trail,2026-05-29,1044204,0,3,754.5361328125,568.8099365234375,707771.0,2663.0
v2_starter_b15_tb_fees_trail,2026-06-01,1051164,0,3,756.5908203125,571.6585083007812,707873.0,2765.0
v2_starter_b15_tb_fees_trail,2026-06-02,1060401,0,3,757.6182250976562,604.7328491210938,707975.0,2867.0
v2_starter_b15_tb_fees_trail,2026-06-03,1058276,0,3,752.3018798828125,615.3877563476562,708077.0,2969.0
v2_starter_b15_tb_fees_trail,2026-06-04,1058120,0,4,755.1445922851562,602.4338989257812,628798.0,3071.0
v2_starter_b15_tb_fees_trail,2026-06-05,1043014,0,4,735.65478515625,539.5138549804688,628889.0,3162.0
v2_starter_b15_tb_fees_trail,2026-06-08,1043003,0,4,737.3204345703125,571.1787719726562,628980.0,3253.0
v2_starter_b15_tb_fees_trail,2026-06-09,1044149,0,3,735.1560668945312,561.8732299804688,702949.0,3344.0
v2_starter_b15_tb_fees_trail,2026-06-10,1032029,0,2,723.56591796875,541.2529907226562,870388.0,3446.0
v2_starter_b15_tb_fees_trail,2026-06-11,1033085,0,5,735.8642578125,586.6514282226562,406036.0,3571.0
v2_starter_b15_tb_fees_trail,2026-06-12,1043041,0,5,739.843994140625,595.9669799804688,406094.0,3629.0
v2_starter_b15_tb_fees_trail,2026-06-15,1062730,0,4,752.890380859375,628.4500122070312,576838.0,3688.0
v2_starter_b15_tb_fees_trail,2026-06-16,1062819,0,4,748.4019775390625,591.239990234375,576921.0,3771.0
v2_starter_b15_tb_fees_trail,2026-06-17,1059841,0,5,739.0560302734375,599.72998046875,537143.0,3855.0
v2_starter_b15_tb_fees_trail,2026-06-18,1071916,0,5,746.739990234375,639.4500122070312,540315.0,3933.0
v2_starter_b15_tb_fees_trail,2026-06-22,1059856,0,5,744.3900146484375,655.010009765625,540394.0,4012.0
v2_starter_b15_tb_fees_trail,2026-06-23,1051168,0,5,733.5800170898438,603.3900146484375,537323.0,4091.0
v2_starter_b15_tb_fees_trail,2026-06-24,1047654,0,4,733.239990234375,601.5,575661.0,4170.0
v2_starter_b15_tb_fees_trail,2026-06-25,1043726,0,4,734.2999877929688,625.2000122070312,575745.0,4254.0
v2_starter_b15_tb_fees_trail,2026-06-26,1037096,0,4,728.989990234375,589.9400024414062,575829.0,4338.0
v2_starter_b15_tb_fees_trail,2026-06-29,1047380,0,4,741.0,614.3499755859375,575914.0,4423.0
v2_starter_b15_tb_fees_trail,2026-06-30,1051235,0,5,746.77001953125,640.760009765625,497436.0,4508.0
v2_starter_b15_tb_fees_trail,2026-07-01,1053082,0,5,745.760009765625,599.7000122070312,497509.0,4581.0
v2_starter_b15_tb_fees_trail,2026-07-02,1056135,0,3,744.780029296875,566.3200073242188,672499.0,4654.0
v2_starter_b15_tb_fees_trail,2026-07-06,1059773,0,3,751.280029296875,581.510009765625,672599.0,4754.0
v2_starter_b15_tb_fees_trail,2026-07-07,1060802,0,3,747.7100219726562,551.6900024414062,672699.0,4854.0
v2_starter_b15_tb_fees_trail,2026-07-08,1063041,0,3,745.4000244140625,562.030029296875,672799.0,4954.0
v2_starter_b15_tb_fees_trail,2026-07-09,1061272,0,3,751.7100219726562,581.7000122070312,672898.0,5053.0
v2_starter_b15_tb_fees_trail,2026-07-10,1067175,0,3,754.9500122070312,581.3400268554688,672997.0,5152.0
v2_starter_b15_tb_fees_trail,2026-07-13,1061013,0,3,749.1699829101562,553.6099853515625,673097.0,5252.0
v2_starter_b15_tb_fees_trail,2026-07-14,1068970,0,3,751.8300170898438,567.9199829101562,673196.0,5351.0
v2_starter_b15_tb_fees_trail,2026-07-15,1077434,0,3,754.8099975585938,555.27001953125,673295.0,5450.0
v2_starter_b15_tb_fees_trail,2026-07-16,1067718,0,3,750.719970703125,530.5,673394.0,5549.0
v2_starter_b15_tb_fees_trail,2026-07-17,1059486,0,3,743.2899780273438,521.8099975585938,673493.0,5648.0
v2_starter_b15_tb_fees_trail,2026-07-20,1063999,0,3,742.0900268554688,524.1400146484375,673593.0,5748.0
v2_starter_b15_tb_fees_trail,2026-07-21,1063924,0,3,748.280029296875,552.6900024414062,673693.0,5848.0
v2_starter_b15_tb_fees_trail,2026-07-22,1064210,0,3,747.4099731445312,555.52001953125,673793.0,5948.0
v2_starter_b15_tb_fees_trail,2026-07-23,1049660,0,2,738.1799926757812,551.239990234375,811910.0,6050.0
v2_starter_b15_tb_fees_trail,2026-07-24,1048359,0,2,738.9299926757812,527.010009765625,812033.0,6173.0
v2_starter_b15_tb_fees_trail,2026-07-27,1042241,0,2,739.0900268554688,516.22998046875,812156.0,6296.0
v2_starter_b15_tb_fees_trail,2026-07-28,1043633,0,2,740.8599853515625,491.4599914550781,812278.0,6418.0
v2_starter_b15_tb_fees_trail,2026-07-29,1037879,0,2,729.4600219726562,465.0,812397.0,6537.0
v2_starter_b15_tb_fees_trail,2026-07-30,1054522,0,2,741.6900024414062,504.5299987792969,812516.0,6656.0
v2_starter_b15_tb_fees_trail,2026-07-31,1061794,0,3,747.030029296875,504.8900146484375,733534.0,6775.0
v2_starter_b15_tb_fees_trail,2026-08-03,1078366,0,5,757.6699829101562,507.67999267578125,614112.0,6884.0
v2_starter_b15_tb_fees_trail,2026-08-04,1096873,0,6,771.3300170898438,542.2100219726562,573750.0,6975.0
v2_starter_b15_tb_fees_trail,2026-08-05,1094657,0,6,769.7899780273438,530.7000122070312,573835.0,7060.0
v2_starter_b15_tb_fees_trail,2026-08-06,1098543,0,5,768.5599975585938,532.52001953125,739339.0,7145.0
v2_starter_b15_tb_fees_trail,2026-08-07,1109402,0,7,773.260009765625,543.27001953125,574583.0,7254.0
v2_starter_b15_tb_fees_trail,2026-08-10,1097742,0,7,773.030029296875,529.3900146484375,574668.0,7339.0
v2_starter_b15_tb_fees_trail,2026-08-11,1101485,0,7,770.5599975585938,534.2000122070312,580755.0,7424.0
v2_starter_b15_tb_fees_trail,2026-08-12,1127768,0,7,772.489990234375,546.6099853515625,580841.0,7510.0
v2_starter_b15_tb_fees_trail,2026-08-13,1136797,0,8,777.8800048828125,550.739990234375,496335.0,7596.0
v2_starter_b15_tb_fees_trail,2026-08-14,1142600,0,8,776.3400268554688,550.4199829101562,496408.0,7669.0
v2_starter_b15_tb_fees_trail,2026-08-17,1147723,0,8,772.6699829101562,559.1199951171875,496481.0,7742.0
v2_starter_b15_tb_fees_trail,2026-08-18,1120451,0,6,767.4500122070312,531.3900146484375,662801.0,7815.0
v2_starter_b15_tb_fees_trail,2026-08-19,1107617,0,4,769.0599975585938,519.6699829101562,748497.0,7913.0
v2_starter_b15_tb_fees_trail,2026-08-20,1123142,0,4,762.5999755859375,522.3499755859375,748607.0,8023.0
v2_starter_b15_tb_fees_trail,2026-08-21,1125600,0,4,765.719970703125,520.0499877929688,748718.0,8134.0
v2_starter_b15_tb_fees_trail,2026-08-24,1116079,0,6,763.469970703125,506.17999267578125,622087.0,8245.0
v2_starter_b15_tb_fees_trail,2026-08-25,1124700,0,6,765.9099731445312,514.0599975585938,622179.0,8337.0
v2_starter_b15_tb_fees_trail,2026-08-26,1127380,0,6,766.0800170898438,515.4000244140625,622270.0,8428.0
v2_starter_b15_tb_fees_trail,2026-08-27,1136018,0,6,771.0999755859375,525.4299926757812,622361.0,8519.0
v2_starter_b15_tb_fees_trail,2026-08-28,1129580,0,7,769.3499755859375,508.6199951171875,579846.0,8611.0
v2_starter_b15_tb_fees_trail,2026-08-31,1129285,0,7,767.0499877929688,511.0400085449219,579933.0,8698.0
v2_starter_b15_tb_fees_trail,2026-09-01,1123009,0,7,761.780029296875,500.30999755859375,580020.0,8785.0
v2_starter_b15_tb_fees_trail,2026-09-02,1120689,0,7,765.1599731445312,501.44000244140625,580107.0,8872.0
v2_starter_b15_tb_fees_trail,2026-09-03,1122817,0,7,773.1699829101562,502.20001220703125,580193.0,8958.0
v2_starter_b15_tb_fees_trail,2026-09-04,1137785,0,7,770.1900024414062,519.8599853515625,580280.0,9045.0
v2_starter_b15_tb_fees_trail,2026-09-08,1153713,0,6,765.9600219726562,528.4000244140625,674239.0,9133.0
v2_starter_b15_tb_fees_trail,2026-09-09,1154724,0,6,762.4000244140625,532.0,674341.0,9235.0
v2_starter_b15_tb_fees_trail,2026-09-10,1151699,0,6,757.8300170898438,517.4299926757812,674444.0,9338.0
v2_starter_b15_tb_fees_trail,2026-09-11,1161048,0,6,764.2899780273438,527.0700073242188,674547.0,9441.0
v2_starter_b15_tb_fees_trail,2026-09-14,1127370,0,3,760.8800048828125,497.3999938964844,838394.0,9546.0
v2_starter_b15_tb_fees_trail,2026-09-15,1125370,0,2,757.3900146484375,498.8500061035156,943174.0,9678.0
v2_starter_b15_tb_fees_trail,2026-09-16,1129122,0,3,754.0499877929688,502.05999755859375,858906.0,9827.0
v2_starter_b15_tb_fees_trail,2026-09-17,1127458,0,5,762.5999755859375,519.0999755859375,520257.0,9963.0
v2_starter_b15_tb_fees_trail,2026-09-18,1142362,0,4,761.6900024414062,533.0700073242188,630160.0,10045.0
v2_starter_b15_tb_fees_trail,2026-09-21,1155921,0,4,773.5,559.3400268554688,632005.0,10145.0
v2_starter_b15_tb_fees_trail,2026-09-22,1162001,0,4,773.3800048828125,572.780029296875,634488.0,10246.0
v2_starter_b15_tb_fees_trail,2026-09-23,1156415,0,4,767.8099975585938,565.719970703125,634589.0,10347.0
v2_starter_b15_tb_fees_trail,2026-09-24,1150470,0,5,767.1799926757812,566.0700073242188,591319.0,10449.0
v2_starter_b15_tb_fees_trail_loss,2026-04-20,999967,0,1,706.8988037109375,417.351806640625,849997.0,0.0
v2_starter_b15_tb_fees_trail_loss,2026-04-21,1000841,0,1,702.2708129882812,420.5003356933594,850118.0,121.0
v2_starter_b15_tb_fees_trail_loss,2026-04-22,1008890,0,1,709.3825073242188,431.5650634765625,850239.0,242.0
v2_starter_b15_tb_fees_trail_loss,2026-04-23,1004173,0,4,706.6295776367188,440.7906799316406,547434.0,363.0
v2_starter_b15_tb_fees_trail_loss,2026-04-24,1015533,0,3,712.10546875,461.38092041015625,620745.0,441.0
v2_starter_b15_tb_fees_trail_loss,2026-04-27,1012935,0,4,713.332275390625,455.19384765625,544548.0,530.0
v2_starter_b15_tb_fees_trail_loss,2026-04-28,1003318,0,4,709.8612060546875,438.50177001953125,544626.0,608.0
v2_starter_b15_tb_fees_trail_loss,2026-04-29,1004464,0,4,709.7515258789062,449.7763977050781,544704.0,686.0
v2_starter_b15_tb_fees_trail_loss,2026-04-30,1013122,0,4,716.8132934570312,461.2209777832031,544782.0,764.0
v2_starter_b15_tb_fees_trail_loss,2026-05-01,1013477,0,4,718.7982177734375,465.5289306640625,544860.0,842.0
v2_starter_b15_tb_fees_trail_loss,2026-05-04,1010804,0,5,716.1649780273438,461.8406982421875,506913.0,920.0
v2_starter_b15_tb_fees_trail_loss,2026-05-05,1012238,0,4,721.9102172851562,482.5008850097656,543920.0,993.0
v2_starter_b15_tb_fees_trail_loss,2026-05-06,1034787,0,4,731.9443359375,506.6294250488281,543998.0,1071.0
v2_starter_b15_tb_fees_trail_loss,2026-05-07,1030204,0,3,729.7001342773438,492.12628173828125,706257.0,1149.0
v2_starter_b15_tb_fees_trail_loss,2026-05-08,1029021,0,3,735.724609375,520.0530395507812,706358.0,1250.0
v2_starter_b15_tb_fees_trail_loss,2026-05-11,1029569,0,3,737.4002685546875,532.5071411132812,706459.0,1351.0
v2_starter_b15_tb_fees_trail_loss,2026-05-12,1026425,0,3,736.2831420898438,515.7450561523438,706560.0,1452.0
v2_starter_b15_tb_fees_trail_loss,2026-05-13,1030233,0,3,740.4025268554688,528.0392456054688,706661.0,1553.0
v2_starter_b15_tb_fees_trail_loss,2026-05-14,1038128,0,3,746.2474975585938,529.7784423828125,706762.0,1654.0
v2_starter_b15_tb_fees_trail_loss,2026-05-15,1032251,0,3,737.2706298828125,508.27862548828125,706863.0,1755.0
v2_starter_b15_tb_fees_trail_loss,2026-05-18,1029440,0,3,736.751953125,495.6346435546875,706964.0,1856.0
v2_starter_b15_tb_fees_trail_loss,2026-05-19,1031539,0,3,731.8446044921875,496.50421142578125,707065.0,1957.0
v2_starter_b15_tb_fees_trail_loss,2026-05-20,1033274,0,3,739.3452758789062,520.0630493164062,707165.0,2057.0
v2_starter_b15_tb_fees_trail_loss,2026-05-21,1037082,0,3,740.8114624023438,524.4609985351562,707266.0,2158.0
v2_starter_b15_tb_fees_trail_loss,2026-05-22,1037276,0,3,743.7239990234375,537.0750122070312,707367.0,2259.0
v2_starter_b15_tb_fees_trail_loss,2026-05-26,1039883,0,3,748.6613159179688,569.8194580078125,707468.0,2360.0
v2_starter_b15_tb_fees_trail_loss,2026-05-27,1044331,0,3,748.5316162109375,563.7122802734375,707569.0,2461.0
v2_starter_b15_tb_fees_trail_loss,2026-05-28,1044373,0,3,752.6609497070312,569.19970703125,707670.0,2562.0
v2_starter_b15_tb_fees_trail_loss,2026-05-29,1044204,0,3,754.5361328125,568.8099365234375,707771.0,2663.0
v2_starter_b15_tb_fees_trail_loss,2026-06-01,1051164,0,3,756.5908203125,571.6585083007812,707873.0,2765.0
v2_starter_b15_tb_fees_trail_loss,2026-06-02,1060401,0,3,757.6182250976562,604.7328491210938,707975.0,2867.0
v2_starter_b15_tb_fees_trail_loss,2026-06-03,1058276,0,3,752.3018798828125,615.3877563476562,708077.0,2969.0
v2_starter_b15_tb_fees_trail_loss,2026-06-04,1058120,0,4,755.1445922851562,602.4338989257812,628798.0,3071.0
v2_starter_b15_tb_fees_trail_loss,2026-06-05,1043014,0,4,735.65478515625,539.5138549804688,628889.0,3162.0
v2_starter_b15_tb_fees_trail_loss,2026-06-08,1043003,0,4,737.3204345703125,571.1787719726562,628980.0,3253.0
v2_starter_b15_tb_fees_trail_loss,2026-06-09,1044149,0,3,735.1560668945312,561.8732299804688,702949.0,3344.0
v2_starter_b15_tb_fees_trail_loss,2026-06-10,1032029,0,2,723.56591796875,541.2529907226562,870388.0,3446.0
v2_starter_b15_tb_fees_trail_loss,2026-06-11,1033085,0,5,735.8642578125,586.6514282226562,406036.0,3571.0
v2_starter_b15_tb_fees_trail_loss,2026-06-12,1043041,0,5,739.843994140625,595.9669799804688,406094.0,3629.0
v2_starter_b15_tb_fees_trail_loss,2026-06-15,1062730,0,4,752.890380859375,628.4500122070312,576838.0,3688.0
v2_starter_b15_tb_fees_trail_loss,2026-06-16,1062819,0,4,748.4019775390625,591.239990234375,576921.0,3771.0
v2_starter_b15_tb_fees_trail_loss,2026-06-17,1059841,0,5,739.0560302734375,599.72998046875,537143.0,3855.0
v2_starter_b15_tb_fees_trail_loss,2026-06-18,1071916,0,5,746.739990234375,639.4500122070312,540315.0,3933.0
v2_starter_b15_tb_fees_trail_loss,2026-06-22,1059856,0,5,744.3900146484375,655.010009765625,540394.0,4012.0
v2_starter_b15_tb_fees_trail_loss,2026-06-23,1051168,0,5,733.5800170898438,603.3900146484375,537323.0,4091.0
v2_starter_b15_tb_fees_trail_loss,2026-06-24,1047654,0,4,733.239990234375,601.5,575661.0,4170.0
v2_starter_b15_tb_fees_trail_loss,2026-06-25,1043726,0,4,734.2999877929688,625.2000122070312,575745.0,4254.0
v2_starter_b15_tb_fees_trail_loss,2026-06-26,1037096,0,4,728.989990234375,589.9400024414062,575829.0,4338.0
v2_starter_b15_tb_fees_trail_loss,2026-06-29,1047380,0,4,741.0,614.3499755859375,575914.0,4423.0
v2_starter_b15_tb_fees_trail_loss,2026-06-30,1051235,0,5,746.77001953125,640.760009765625,497436.0,4508.0
v2_starter_b15_tb_fees_trail_loss,2026-07-01,1053082,0,5,745.760009765625,599.7000122070312,497509.0,4581.0
v2_starter_b15_tb_fees_trail_loss,2026-07-02,1056135,0,3,744.780029296875,566.3200073242188,672499.0,4654.0
v2_starter_b15_tb_fees_trail_loss,2026-07-06,1059773,0,3,751.280029296875,581.510009765625,672599.0,4754.0
v2_starter_b15_tb_fees_trail_loss,2026-07-07,1060802,0,3,747.7100219726562,551.6900024414062,672699.0,4854.0
v2_starter_b15_tb_fees_trail_loss,2026-07-08,1063041,0,3,745.4000244140625,562.030029296875,672799.0,4954.0
v2_starter_b15_tb_fees_trail_loss,2026-07-09,1061272,0,3,751.7100219726562,581.7000122070312,672898.0,5053.0
v2_starter_b15_tb_fees_trail_loss,2026-07-10,1067175,0,3,754.9500122070312,581.3400268554688,672997.0,5152.0
v2_starter_b15_tb_fees_trail_loss,2026-07-13,1061013,0,3,749.1699829101562,553.6099853515625,673097.0,5252.0
v2_starter_b15_tb_fees_trail_loss,2026-07-14,1068970,0,3,751.8300170898438,567.9199829101562,673196.0,5351.0
v2_starter_b15_tb_fees_trail_loss,2026-07-15,1077434,0,3,754.8099975585938,555.27001953125,673295.0,5450.0
v2_starter_b15_tb_fees_trail_loss,2026-07-16,1067718,0,3,750.719970703125,530.5,673394.0,5549.0
v2_starter_b15_tb_fees_trail_loss,2026-07-17,1059486,0,3,743.2899780273438,521.8099975585938,673493.0,5648.0
v2_starter_b15_tb_fees_trail_loss,2026-07-20,1063999,0,3,742.0900268554688,524.1400146484375,673593.0,5748.0
v2_starter_b15_tb_fees_trail_loss,2026-07-21,1063924,0,3,748.280029296875,552.6900024414062,673693.0,5848.0
v2_starter_b15_tb_fees_trail_loss,2026-07-22,1064210,0,3,747.4099731445312,555.52001953125,673793.0,5948.0
v2_starter_b15_tb_fees_trail_loss,2026-07-23,1049660,0,2,738.1799926757812,551.239990234375,811910.0,6050.0
v2_starter_b15_tb_fees_trail_loss,2026-07-24,1048359,0,2,738.9299926757812,527.010009765625,812033.0,6173.0
v2_starter_b15_tb_fees_trail_loss,2026-07-27,1042241,0,2,739.0900268554688,516.22998046875,812156.0,6296.0
v2_starter_b15_tb_fees_trail_loss,2026-07-28,1043633,0,2,740.8599853515625,491.4599914550781,812278.0,6418.0
v2_starter_b15_tb_fees_trail_loss,2026-07-29,1037879,0,2,729.4600219726562,465.0,812397.0,6537.0
v2_starter_b15_tb_fees_trail_loss,2026-07-30,1054522,0,2,741.6900024414062,504.5299987792969,812516.0,6656.0
v2_starter_b15_tb_fees_trail_loss,2026-07-31,1061794,0,3,747.030029296875,504.8900146484375,733534.0,6775.0
v2_starter_b15_tb_fees_trail_loss,2026-08-03,1078366,0,5,757.6699829101562,507.67999267578125,614112.0,6884.0
v2_starter_b15_tb_fees_trail_loss,2026-08-04,1096873,0,6,771.3300170898438,542.2100219726562,573750.0,6975.0
v2_starter_b15_tb_fees_trail_loss,2026-08-05,1094657,0,6,769.7899780273438,530.7000122070312,573835.0,7060.0
v2_starter_b15_tb_fees_trail_loss,2026-08-06,1098543,0,5,768.5599975585938,532.52001953125,739339.0,7145.0
v2_starter_b15_tb_fees_trail_loss,2026-08-07,1109402,0,7,773.260009765625,543.27001953125,574583.0,7254.0
v2_starter_b15_tb_fees_trail_loss,2026-08-10,1097742,0,7,773.030029296875,529.3900146484375,574668.0,7339.0
v2_starter_b15_tb_fees_trail_loss,2026-08-11,1104182,0,8,770.5599975585938,534.2000122070312,492413.0,7424.0
v2_starter_b15_tb_fees_trail_loss,2026-08-12,1142862,0,8,772.489990234375,546.6099853515625,492486.0,7497.0
v2_starter_b15_tb_fees_trail_loss,2026-08-13,1146111,0,9,777.8800048828125,550.739990234375,406836.0,7570.0
v2_starter_b15_tb_fees_trail_loss,2026-08-14,1156960,0,9,776.3400268554688,550.4199829101562,406896.0,7630.0
v2_starter_b15_tb_fees_trail_loss,2026-08-17,1166831,0,9,772.6699829101562,559.1199951171875,406956.0,7690.0
v2_starter_b15_tb_fees_trail_loss,2026-08-18,1126462,0,8,767.4500122070312,531.3900146484375,490614.0,7750.0
v2_starter_b15_tb_fees_trail_loss,2026-08-19,1109124,0,7,769.0599975585938,519.6699829101562,573507.0,7822.0
v2_starter_b15_tb_fees_trail_loss,2026-08-20,1131959,0,6,762.5999755859375,522.3499755859375,613867.0,7906.0
v2_starter_b15_tb_fees_trail_loss,2026-08-21,1133087,0,5,765.719970703125,520.0499877929688,709938.0,7997.0
v2_starter_b15_tb_fees_trail_loss,2026-08-24,1121054,0,7,763.469970703125,506.17999267578125,582459.0,8102.0
v2_starter_b15_tb_fees_trail_loss,2026-08-25,1131200,0,6,765.9099731445312,514.0599975585938,622989.0,8188.0
v2_starter_b15_tb_fees_trail_loss,2026-08-26,1133907,0,6,766.0800170898438,515.4000244140625,623080.0,8279.0
v2_starter_b15_tb_fees_trail_loss,2026-08-27,1142681,0,6,771.0999755859375,525.4299926757812,623171.0,8370.0
v2_starter_b15_tb_fees_trail_loss,2026-08-28,1136028,0,7,769.3499755859375,508.6199951171875,580406.0,8462.0
v2_starter_b15_tb_fees_trail_loss,2026-08-31,1135789,0,7,767.0499877929688,511.0400085449219,580493.0,8549.0
v2_starter_b15_tb_fees_trail_loss,2026-09-01,1129588,0,7,761.780029296875,500.30999755859375,580580.0,8636.0
v2_starter_b15_tb_fees_trail_loss,2026-09-02,1127027,0,7,765.1599731445312,501.44000244140625,580667.0,8723.0
v2_starter_b15_tb_fees_trail_loss,2026-09-03,1129154,0,7,773.1699829101562,502.20001220703125,580753.0,8809.0
v2_starter_b15_tb_fees_trail_loss,2026-09-04,1144320,0,7,770.1900024414062,519.8599853515625,580840.0,8896.0
v2_starter_b15_tb_fees_trail_loss,2026-09-08,1160749,0,6,765.9600219726562,528.4000244140625,674799.0,8984.0
v2_starter_b15_tb_fees_trail_loss,2026-09-09,1161942,0,6,762.4000244140625,532.0,674901.0,9086.0
v2_starter_b15_tb_fees_trail_loss,2026-09-10,1158894,0,6,757.8300170898438,517.4299926757812,675004.0,9189.0
v2_starter_b15_tb_fees_trail_loss,2026-09-11,1168134,0,6,764.2899780273438,527.0700073242188,675107.0,9292.0
v2_starter_b15_tb_fees_trail_loss,2026-09-14,1134023,0,3,760.8800048828125,497.3999938964844,839464.0,9397.0
v2_starter_b15_tb_fees_trail_loss,2026-09-15,1131998,0,2,757.3900146484375,498.8500061035156,944244.0,9529.0
v2_starter_b15_tb_fees_trail_loss,2026-09-16,1135893,0,3,754.0499877929688,502.05999755859375,859479.0,9678.0
v2_starter_b15_tb_fees_trail_loss,2026-09-17,1134137,0,5,762.5999755859375,519.0999755859375,518799.0,9814.0
v2_starter_b15_tb_fees_trail_loss,2026-09-18,1149394,0,4,761.6900024414062,533.0700073242188,634100.0,9896.0
v2_starter_b15_tb_fees_trail_loss,2026-09-21,1163036,0,4,773.5,559.3400268554688,635916.0,9996.0
v2_starter_b15_tb_fees_trail_loss,2026-09-22,1169153,0,4,773.3800048828125,572.780029296875,638372.0,10097.0
v2_starter_b15_tb_fees_trail_loss,2026-09-23,1163532,0,4,767.8099975585938,565.719970703125,638474.0,10199.0
v2_starter_b15_tb_fees_trail_loss,2026-09-24,1157547,0,5,767.1799926757812,566.0700073242188,594937.0,10301.0
v2_starter_b15_tb_fees_trail_win,2026-04-20,999967,0,1,706.8988037109375,417.351806640625,849997.0,0.0
v2_starter_b15_tb_fees_trail_win,2026-04-21,1000841,0,1,702.2708129882812,420.5003356933594,850118.0,121.0
v2_starter_b15_tb_fees_trail_win,2026-04-22,1008890,0,1,709.3825073242188,431.5650634765625,850239.0,242.0
v2_starter_b15_tb_fees_trail_win,2026-04-23,1004173,0,4,706.6295776367188,440.7906799316406,547434.0,363.0
v2_starter_b15_tb_fees_trail_win,2026-04-24,1015533,0,3,712.10546875,461.38092041015625,620745.0,441.0
v2_starter_b15_tb_fees_trail_win,2026-04-27,1012935,0,4,713.332275390625,455.19384765625,544548.0,530.0
v2_starter_b15_tb_fees_trail_win,2026-04-28,1003318,0,4,709.8612060546875,438.50177001953125,544626.0,608.0
v2_starter_b15_tb_fees_trail_win,2026-04-29,1004464,0,4,709.7515258789062,449.7763977050781,544704.0,686.0
v2_starter_b15_tb_fees_trail_win,2026-04-30,1013122,0,4,716.8132934570312,461.2209777832031,544782.0,764.0
v2_starter_b15_tb_fees_trail_win,2026-05-01,1013477,0,4,718.7982177734375,465.5289306640625,544860.0,842.0
v2_starter_b15_tb_fees_trail_win,2026-05-04,1010804,0,5,716.1649780273438,461.8406982421875,506913.0,920.0
v2_starter_b15_tb_fees_trail_win,2026-05-05,1012238,0,4,721.9102172851562,482.5008850097656,543920.0,993.0
v2_starter_b15_tb_fees_trail_win,2026-05-06,1034787,0,4,731.9443359375,506.6294250488281,543998.0,1071.0
v2_starter_b15_tb_fees_trail_win,2026-05-07,1030204,0,3,729.7001342773438,492.12628173828125,706257.0,1149.0
v2_starter_b15_tb_fees_trail_win,2026-05-08,1029021,0,3,735.724609375,520.0530395507812,706358.0,1250.0
v2_starter_b15_tb_fees_trail_win,2026-05-11,1029569,0,3,737.4002685546875,532.5071411132812,706459.0,1351.0
v2_starter_b15_tb_fees_trail_win,2026-05-12,1026425,0,3,736.2831420898438,515.7450561523438,706560.0,1452.0
v2_starter_b15_tb_fees_trail_win,2026-05-13,1030233,0,3,740.4025268554688,528.0392456054688,706661.0,1553.0
v2_starter_b15_tb_fees_trail_win,2026-05-14,1038128,0,3,746.2474975585938,529.7784423828125,706762.0,1654.0
v2_starter_b15_tb_fees_trail_win,2026-05-15,1032251,0,3,737.2706298828125,508.27862548828125,706863.0,1755.0
v2_starter_b15_tb_fees_trail_win,2026-05-18,1029440,0,3,736.751953125,495.6346435546875,706964.0,1856.0
v2_starter_b15_tb_fees_trail_win,2026-05-19,1031539,0,3,731.8446044921875,496.50421142578125,707065.0,1957.0
v2_starter_b15_tb_fees_trail_win,2026-05-20,1033274,0,3,739.3452758789062,520.0630493164062,707165.0,2057.0
v2_starter_b15_tb_fees_trail_win,2026-05-21,1037082,0,3,740.8114624023438,524.4609985351562,707266.0,2158.0
v2_starter_b15_tb_fees_trail_win,2026-05-22,1037276,0,3,743.7239990234375,537.0750122070312,707367.0,2259.0
v2_starter_b15_tb_fees_trail_win,2026-05-26,1039883,0,3,748.6613159179688,569.8194580078125,707468.0,2360.0
v2_starter_b15_tb_fees_trail_win,2026-05-27,1044331,0,3,748.5316162109375,563.7122802734375,707569.0,2461.0
v2_starter_b15_tb_fees_trail_win,2026-05-28,1044373,0,3,752.6609497070312,569.19970703125,707670.0,2562.0
v2_starter_b15_tb_fees_trail_win,2026-05-29,1044204,0,3,754.5361328125,568.8099365234375,707771.0,2663.0
v2_starter_b15_tb_fees_trail_win,2026-06-01,1051164,0,3,756.5908203125,571.6585083007812,707873.0,2765.0
v2_starter_b15_tb_fees_trail_win,2026-06-02,1060401,0,3,757.6182250976562,604.7328491210938,707975.0,2867.0
v2_starter_b15_tb_fees_trail_win,2026-06-03,1058276,0,3,752.3018798828125,615.3877563476562,708077.0,2969.0
v2_starter_b15_tb_fees_trail_win,2026-06-04,1058120,0,4,755.1445922851562,602.4338989257812,628798.0,3071.0
v2_starter_b15_tb_fees_trail_win,2026-06-05,1043014,0,4,735.65478515625,539.5138549804688,628889.0,3162.0
v2_starter_b15_tb_fees_trail_win,2026-06-08,1043003,0,4,737.3204345703125,571.1787719726562,628980.0,3253.0
v2_starter_b15_tb_fees_trail_win,2026-06-09,1044149,0,3,735.1560668945312,561.8732299804688,702949.0,3344.0
v2_starter_b15_tb_fees_trail_win,2026-06-10,1032029,0,2,723.56591796875,541.2529907226562,870388.0,3446.0
v2_starter_b15_tb_fees_trail_win,2026-06-11,1033085,0,5,735.8642578125,586.6514282226562,406036.0,3571.0
v2_starter_b15_tb_fees_trail_win,2026-06-12,1043041,0,5,739.843994140625,595.9669799804688,406094.0,3629.0
v2_starter_b15_tb_fees_trail_win,2026-06-15,1062730,0,4,752.890380859375,628.4500122070312,576838.0,3688.0
v2_starter_b15_tb_fees_trail_win,2026-06-16,1062819,0,4,748.4019775390625,591.239990234375,576921.0,3771.0
v2_starter_b15_tb_fees_trail_win,2026-06-17,1059841,0,5,739.0560302734375,599.72998046875,537143.0,3855.0
v2_starter_b15_tb_fees_trail_win,2026-06-18,1071916,0,5,746.739990234375,639.4500122070312,540315.0,3933.0
v2_starter_b15_tb_fees_trail_win,2026-06-22,1059856,0,5,744.3900146484375,655.010009765625,540394.0,4012.0
v2_starter_b15_tb_fees_trail_win,2026-06-23,1051168,0,5,733.5800170898438,603.3900146484375,537323.0,4091.0
v2_starter_b15_tb_fees_trail_win,2026-06-24,1047654,0,4,733.239990234375,601.5,575661.0,4170.0
v2_starter_b15_tb_fees_trail_win,2026-06-25,1043726,0,4,734.2999877929688,625.2000122070312,575745.0,4254.0
v2_starter_b15_tb_fees_trail_win,2026-06-26,1037096,0,4,728.989990234375,589.9400024414062,575829.0,4338.0
v2_starter_b15_tb_fees_trail_win,2026-06-29,1047380,0,4,741.0,614.3499755859375,575914.0,4423.0
v2_starter_b15_tb_fees_trail_win,2026-06-30,1051235,0,5,746.77001953125,640.760009765625,497436.0,4508.0
v2_starter_b15_tb_fees_trail_win,2026-07-01,1053082,0,5,745.760009765625,599.7000122070312,497509.0,4581.0
v2_starter_b15_tb_fees_trail_win,2026-07-02,1056135,0,3,744.780029296875,566.3200073242188,672499.0,4654.0
v2_starter_b15_tb_fees_trail_win,2026-07-06,1059773,0,3,751.280029296875,581.510009765625,672599.0,4754.0
v2_starter_b15_tb_fees_trail_win,2026-07-07,1060802,0,3,747.7100219726562,551.6900024414062,672699.0,4854.0
v2_starter_b15_tb_fees_trail_win,2026-07-08,1063041,0,3,745.4000244140625,562.030029296875,672799.0,4954.0
v2_starter_b15_tb_fees_trail_win,2026-07-09,1061272,0,3,751.7100219726562,581.7000122070312,672898.0,5053.0
v2_starter_b15_tb_fees_trail_win,2026-07-10,1067175,0,3,754.9500122070312,581.3400268554688,672997.0,5152.0
v2_starter_b15_tb_fees_trail_win,2026-07-13,1061013,0,3,749.1699829101562,553.6099853515625,673097.0,5252.0
v2_starter_b15_tb_fees_trail_win,2026-07-14,1068970,0,3,751.8300170898438,567.9199829101562,673196.0,5351.0
v2_starter_b15_tb_fees_trail_win,2026-07-15,1077434,0,3,754.8099975585938,555.27001953125,673295.0,5450.0
v2_starter_b15_tb_fees_trail_win,2026-07-16,1067718,0,3,750.719970703125,530.5,673394.0,5549.0
v2_starter_b15_tb_fees_trail_win,2026-07-17,1059486,0,3,743.2899780273438,521.8099975585938,673493.0,5648.0
v2_starter_b15_tb_fees_trail_win,2026-07-20,1063999,0,3,742.0900268554688,524.1400146484375,673593.0,5748.0
v2_starter_b15_tb_fees_trail_win,2026-07-21,1063924,0,3,748.280029296875,552.6900024414062,673693.0,5848.0
v2_starter_b15_tb_fees_trail_win,2026-07-22,1064210,0,3,747.4099731445312,555.52001953125,673793.0,5948.0
v2_starter_b15_tb_fees_trail_win,2026-07-23,1049755,0,3,738.1799926757812,551.239990234375,673895.0,6050.0
v2_starter_b15_tb_fees_trail_win,2026-07-24,1048758,0,3,738.9299926757812,527.010009765625,673997.0,6152.0
v2_starter_b15_tb_fees_trail_win,2026-07-27,1045865,0,3,739.0900268554688,516.22998046875,674099.0,6254.0
v2_starter_b15_tb_fees_trail_win,2026-07-28,1049852,0,3,740.8599853515625,491.4599914550781,674200.0,6355.0
v2_starter_b15_tb_fees_trail_win,2026-07-29,1045449,0,3,729.4600219726562,465.0,674299.0,6454.0
v2_starter_b15_tb_fees_trail_win,2026-07-30,1061169,0,3,741.6900024414062,504.5299987792969,674398.0,6553.0
v2_starter_b15_tb_fees_trail_win,2026-07-31,1078387,0,4,747.030029296875,504.8900146484375,594899.0,6652.0
v2_starter_b15_tb_fees_trail_win,2026-08-03,1101848,0,6,757.6699829101562,507.67999267578125,473592.0,6741.0
v2_starter_b15_tb_fees_trail_win,2026-08-04,1121718,0,7,771.3300170898438,542.2100219726562,432329.0,6811.0
v2_starter_b15_tb_fees_trail_win,2026-08-05,1112792,0,7,769.7899780273438,530.7000122070312,432393.0,6875.0
v2_starter_b15_tb_fees_trail_win,2026-08-06,1115143,0,6,768.5599975585938,532.52001953125,597876.0,6939.0
v2_starter_b15_tb_fees_trail_win,2026-08-07,1124756,0,8,773.260009765625,543.27001953125,430612.0,7027.0
v2_starter_b15_tb_fees_trail_win,2026-08-10,1113966,0,8,773.030029296875,529.3900146484375,430676.0,7091.0
v2_starter_b15_tb_fees_trail_win,2026-08-11,1112208,0,8,770.5599975585938,534.2000122070312,436082.0,7155.0
v2_starter_b15_tb_fees_trail_win,2026-08-12,1138633,0,8,772.489990234375,546.6099853515625,436146.0,7219.0
v2_starter_b15_tb_fees_trail_win,2026-08-13,1148437,0,9,777.8800048828125,550.739990234375,350805.0,7283.0
v2_starter_b15_tb_fees_trail_win,2026-08-14,1154157,0,9,776.3400268554688,550.4199829101562,350857.0,7335.0
v2_starter_b15_tb_fees_trail_win,2026-08-17,1158470,0,9,772.6699829101562,559.1199951171875,350909.0,7387.0
v2_starter_b15_tb_fees_trail_win,2026-08-18,1130676,0,7,767.4500122070312,531.3900146484375,519238.0,7439.0
v2_starter_b15_tb_fees_trail_win,2026-08-19,1117791,0,5,769.0599975585938,519.6699829101562,607001.0,7515.0
v2_starter_b15_tb_fees_trail_win,2026-08-20,1131942,0,5,762.5999755859375,522.3499755859375,607090.0,7604.0
v2_starter_b15_tb_fees_trail_win,2026-08-21,1135935,0,5,765.719970703125,520.0499877929688,607180.0,7694.0
v2_starter_b15_tb_fees_trail_win,2026-08-24,1127485,0,7,763.469970703125,506.17999267578125,479366.0,7784.0
v2_starter_b15_tb_fees_trail_win,2026-08-25,1135645,0,7,765.9099731445312,514.0599975585938,479437.0,7855.0
v2_starter_b15_tb_fees_trail_win,2026-08-26,1136487,0,7,766.0800170898438,515.4000244140625,479507.0,7925.0
v2_starter_b15_tb_fees_trail_win,2026-08-27,1144571,0,7,771.0999755859375,525.4299926757812,479577.0,7995.0
v2_starter_b15_tb_fees_trail_win,2026-08-28,1140256,0,8,769.3499755859375,508.6199951171875,436721.0,8066.0
v2_starter_b15_tb_fees_trail_win,2026-08-31,1136719,0,8,767.0499877929688,511.0400085449219,436787.0,8132.0
v2_starter_b15_tb_fees_trail_win,2026-09-01,1128883,0,8,761.780029296875,500.30999755859375,436853.0,8198.0
v2_starter_b15_tb_fees_trail_win,2026-09-02,1127295,0,8,765.1599731445312,501.44000244140625,436919.0,8264.0
v2_starter_b15_tb_fees_trail_win,2026-09-03,1131690,0,8,773.1699829101562,502.20001220703125,436984.0,8329.0
v2_starter_b15_tb_fees_trail_win,2026-09-04,1145293,0,8,770.1900024414062,519.8599853515625,437049.0,8394.0
v2_starter_b15_tb_fees_trail_win,2026-09-08,1161410,0,7,765.9600219726562,528.4000244140625,532402.0,8460.0
v2_starter_b15_tb_fees_trail_win,2026-09-09,1159378,0,7,762.4000244140625,532.0,532482.0,8540.0
v2_starter_b15_tb_fees_trail_win,2026-09-10,1157167,0,7,757.8300170898438,517.4299926757812,532564.0,8622.0
v2_starter_b15_tb_fees_trail_win,2026-09-11,1168796,0,7,764.2899780273438,527.0700073242188,532646.0,8704.0
v2_starter_b15_tb_fees_trail_win,2026-09-14,1139151,0,4,760.8800048828125,497.3999938964844,698430.0,8787.0
v2_starter_b15_tb_fees_trail_win,2026-09-15,1135266,0,3,757.3900146484375,498.8500061035156,803188.0,8897.0
v2_starter_b15_tb_fees_trail_win,2026-09-16,1138130,0,4,754.0499877929688,502.05999755859375,718158.0,9024.0
v2_starter_b15_tb_fees_trail_win,2026-09-17,1138303,0,6,762.5999755859375,519.0999755859375,376791.0,9138.0
v2_starter_b15_tb_fees_trail_win,2026-09-18,1153630,0,5,761.6900024414062,533.0700073242188,487105.0,9197.0
v2_starter_b15_tb_fees_trail_win,2026-09-21,1170096,0,5,773.5,559.3400268554688,488901.0,9274.0
v2_starter_b15_tb_fees_trail_win,2026-09-22,1174706,0,5,773.3800048828125,572.780029296875,490926.0,9352.0
v2_starter_b15_tb_fees_trail_win,2026-09-23,1163638,0,5,767.8099975585938,565.719970703125,491004.0,9430.0
v2_starter_b15_tb_fees_trail_win,2026-09-24,1159363,0,6,767.1799926757812,566.0700073242188,447441.0,9509.0
v2_starter_b15_tb_fees_v1b,2026-04-20,999566,0,1,705.1477661132812,417.0791015625,849997.0,0.0
v2_starter_b15_tb_fees_v1b,2026-04-21,1000438,0,1,700.53125,420.2255859375,850118.0,121.0
v2_starter_b15_tb_fees_v1b,2026-04-22,1008466,0,1,707.6253051757812,431.2830810546875,850239.0,242.0
v2_starter_b15_tb_fees_v1b,2026-04-23,1003757,0,4,704.8792114257812,440.502685546875,547564.0,363.0
v2_starter_b15_tb_fees_v1b,2026-04-24,1015094,0,3,710.3414916992188,461.0794677734375,620844.0,441.0
v2_starter_b15_tb_fees_v1b,2026-04-27,1012496,0,4,711.5653686523438,454.8964538574219,544680.0,530.0
v2_starter_b15_tb_fees_v1b,2026-04-28,1002892,0,4,708.1029052734375,438.2152404785156,544758.0,608.0
v2_starter_b15_tb_fees_v1b,2026-04-29,1004036,0,4,707.993408203125,449.4825439453125,544836.0,686.0
v2_starter_b15_tb_fees_v1b,2026-04-30,1012689,0,4,715.0377197265625,460.91961669921875,544914.0,764.0
v2_starter_b15_tb_fees_v1b,2026-05-01,1013043,0,4,717.0177001953125,465.2247619628906,544992.0,842.0
v2_starter_b15_tb_fees_v1b,2026-05-04,1010368,0,5,714.3909912109375,461.5389099121094,507061.0,920.0
v2_starter_b15_tb_fees_v1b,2026-05-05,1011807,0,4,720.1220092773438,482.1856384277344,544052.0,993.0
v2_starter_b15_tb_fees_v1b,2026-05-06,1034323,0,4,730.1312866210938,506.29840087890625,544130.0,1071.0
v2_starter_b15_tb_fees_v1b,2026-05-07,1029748,0,3,727.8926391601562,491.8047180175781,706320.0,1149.0
v2_starter_b15_tb_fees_v1b,2026-05-08,1028567,0,3,733.9021606445312,519.7132568359375,706421.0,1250.0
v2_starter_b15_tb_fees_v1b,2026-05-11,1029122,0,3,735.5736694335938,532.1592407226562,706522.0,1351.0
v2_starter_b15_tb_fees_v1b,2026-05-12,1025986,0,3,734.4593505859375,515.4080810546875,706623.0,1452.0
v2_starter_b15_tb_fees_v1b,2026-05-13,1029789,0,3,738.5685424804688,527.6942749023438,706724.0,1553.0
v2_starter_b15_tb_fees_v1b,2026-05-14,1037665,0,3,744.3989868164062,529.4323120117188,706825.0,1654.0
v2_starter_b15_tb_fees_v1b,2026-05-15,1031803,0,3,735.4443969726562,507.946533203125,706926.0,1755.0
v2_starter_b15_tb_fees_v1b,2026-05-18,1029001,0,3,734.927001953125,495.310791015625,707027.0,1856.0
v2_starter_b15_tb_fees_v1b,2026-05-19,1031101,0,3,730.03173828125,496.1798095703125,707128.0,1957.0
v2_starter_b15_tb_fees_v1b,2026-05-20,1032829,0,3,737.5138549804688,519.7232666015625,707228.0,2057.0
v2_starter_b15_tb_fees_v1b,2026-05-21,1036629,0,3,738.9764404296875,524.1182861328125,707329.0,2158.0
v2_starter_b15_tb_fees_v1b,2026-05-22,1036825,0,3,741.8817749023438,536.7240600585938,707430.0,2259.0
v2_starter_b15_tb_fees_v1b,2026-05-26,1039424,0,3,746.8068237304688,569.4471435546875,707531.0,2360.0
v2_starter_b15_tb_fees_v1b,2026-05-27,1043860,0,3,746.6774291992188,563.343994140625,707632.0,2461.0
v2_starter_b15_tb_fees_v1b,2026-05-28,1043901,0,3,750.7965698242188,568.8277587890625,707733.0,2562.0
v2_starter_b15_tb_fees_v1b,2026-05-29,1043739,0,3,752.6671142578125,568.4382934570312,707834.0,2663.0
v2_starter_b15_tb_fees_v1b,2026-06-01,1050680,0,3,754.7166748046875,571.2849731445312,707936.0,2765.0
v2_starter_b15_tb_fees_v1b,2026-06-02,1059903,0,3,755.7415771484375,604.3377075195312,708038.0,2867.0
v2_starter_b15_tb_fees_v1b,2026-06-03,1057787,0,3,750.4384155273438,614.9856567382812,708140.0,2969.0
v2_starter_b15_tb_fees_v1b,2026-06-04,1057624,0,4,753.2740478515625,602.040283203125,628897.0,3071.0
v2_starter_b15_tb_fees_v1b,2026-06-05,1042551,0,4,733.83251953125,539.1613159179688,628988.0,3162.0
v2_starter_b15_tb_fees_v1b,2026-06-08,1042531,0,4,735.4940795898438,570.8056030273438,629079.0,3253.0
v2_starter_b15_tb_fees_v1b,2026-06-09,1043675,0,3,733.3350830078125,561.5060424804688,703015.0,3344.0
v2_starter_b15_tb_fees_v1b,2026-06-10,1032026,0,2,721.7736206054688,540.8993530273438,870454.0,3446.0
v2_starter_b15_tb_fees_v1b,2026-06-11,1033081,0,5,734.04150390625,586.2681274414062,406103.0,3571.0
v2_starter_b15_tb_fees_v1b,2026-06-12,1043037,0,5,738.0113525390625,595.5775756835938,406161.0,3629.0
v2_starter_b15_tb_fees_v1b,2026-06-15,1062724,0,4,751.0254516601562,628.0393676757812,576905.0,3688.0
v2_starter_b15_tb_fees_v1b,2026-06-16,1062814,0,4,746.5481567382812,590.8536987304688,576988.0,3771.0
v2_starter_b15_tb_fees_v1b,2026-06-17,1059833,0,5,737.225341796875,599.338134765625,537210.0,3855.0
v2_starter_b15_tb_fees_v1b,2026-06-18,1071906,0,5,744.8902587890625,639.0322265625,540382.0,3933.0
v2_starter_b15_tb_fees_v1b,2026-06-22,1059849,0,5,742.546142578125,654.58203125,540461.0,4012.0
v2_starter_b15_tb_fees_v1b,2026-06-23,1051161,0,5,731.7628784179688,602.9957885742188,537390.0,4091.0
v2_starter_b15_tb_fees_v1b,2026-06-24,1045114,0,5,731.4237060546875,601.1069946289062,537469.0,4170.0
v2_starter_b15_tb_fees_v1b,2026-06-25,1038553,0,4,732.4810791015625,624.79150390625,570646.0,4249.0
v2_starter_b15_tb_fees_v1b,2026-06-26,1031924,0,4,727.1842651367188,589.5545654296875,570729.0,4332.0
v2_starter_b15_tb_fees_v1b,2026-06-29,1042205,0,4,739.1644897460938,613.9485473632812,570814.0,4417.0
v2_starter_b15_tb_fees_v1b,2026-06-30,1046061,0,5,744.9202270507812,640.3413696289062,492724.0,4502.0
v2_starter_b15_tb_fees_v1b,2026-07-01,1047897,0,5,743.9127197265625,599.3081665039062,492797.0,4575.0
v2_starter_b15_tb_fees_v1b,2026-07-02,1050941,0,3,742.9351806640625,565.9500122070312,667711.0,4647.0
v2_starter_b15_tb_fees_v1b,2026-07-06,1054582,0,3,749.4190673828125,581.1300659179688,667810.0,4746.0
v2_starter_b15_tb_fees_v1b,2026-07-07,1055607,0,3,745.85791015625,551.3295288085938,667909.0,4845.0
v2_starter_b15_tb_fees_v1b,2026-07-08,1057851,0,3,743.5536499023438,561.6627807617188,668008.0,4944.0
v2_starter_b15_tb_fees_v1b,2026-07-09,1056080,0,3,749.8480224609375,581.3199462890625,668106.0,5042.0
v2_starter_b15_tb_fees_v1b,2026-07-10,1061981,0,3,753.0799560546875,580.960205078125,668204.0,5140.0
v2_starter_b15_tb_fees_v1b,2026-07-13,1055814,0,3,747.3142700195312,553.248291015625,668304.0,5240.0
v2_starter_b15_tb_fees_v1b,2026-07-14,1063775,0,3,749.9677124023438,567.5488891601562,668402.0,5338.0
v2_starter_b15_tb_fees_v1b,2026-07-15,1072227,0,3,752.9403076171875,554.9072265625,668500.0,5436.0
v2_starter_b15_tb_fees_v1b,2026-07-16,1062505,0,3,748.8604125976562,530.1533813476562,668598.0,5534.0
v2_starter_b15_tb_fees_v1b,2026-07-17,1054279,0,3,741.4487915039062,521.4690551757812,668696.0,5632.0
v2_starter_b15_tb_fees_v1b,2026-07-20,1058783,0,3,740.2518310546875,523.7975463867188,668795.0,5731.0
v2_starter_b15_tb_fees_v1b,2026-07-21,1058711,0,3,746.426513671875,552.328857421875,668894.0,5830.0
v2_starter_b15_tb_fees_v1b,2026-07-22,1059005,0,3,745.55859375,555.1570434570312,668994.0,5930.0
v2_starter_b15_tb_fees_v1b,2026-07-23,1044558,0,3,736.3515014648438,550.8798217773438,669095.0,6031.0
v2_starter_b15_tb_fees_v1b,2026-07-24,1043561,0,3,737.099609375,526.6656494140625,669196.0,6132.0
v2_starter_b15_tb_fees_v1b,2026-07-27,1040658,0,3,737.25927734375,515.8927001953125,669297.0,6233.0
v2_starter_b15_tb_fees_v1b,2026-07-28,1044640,0,3,739.0248413085938,491.1388854980469,669397.0,6333.0
v2_starter_b15_tb_fees_v1b,2026-07-29,1040238,0,3,727.6531372070312,464.6961669921875,669495.0,6431.0
v2_starter_b15_tb_fees_v1b,2026-07-30,1055894,0,3,739.852783203125,504.2003479003906,669593.0,6529.0
v2_starter_b15_tb_fees_v1b,2026-07-31,1073098,0,4,745.1796264648438,504.56011962890625,590489.0,6627.0
v2_starter_b15_tb_fees_v1b,2026-08-03,1096498,0,6,755.793212890625,507.3482666015625,469777.0,6715.0
v2_starter_b15_tb_fees_v1b,2026-08-04,1116295,0,7,769.4193725585938,541.8557739257812,428715.0,6785.0
v2_starter_b15_tb_fees_v1b,2026-08-05,1107407,0,7,767.8831787109375,530.353271484375,428779.0,6849.0
v2_starter_b15_tb_fees_v1b,2026-08-06,1109740,0,6,766.65625,532.1720581054688,594262.0,6913.0
v2_starter_b15_tb_fees_v1b,2026-08-07,1119298,0,8,771.3446044921875,542.9150390625,427808.0,7001.0
v2_starter_b15_tb_fees_v1b,2026-08-10,1108567,0,8,771.1151733398438,529.0441284179688,427871.0,7064.0
v2_starter_b15_tb_fees_v1b,2026-08-11,1109490,0,9,768.6513061523438,533.8509521484375,344785.0,7128.0
v2_starter_b15_tb_fees_v1b,2026-08-12,1148201,0,9,770.5764770507812,546.2528076171875,344836.0,7179.0
v2_starter_b15_tb_fees_v1b,2026-08-13,1152173,0,10,775.9531860351562,550.380126953125,258765.0,7230.0
v2_starter_b15_tb_fees_v1b,2026-08-14,1162914,0,10,774.4169921875,550.0603637695312,258803.0,7268.0
v2_starter_b15_tb_fees_v1b,2026-08-17,1171956,0,10,770.7560424804688,558.7546997070312,258841.0,7306.0
v2_starter_b15_tb_fees_v1b,2026-08-18,1131162,0,9,765.5490112304688,531.0427856445312,342866.0,7344.0
v2_starter_b15_tb_fees_v1b,2026-08-19,1111528,0,9,767.1549682617188,519.3304443359375,342916.0,7394.0
v2_starter_b15_tb_fees_v1b,2026-08-20,1131155,0,9,760.7109985351562,522.0086669921875,342966.0,7444.0
v2_starter_b15_tb_fees_v1b,2026-08-21,1133853,0,8,763.8232421875,519.710205078125,439119.0,7495.0
v2_starter_b15_tb_fees_v1b,2026-08-24,1122891,0,9,761.5787963867188,505.8492736816406,354077.0,7560.0
v2_starter_b15_tb_fees_v1b,2026-08-25,1136970,0,9,764.0127563476562,513.72412109375,354129.0,7612.0
v2_starter_b15_tb_fees_v1b,2026-08-26,1138887,0,9,764.182373046875,515.0632934570312,354181.0,7664.0
v2_starter_b15_tb_fees_v1b,2026-08-27,1146361,0,9,769.18994140625,525.086669921875,354233.0,7716.0
v2_starter_b15_tb_fees_v1b,2026-08-28,1135773,0,10,767.4442749023438,508.28765869140625,311292.0,7769.0
v2_starter_b15_tb_fees_v1b,2026-08-31,1130931,0,10,765.1499633789062,510.70611572265625,311339.0,7816.0
v2_starter_b15_tb_fees_v1b,2026-09-01,1124030,0,10,759.89306640625,499.98309326171875,311386.0,7863.0
v2_starter_b15_tb_fees_v1b,2026-09-02,1124426,0,10,763.2646484375,501.11236572265625,311433.0,7910.0
v2_starter_b15_tb_fees_v1b,2026-09-03,1135648,0,10,771.2548217773438,501.87188720703125,311479.0,7956.0
v2_starter_b15_tb_fees_v1b,2026-09-04,1158395,0,10,768.2822265625,519.5203247070312,311526.0,8003.0
v2_starter_b15_tb_fees_v1b,2026-09-08,1185059,0,10,764.0626831054688,528.0547485351562,311573.0,8050.0
v2_starter_b15_tb_fees_v1b,2026-09-09,1181379,0,8,760.5115356445312,531.6524047851562,515012.0,8097.0
v2_starter_b15_tb_fees_v1b,2026-09-10,1177780,0,8,755.9528198242188,517.0919189453125,515091.0,8176.0
v2_starter_b15_tb_fees_v1b,2026-09-11,1190724,0,8,762.3967895507812,526.7256469726562,515171.0,8256.0
v2_starter_b15_tb_fees_v1b,2026-09-14,1157561,0,6,758.9952392578125,497.07501220703125,641148.0,8337.0
v2_starter_b15_tb_fees_v1b,2026-09-15,1153198,0,5,755.513916015625,498.8500061035156,745380.0,8438.0
v2_starter_b15_tb_fees_v1b,2026-09-16,1156023,0,6,752.1821899414062,502.05999755859375,658996.0,8556.0
v2_starter_b15_tb_fees_v1b,2026-09-17,1158059,0,8,760.7109985351562,519.0999755859375,312253.0,8660.0
v2_starter_b15_tb_fees_v1b,2026-09-18,1175467,0,7,761.6900024414062,533.0700073242188,462763.0,8709.0
v2_starter_b15_tb_fees_v1b,2026-09-21,1195509,0,7,773.5,559.3400268554688,464312.0,8782.0
v2_starter_b15_tb_fees_v1b,2026-09-22,1200309,0,7,773.3800048828125,572.780029296875,429030.0,8856.0
v2_starter_b15_tb_fees_v1b,2026-09-23,1186672,0,7,767.8099975585938,565.719970703125,429098.0,8924.0
v2_starter_b15_tb_fees_v1b,2026-09-24,1181177,0,8,767.1799926757812,566.0700073242188,384661.0,8993.0
v2_starter_b15_tb_fees_v2b,2026-04-20,999566,0,1,705.1477661132812,417.0791015625,849997.0,0.0
v2_starter_b15_tb_fees_v2b,2026-04-21,1000438,0,1,700.53125,420.2255859375,850118.0,121.0
v2_starter_b15_tb_fees_v2b,2026-04-22,1008466,0,1,707.6253051757812,431.2830810546875,850239.0,242.0
v2_starter_b15_tb_fees_v2b,2026-04-23,1004137,0,3,704.8792114257812,440.502685546875,704219.0,363.0
v2_starter_b15_tb_fees_v2b,2026-04-24,1007411,0,2,710.3414916992188,461.0794677734375,777522.0,464.0
v2_starter_b15_tb_fees_v2b,2026-04-27,1003816,0,3,711.5653686523438,454.8964538574219,701956.0,575.0
v2_starter_b15_tb_fees_v2b,2026-04-28,999392,0,3,708.1029052734375,438.2152404785156,702056.0,675.0
v2_starter_b15_tb_fees_v2b,2026-04-29,999952,0,3,707.993408203125,449.4825439453125,702156.0,775.0
v2_starter_b15_tb_fees_v2b,2026-04-30,1007712,0,3,715.0377197265625,460.91961669921875,702256.0,875.0
v2_starter_b15_tb_fees_v2b,2026-05-01,1007427,0,3,717.0177001953125,465.2247619628906,702356.0,975.0
v2_starter_b15_tb_fees_v2b,2026-05-04,1003166,0,4,714.3909912109375,461.5389099121094,664658.0,1076.0
v2_starter_b15_tb_fees_v2b,2026-05-05,1007577,0,3,720.1220092773438,482.1856384277344,701467.0,1171.0
v2_starter_b15_tb_fees_v2b,2026-05-06,1019862,0,3,730.1312866210938,506.29840087890625,701567.0,1271.0
v2_starter_b15_tb_fees_v2b,2026-05-07,1017495,0,2,727.8926391601562,491.8047180175781,863780.0,1372.0
v2_starter_b15_tb_fees_v2b,2026-05-08,1017344,0,2,733.9021606445312,519.7132568359375,863903.0,1495.0
v2_starter_b15_tb_fees_v2b,2026-05-11,1021860,0,1,735.5736694335938,532.1592407226562,943153.0,1619.0
v2_starter_b15_tb_fees_v2b,2026-05-12,1022377,0,1,734.4593505859375,515.4080810546875,943288.0,1754.0
v2_starter_b15_tb_fees_v2b,2026-05-13,1023405,0,1,738.5685424804688,527.6942749023438,943423.0,1889.0
v2_starter_b15_tb_fees_v2b,2026-05-14,1023817,0,1,744.3989868164062,529.4323120117188,943558.0,2024.0
v2_starter_b15_tb_fees_v2b,2026-05-15,1023781,0,1,735.4443969726562,507.946533203125,943693.0,2159.0
v2_starter_b15_tb_fees_v2b,2026-05-18,1024360,0,1,734.927001953125,495.310791015625,943828.0,2294.0
v2_starter_b15_tb_fees_v2b,2026-05-19,1026324,0,1,730.03173828125,496.1798095703125,943962.0,2428.0
v2_starter_b15_tb_fees_v2b,2026-05-20,1025295,0,1,737.5138549804688,519.7232666015625,944096.0,2562.0
v2_starter_b15_tb_fees_v2b,2026-05-21,1026294,0,1,738.9764404296875,524.1182861328125,944230.0,2696.0
v2_starter_b15_tb_fees_v2b,2026-05-22,1026899,0,1,741.8817749023438,536.7240600585938,944365.0,2831.0
v2_starter_b15_tb_fees_v2b,2026-05-26,1026919,0,1,746.8068237304688,569.4471435546875,944500.0,2966.0
v2_starter_b15_tb_fees_v2b,2026-05-27,1027096,0,1,746.6774291992188,563.343994140625,944635.0,3101.0
v2_starter_b15_tb_fees_v2b,2026-05-28,1027066,0,1,750.7965698242188,568.8277587890625,944770.0,3236.0
v2_starter_b15_tb_fees_v2b,2026-05-29,1028569,0,1,752.6671142578125,568.4382934570312,944905.0,3371.0
v2_starter_b15_tb_fees_v2b,2026-06-01,1028615,0,1,754.7166748046875,571.2849731445312,945041.0,3507.0
v2_starter_b15_tb_fees_v2b,2026-06-02,1031088,0,1,755.7415771484375,604.3377075195312,945177.0,3643.0
v2_starter_b15_tb_fees_v2b,2026-06-03,1031628,0,1,750.4384155273438,614.9856567382812,945313.0,3779.0
v2_starter_b15_tb_fees_v2b,2026-06-04,1030183,0,2,753.2740478515625,602.040283203125,868064.0,3915.0
v2_starter_b15_tb_fees_v2b,2026-06-05,1027665,0,2,733.83251953125,539.1613159179688,868189.0,4040.0
v2_starter_b15_tb_fees_v2b,2026-06-08,1025180,0,2,735.4940795898438,570.8056030273438,868315.0,4166.0
v2_starter_b15_tb_fees_v2b,2026-06-09,1025232,0,0,733.3350830078125,561.5060424804688,1025232.0,4291.0
v2_starter_b15_tb_fees_v2b,2026-06-10,1025380,0,0,721.7736206054688,540.8993530273438,1025380.0,4439.0
v2_starter_b15_tb_fees_v2b,2026-06-11,1025154,0,3,734.04150390625,586.2681274414062,564033.0,4587.0
v2_starter_b15_tb_fees_v2b,2026-06-12,1033173,0,3,738.0113525390625,595.5775756835938,564114.0,4668.0
v2_starter_b15_tb_fees_v2b,2026-06-15,1051339,0,2,751.0254516601562,628.0393676757812,733784.0,4749.0
v2_starter_b15_tb_fees_v2b,2026-06-16,1049386,0,2,746.5481567382812,590.8536987304688,733890.0,4855.0
v2_starter_b15_tb_fees_v2b,2026-06-17,1043521,0,3,737.225341796875,599.338134765625,694638.0,4962.0
v2_starter_b15_tb_fees_v2b,2026-06-18,1053406,0,3,744.8902587890625,639.0322265625,697903.0,5063.0
v2_starter_b15_tb_fees_v2b,2026-06-22,1041955,0,3,742.546142578125,654.58203125,698005.0,5165.0
v2_starter_b15_tb_fees_v2b,2026-06-23,1033262,0,3,731.7628784179688,602.9957885742188,695064.0,5267.0
v2_starter_b15_tb_fees_v2b,2026-06-24,1028247,0,3,731.4237060546875,601.1069946289062,695166.0,5369.0
v2_starter_b15_tb_fees_v2b,2026-06-25,1022090,0,2,732.4810791015625,624.79150390625,727807.0,5471.0
v2_starter_b15_tb_fees_v2b,2026-06-26,1016556,0,2,727.1842651367188,589.5545654296875,727913.0,5577.0
v2_starter_b15_tb_fees_v2b,2026-06-29,1025645,0,2,739.1644897460938,613.9485473632812,728021.0,5685.0
v2_starter_b15_tb_fees_v2b,2026-06-30,1030313,0,3,744.9202270507812,640.3413696289062,651195.0,5793.0
v2_starter_b15_tb_fees_v2b,2026-07-01,1032811,0,3,743.9127197265625,599.3081665039062,651291.0,5889.0
v2_starter_b15_tb_fees_v2b,2026-07-02,1031385,0,3,742.9351806640625,565.9500122070312,651386.0,5984.0
v2_starter_b15_tb_fees_v2b,2026-07-06,1035008,0,3,749.4190673828125,581.1300659179688,651483.0,6081.0
v2_starter_b15_tb_fees_v2b,2026-07-07,1036019,0,3,745.85791015625,551.3295288085938,651579.0,6177.0
v2_starter_b15_tb_fees_v2b,2026-07-08,1038258,0,3,743.5536499023438,561.6627807617188,651675.0,6273.0
v2_starter_b15_tb_fees_v2b,2026-07-09,1036494,0,3,749.8480224609375,581.3199462890625,651770.0,6368.0
v2_starter_b15_tb_fees_v2b,2026-07-10,1042354,0,3,753.0799560546875,580.960205078125,651866.0,6464.0
v2_starter_b15_tb_fees_v2b,2026-07-13,1036213,0,3,747.3142700195312,553.248291015625,651963.0,6561.0
v2_starter_b15_tb_fees_v2b,2026-07-14,1044133,0,3,749.9677124023438,567.5488891601562,652059.0,6657.0
v2_starter_b15_tb_fees_v2b,2026-07-15,1052508,0,3,752.9403076171875,554.9072265625,652155.0,6753.0
v2_starter_b15_tb_fees_v2b,2026-07-16,1042837,0,3,748.8604125976562,530.1533813476562,652251.0,6849.0
v2_starter_b15_tb_fees_v2b,2026-07-17,1034678,0,3,741.4487915039062,521.4690551757812,652347.0,6945.0
v2_starter_b15_tb_fees_v2b,2026-07-20,1039133,0,3,740.2518310546875,523.7975463867188,652444.0,7042.0
v2_starter_b15_tb_fees_v2b,2026-07-21,1039070,0,3,746.426513671875,552.328857421875,652541.0,7139.0
v2_starter_b15_tb_fees_v2b,2026-07-22,1039374,0,3,745.55859375,555.1570434570312,652638.0,7236.0
v2_starter_b15_tb_fees_v2b,2026-07-23,1025035,0,3,736.3515014648438,550.8798217773438,652737.0,7335.0
v2_starter_b15_tb_fees_v2b,2026-07-24,1024044,0,3,737.099609375,526.6656494140625,652836.0,7434.0
v2_starter_b15_tb_fees_v2b,2026-07-27,1021143,0,3,737.25927734375,515.8927001953125,652935.0,7533.0
v2_starter_b15_tb_fees_v2b,2026-07-28,1025089,0,3,739.0248413085938,491.1388854980469,653033.0,7631.0
v2_starter_b15_tb_fees_v2b,2026-07-29,1020720,0,3,727.6531372070312,464.6961669921875,653129.0,7727.0
v2_starter_b15_tb_fees_v2b,2026-07-30,1036156,0,3,739.852783203125,504.2003479003906,653225.0,7823.0
v2_starter_b15_tb_fees_v2b,2026-07-31,1053374,0,3,745.1796264648438,504.56011962890625,671398.0,7919.0
v2_starter_b15_tb_fees_v2b,2026-08-03,1071783,0,5,755.793212890625,507.3482666015625,552915.0,8019.0
v2_starter_b15_tb_fees_v2b,2026-08-04,1090231,0,6,769.4193725585938,541.8557739257812,512791.0,8101.0
v2_starter_b15_tb_fees_v2b,2026-08-05,1082611,0,6,767.8831787109375,530.353271484375,512867.0,8177.0
v2_starter_b15_tb_fees_v2b,2026-08-06,1082347,0,5,766.65625,532.1720581054688,677300.0,8253.0
v2_starter_b15_tb_fees_v2b,2026-08-07,1091679,0,7,771.3446044921875,542.9150390625,514966.0,8353.0
v2_starter_b15_tb_fees_v2b,2026-08-10,1079943,0,7,771.1151733398438,529.0441284179688,515042.0,8429.0
v2_starter_b15_tb_fees_v2b,2026-08-11,1081249,0,8,768.6513061523438,533.8509521484375,434114.0,8505.0
v2_starter_b15_tb_fees_v2b,2026-08-12,1121455,0,8,770.5764770507812,546.2528076171875,434178.0,8569.0
v2_starter_b15_tb_fees_v2b,2026-08-13,1124416,0,9,775.9531860351562,550.380126953125,350125.0,8633.0
v2_starter_b15_tb_fees_v2b,2026-08-14,1135251,0,9,774.4169921875,550.0603637695312,350177.0,8685.0
v2_starter_b15_tb_fees_v2b,2026-08-17,1147178,0,9,770.7560424804688,558.7546997070312,350229.0,8737.0
v2_starter_b15_tb_fees_v2b,2026-08-18,1107029,0,8,765.5490112304688,531.0427856445312,432312.0,8789.0
v2_starter_b15_tb_fees_v2b,2026-08-19,1087294,0,8,767.1549682617188,519.3304443359375,432376.0,8853.0
v2_starter_b15_tb_fees_v2b,2026-08-20,1106925,0,8,760.7109985351562,522.0086669921875,432440.0,8917.0
v2_starter_b15_tb_fees_v2b,2026-08-21,1109171,0,7,763.8232421875,519.710205078125,526811.0,8981.0
v2_starter_b15_tb_fees_v2b,2026-08-24,1097661,0,8,761.5787963867188,505.8492736816406,443633.0,9059.0
v2_starter_b15_tb_fees_v2b,2026-08-25,1110516,0,8,764.0127563476562,513.72412109375,443698.0,9124.0
v2_starter_b15_tb_fees_v2b,2026-08-26,1111420,0,8,764.182373046875,515.0632934570312,443763.0,9189.0
v2_starter_b15_tb_fees_v2b,2026-08-27,1116957,0,8,769.18994140625,525.086669921875,443828.0,9254.0
v2_starter_b15_tb_fees_v2b,2026-08-28,1104925,0,9,767.4442749023438,508.28765869140625,402003.0,9320.0
v2_starter_b15_tb_fees_v2b,2026-08-31,1101418,0,9,765.1499633789062,510.70611572265625,402063.0,9380.0
v2_starter_b15_tb_fees_v2b,2026-09-01,1095934,0,9,759.89306640625,499.98309326171875,402123.0,9440.0
v2_starter_b15_tb_fees_v2b,2026-09-02,1097202,0,9,763.2646484375,501.11236572265625,402183.0,9500.0
v2_starter_b15_tb_fees_v2b,2026-09-03,1105470,0,9,771.2548217773438,501.87188720703125,402243.0,9560.0
v2_starter_b15_tb_fees_v2b,2026-09-04,1129792,0,9,768.2822265625,519.5203247070312,402303.0,9620.0
v2_starter_b15_tb_fees_v2b,2026-09-08,1157037,0,9,764.0626831054688,528.0547485351562,402364.0,9681.0
v2_starter_b15_tb_fees_v2b,2026-09-09,1153874,0,7,760.5115356445312,531.6524047851562,600678.0,9742.0
v2_starter_b15_tb_fees_v2b,2026-09-10,1150210,0,7,755.9528198242188,517.0919189453125,600770.0,9834.0
v2_starter_b15_tb_fees_v2b,2026-09-11,1162284,0,7,762.3967895507812,526.7256469726562,600863.0,9927.0
v2_starter_b15_tb_fees_v2b,2026-09-14,1127905,0,5,758.9952392578125,497.07501220703125,724227.0,10022.0
v2_starter_b15_tb_fees_v2b,2026-09-15,1125351,0,5,755.513916015625,498.8500061035156,724341.0,10136.0
v2_starter_b15_tb_fees_v2b,2026-09-16,1128095,0,6,752.1821899414062,502.05999755859375,640043.0,10251.0
v2_starter_b15_tb_fees_v2b,2026-09-17,1130117,0,8,760.7109985351562,519.0999755859375,301678.0,10352.0
v2_starter_b15_tb_fees_v2b,2026-09-18,1147117,0,7,761.6900024414062,533.0700073242188,451525.0,10400.0
v2_starter_b15_tb_fees_v2b,2026-09-21,1166675,0,7,773.5,559.3400268554688,453036.0,10471.0
v2_starter_b15_tb_fees_v2b,2026-09-22,1171292,0,7,773.3800048828125,572.780029296875,415442.0,10543.0
v2_starter_b15_tb_fees_v2b,2026-09-23,1157879,0,7,767.8099975585938,565.719970703125,415508.0,10609.0
v2_starter_b15_tb_fees_v2b,2026-09-24,1152530,0,8,767.1799926757812,566.0700073242188,372149.0,10676.0
