policy_id,ticker,entry_date,avg_entry_price,tranches,exit_date,exit_price,exit_reason,pnl_pct,pnl_units,entry_stop,fees_units
v1_flat10,U11_SI,2026-04-23,36.19,1,2026-04-24,35.388947168651306,stop,-2.37,-1193,35.92,
v1_flat10,ASML,2026-04-23,1414.7101,1,2026-04-28,1387.9349727988995,stop,-1.89,-1904,1402.66,
v1_flat10,WRD,2026-05-04,7.84,1,2026-05-13,7.190000057220459,stop,-8.29,-4169,7.3,
v1_flat10,MSFT,2026-06-04,422.2811,2,2026-06-09,405.62,stop,-3.95,-4018,405.62,
v1_flat10,WRD,2026-06-18,6.1833,2,2026-06-23,5.849999904632568,stop,-5.39,-5637,6.03,
v1_flat10,AXTI,2026-06-23,77.91,1,2026-06-24,76.0,stop,-2.45,-1302,76.0,
v1_flat10,NVDA,2026-06-11,204.87,1,2026-06-25,194.51,stop,-5.06,-5072,194.51,
v1_flat10,SITM,2026-06-17,677.21,1,2026-06-26,633.32,stop,-6.48,-3333,633.32,
v1_flat10,BE,2026-06-11,248.88,1,2026-07-16,216.04,stop,-13.2,-13234,216.04,
v1_flat10,GOOG,2026-06-11,356.56,1,2026-07-23,319.12,stop,-10.5,-10531,319.12,
v1_flat10,NVDA,2026-06-29,194.97,1,2026-07-29,190.43,stop,-2.33,-2311,190.43,
v1_flat10,LITE,2026-07-31,713.94,1,2026-08-03,680.43,stop,-4.69,-2330,680.43,
v1_flat10,MU,2026-08-07,877.57,1,2026-08-11,854.22,stop,-2.66,-1344,854.22,
v1_flat10,ASML,2026-08-13,1847.9,1,2026-08-19,1768.73,stop,-4.29,-2247,1768.73,
v1_flat10,MU,2026-08-13,949.83,1,2026-08-24,891.66,stop,-6.12,-3211,891.66,
v1_flat10,IFX_DE,2026-08-24,55.6294,2,2026-09-14,54.06,stop,-3.44,-3571,54.06,
v1_flat10,NVTS,2026-08-04,12.69,1,2026-09-14,10.649999618530273,stop,-16.08,-8047,10.74,
v1_flat10,SITM,2026-09-09,611.7321,2,2026-09-14,564.0,stop,-7.8,-8393,564.0,
v1_ladder10,U11_SI,2026-04-23,36.19,1,2026-04-24,35.388947168651306,stop,-2.37,-1193,35.92,
v1_ladder10,ASML,2026-04-23,1414.7101,1,2026-04-28,1387.9349727988995,stop,-1.89,-1904,1402.66,
v1_ladder10,WRD,2026-05-04,7.84,1,2026-05-13,7.190000057220459,stop,-8.29,-4169,7.3,
v1_ladder10,MSFT,2026-06-04,422.2811,2,2026-06-09,405.62,stop,-3.95,-4018,405.62,
v1_ladder10,WRD,2026-06-18,6.1829,2,2026-06-23,5.849999904632568,stop,-5.38,-5680,6.03,
v1_ladder10,AXTI,2026-06-23,77.91,1,2026-06-24,76.0,stop,-2.45,-1327,76.0,
v1_ladder10,NVDA,2026-06-11,204.87,1,2026-06-25,194.51,stop,-5.06,-5072,194.51,
v1_ladder10,SITM,2026-06-17,677.21,1,2026-06-26,633.32,stop,-6.48,-3347,633.32,
v1_ladder10,BE,2026-06-11,248.88,1,2026-07-16,216.04,stop,-13.19,-19850,216.04,
v1_ladder10,GOOG,2026-06-11,352.4879,2,2026-07-23,319.12,stop,-9.47,-9846,319.12,
v1_ladder10,NVDA,2026-06-29,194.97,1,2026-07-29,190.43,stop,-2.33,-2315,190.43,
v1_ladder10,LITE,2026-07-31,713.94,1,2026-08-03,680.43,stop,-4.69,-2317,680.43,
v1_ladder10,MU,2026-08-07,877.57,1,2026-08-11,854.22,stop,-2.66,-1336,854.22,
v1_ladder10,ASML,2026-08-13,1847.9,1,2026-08-19,1768.73,stop,-4.28,-2234,1768.73,
v1_ladder10,MU,2026-08-13,949.83,1,2026-08-24,891.66,stop,-6.12,-3193,891.66,
v1_ladder10,IFX_DE,2026-08-24,55.6294,2,2026-09-14,54.06,stop,-3.44,-3551,54.06,
v1_ladder10,NVTS,2026-08-04,12.69,1,2026-09-14,10.649999618530273,stop,-16.08,-8001,10.74,
v1_ladder10,SITM,2026-09-09,611.732,2,2026-09-14,564.0,stop,-7.8,-8345,564.0,
v1_soxx_breadth,SOXX,2026-04-20,417.3518,1,2026-05-19,496.50421142578125,factor_switch,18.97,189654,0.0,
v1_soxx_breadth,SPY,2026-05-19,731.8446,1,2026-06-08,737.3204345703125,factor_switch,0.75,8901,0.0,
v1_soxx_breadth,SOXX,2026-06-08,571.1788,1,2026-06-12,595.9669799804688,factor_switch,4.34,52015,0.0,
v1_soxx_breadth,SPY,2026-06-12,739.844,1,2026-06-29,741.0,factor_switch,0.16,1954,0.0,
v1_soxx_breadth,SOXX,2026-06-29,614.35,1,2026-07-01,599.7000122070312,factor_switch,-2.38,-29868,0.0,
v1_soxx_breadth,SPY,2026-07-01,745.76,1,2026-07-02,744.780029296875,factor_switch,-0.13,-1607,0.0,
v1_soxx_breadth,SOXX,2026-07-02,566.32,1,2026-08-05,530.7000122070312,factor_switch,-6.29,-76801,0.0,
v1_soxx_breadth,SPY,2026-08-05,769.79,1,2026-08-07,773.260009765625,factor_switch,0.45,5158,0.0,
v1_soxx_breadth,SOXX,2026-08-07,543.27,1,2026-08-10,529.3900146484375,factor_switch,-2.55,-29366,0.0,
v1_soxx_breadth,SPY,2026-08-10,773.03,1,2026-08-11,770.5599975585938,factor_switch,-0.32,-3579,0.0,
v1_soxx_breadth,SOXX,2026-08-11,534.2,1,2026-08-14,550.4199829101562,factor_switch,3.04,33899,0.0,
v1_soxx_breadth,SPY,2026-08-14,776.34,1,2026-08-19,769.0599975585938,factor_switch,-0.94,-10787,0.0,
v1_soxx_breadth,SOXX,2026-08-19,519.67,1,2026-09-09,532.0,factor_switch,2.37,27038,0.0,
v1_soxx_breadth,SPY,2026-09-09,762.4,1,2026-09-11,764.2899780273438,factor_switch,0.25,2892,0.0,
v1_tc_any_100,TSM,2026-04-20,365.3843,1,2026-04-23,381.7659606933594,caution_exit,4.48,4483,353.74,
v1_tc_any_100,U11_SI,2026-04-23,36.19,1,2026-04-24,35.388947168651306,stop,-2.37,-1193,35.92,
v1_tc_any_100,ASML,2026-04-23,1414.7101,1,2026-04-28,1387.9349727988995,stop,-1.89,-1904,1402.66,
v1_tc_any_100,WRD,2026-05-04,7.84,1,2026-05-05,7.630000114440918,caution_exit,-2.68,-1341,7.3,
v1_tc_any_100,O39_SI,2026-04-27,21.6,1,2026-05-11,22.5,caution_exit,4.91,2471,21.13,
v1_tc_any_100,MSFT,2026-06-04,422.2836,2,2026-06-09,405.62,stop,-3.95,-3956,405.62,
v1_tc_any_100,BE,2026-06-11,248.88,1,2026-06-15,274.5,caution_exit,10.29,10279,216.04,
v1_tc_any_100,SITM,2026-06-17,677.21,1,2026-06-18,729.0399780273438,caution_exit,7.65,3880,633.32,
v1_tc_any_100,WRD,2026-06-18,6.1852,2,2026-06-23,5.849999904632568,stop,-5.42,-5497,6.03,
v1_tc_any_100,AXTI,2026-06-23,77.91,1,2026-06-24,76.0,stop,-2.45,-1234,76.0,
v1_tc_any_100,NVDA,2026-06-11,204.87,1,2026-06-25,194.51,stop,-5.06,-5050,194.51,
v1_tc_any_100,GOOG,2026-06-11,356.56,1,2026-06-30,353.3299865722656,caution_exit,-0.91,-905,319.12,
v1_tc_any_100,NVDA,2026-06-29,194.97,1,2026-06-30,200.08999633789062,caution_exit,2.63,2612,190.43,
v1_tc_any_100,MSFT,2026-06-30,378.5755,2,2026-07-02,390.489990234375,caution_exit,3.15,3150,355.51,
v1_tc_any_100,NVDA,2026-07-02,194.83,1,2026-07-06,194.20269428466304,stop,-0.32,-162,194.51,
v1_tc_any_100,NVDA,2026-07-14,211.8,1,2026-07-17,199.34,stop,-5.88,-5916,199.34,
v1_tc_any_100,LITE,2026-07-31,713.94,1,2026-08-03,680.43,stop,-4.69,-2346,680.43,
v1_tc_any_100,NOK,2026-08-03,9.36,1,2026-08-05,9.579999923706055,caution_exit,2.35,1172,7.79,
v1_tc_any_100,NVTS,2026-08-04,12.69,1,2026-08-05,12.350000381469727,caution_exit,-2.68,-1336,10.74,
v1_tc_any_100,AIXA_DE,2026-08-03,37.48,1,2026-08-06,39.130001068115234,caution_exit,4.52,2256,32.41,
v1_tc_any_100,NVDA,2026-08-05,219.22,1,2026-08-06,218.99000549316406,caution_exit,-0.11,-53,205.65,
v1_tc_any_100,NOK,2026-08-07,9.36,1,2026-08-10,9.25,stop,-1.17,-587,9.25,
v1_tc_any_100,MU,2026-08-07,877.57,1,2026-08-11,854.22,stop,-2.66,-1330,854.22,
v1_tc_any_100,000660_KS,2026-08-07,1420999.5865,2,2026-08-14,1644000.0,caution_exit,15.51,15500,1246000.0,
v1_tc_any_100,MU,2026-08-13,949.83,1,2026-08-17,1011.75,caution_exit,6.52,3291,891.66,
v1_tc_any_100,ASML,2026-08-13,1847.9,1,2026-08-18,1802.97998046875,caution_exit,-2.43,-1227,1768.73,
v1_tc_any_100,000660_KS,2026-08-19,1500000.0,1,2026-08-20,1691000.0,caution_exit,14.69,7454,1373000.0,
v1_tc_any_100,NOK,2026-09-01,9.93,1,2026-09-02,9.78,stop,-1.51,-772,9.78,
v1_tc_any_100,BE,2026-08-11,211.21,1,2026-09-08,277.2200012207031,caution_exit,31.25,15594,182.06,
v1_tc_any_100,IFX_DE,2026-08-24,55.6279,2,2026-09-10,55.79999923706055,caution_exit,0.01,12,54.06,
v1_tc_any_100,SITM,2026-09-09,589.87,1,2026-09-10,602.27001953125,caution_exit,2.1,1095,564.0,
v1_tc_any_100,SITM,2026-09-11,635.66,1,2026-09-14,564.0,stop,-11.27,-5853,564.0,
v1_tc_any_33r,U11_SI,2026-04-23,36.19,1,2026-04-24,35.388947168651306,stop,-2.37,-1193,35.92,
v1_tc_any_33r,ASML,2026-04-23,1414.7101,1,2026-04-28,1387.9349727988995,stop,-1.89,-1904,1402.66,
v1_tc_any_33r,MSFT,2026-06-04,422.2819,2,2026-06-09,405.62,stop,-3.95,-3998,405.62,
v1_tc_any_33r,WRD,2026-06-18,6.1841,2,2026-06-23,5.849999904632568,stop,-5.4,-5579,6.03,
v1_tc_any_33r,AXTI,2026-06-23,77.91,1,2026-06-24,76.0,stop,-2.45,-1273,76.0,
v1_tc_any_33r,NVDA,2026-06-11,204.87,1,2026-06-25,194.51,stop,-5.06,-5066,194.51,
v1_tc_any_33r,LITE,2026-07-31,713.94,1,2026-08-03,680.43,stop,-4.69,-2360,680.43,
v1_tc_any_33r,MU,2026-08-07,877.57,1,2026-08-11,854.22,stop,-2.66,-1347,854.22,
v1_tc_any_33s,U11_SI,2026-04-23,36.19,1,2026-04-24,35.388947168651306,stop,-2.37,-1193,35.92,
v1_tc_any_33s,ASML,2026-04-23,1414.7101,1,2026-04-28,1387.9349727988995,stop,-1.89,-1904,1402.66,
v1_tc_any_33s,MSFT,2026-06-04,422.2819,2,2026-06-09,405.62,stop,-3.95,-3998,405.62,
v1_tc_any_33s,WRD,2026-06-18,6.1841,2,2026-06-23,5.849999904632568,stop,-5.4,-5579,6.03,
v1_tc_any_33s,AXTI,2026-06-23,77.91,1,2026-06-24,76.0,stop,-2.45,-1273,76.0,
v1_tc_any_33s,NVDA,2026-06-11,204.87,1,2026-06-25,194.51,stop,-5.06,-5066,194.51,
v1_tc_any_33s,LITE,2026-07-31,713.94,1,2026-08-03,680.43,stop,-4.69,-2362,680.43,
v1_tc_any_33s,MU,2026-08-07,877.57,1,2026-08-11,854.22,stop,-2.66,-1348,854.22,
v1_tc_any_50r,U11_SI,2026-04-23,36.19,1,2026-04-24,35.388947168651306,stop,-2.37,-1193,35.92,
v1_tc_any_50r,ASML,2026-04-23,1414.7101,1,2026-04-28,1387.9349727988995,stop,-1.89,-1904,1402.66,
v1_tc_any_50r,MSFT,2026-06-04,422.2823,2,2026-06-09,405.62,stop,-3.95,-3988,405.62,
v1_tc_any_50r,WRD,2026-06-18,6.1845,2,2026-06-23,5.849999904632568,stop,-5.41,-5555,6.03,
v1_tc_any_50r,AXTI,2026-06-23,77.91,1,2026-06-24,76.0,stop,-2.45,-1261,76.0,
v1_tc_any_50r,NVDA,2026-06-11,204.87,1,2026-06-25,194.51,stop,-5.06,-5062,194.51,
v1_tc_any_50r,LITE,2026-07-31,713.94,1,2026-08-03,680.43,stop,-4.69,-2364,680.43,
v1_tc_any_50r,MU,2026-08-07,877.57,1,2026-08-11,854.22,stop,-2.66,-1345,854.22,
v1_tc_any_50s,U11_SI,2026-04-23,36.19,1,2026-04-24,35.388947168651306,stop,-2.37,-1193,35.92,
v1_tc_any_50s,ASML,2026-04-23,1414.7101,1,2026-04-28,1387.9349727988995,stop,-1.89,-1904,1402.66,
v1_tc_any_50s,MSFT,2026-06-04,422.2823,2,2026-06-09,405.62,stop,-3.95,-3988,405.62,
v1_tc_any_50s,WRD,2026-06-18,6.1845,2,2026-06-23,5.849999904632568,stop,-5.41,-5555,6.03,
v1_tc_any_50s,AXTI,2026-06-23,77.91,1,2026-06-24,76.0,stop,-2.45,-1261,76.0,
v1_tc_any_50s,NVDA,2026-06-11,204.87,1,2026-06-25,194.51,stop,-5.06,-5062,194.51,
v1_tc_any_50s,LITE,2026-07-31,713.94,1,2026-08-03,680.43,stop,-4.69,-2367,680.43,
v1_tc_any_50s,MU,2026-08-07,877.57,1,2026-08-11,854.22,stop,-2.66,-1347,854.22,
v1_tc_ext_100,U11_SI,2026-04-23,36.19,1,2026-04-24,35.388947168651306,stop,-2.37,-1193,35.92,
v1_tc_ext_100,ASML,2026-04-23,1414.7101,1,2026-04-28,1387.9349727988995,stop,-1.89,-1904,1402.66,
v1_tc_ext_100,WRD,2026-05-04,7.84,1,2026-05-05,7.630000114440918,caution_exit,-2.68,-1347,7.3,
v1_tc_ext_100,MSFT,2026-06-04,422.2811,2,2026-06-09,405.62,stop,-3.95,-4029,405.62,
v1_tc_ext_100,TSM,2026-04-20,365.3843,1,2026-06-16,425.8299865722656,caution_exit,16.54,16543,353.74,
v1_tc_ext_100,WRD,2026-06-18,6.1839,2,2026-06-23,5.849999904632568,stop,-5.4,-5631,6.03,
v1_tc_ext_100,AXTI,2026-06-23,77.91,1,2026-06-24,76.0,stop,-2.45,-1291,76.0,
v1_tc_ext_100,NVDA,2026-06-11,204.87,1,2026-06-25,194.51,stop,-5.06,-5086,194.51,
v1_tc_ext_100,SITM,2026-06-17,677.21,1,2026-06-26,633.32,stop,-6.48,-3342,633.32,
v1_tc_ext_100,BE,2026-06-11,248.88,1,2026-07-01,289.5,caution_exit,16.32,16414,216.04,
v1_tc_ext_100,GOOG,2026-06-11,356.56,1,2026-07-23,319.12,stop,-10.5,-10560,319.12,
v1_tc_ext_100,NVDA,2026-06-29,194.97,1,2026-07-29,190.43,stop,-2.33,-2314,190.43,
v1_tc_ext_100,LITE,2026-07-31,713.94,1,2026-08-03,680.43,stop,-4.69,-2421,680.43,
v1_tc_ext_100,NVDA,2026-08-05,219.22,1,2026-08-06,218.99000549316406,caution_exit,-0.11,-55,205.65,
v1_tc_ext_100,MU,2026-08-07,877.57,1,2026-08-11,854.22,stop,-2.66,-1390,854.22,
v1_tc_ext_100,ASML,2026-08-13,1847.9,1,2026-08-18,1802.97998046875,caution_exit,-2.43,-1313,1768.73,
v1_tc_ext_100,MU,2026-08-13,949.83,1,2026-08-24,891.66,stop,-6.12,-3307,891.66,
v1_tc_ext_100,BE,2026-08-11,211.21,1,2026-09-08,277.2200012207031,caution_exit,31.25,16402,182.06,
v1_tc_ext_100,IFX_DE,2026-08-24,55.6303,2,2026-09-14,54.06,stop,-3.44,-3703,54.06,
v1_tc_ext_100,NOK,2026-08-03,9.36,2,2026-09-14,9.649999618530273,caution_exit,3.1,3218,7.79,
v1_tc_ext_100,NVTS,2026-08-04,12.69,1,2026-09-14,10.649999618530273,stop,-16.07,-8348,10.74,
v1_tc_ext_100,SITM,2026-09-09,611.829,2,2026-09-14,564.0,stop,-7.82,-8679,564.0,
v1_tc_ext_100,MSFT,2026-06-30,378.6056,2,2026-09-15,497.1199951171875,caution_exit,31.3,31765,355.51,
v1_tc_ext_100_b15,U11_SI,2026-04-23,36.19,1,2026-04-24,35.388947168651306,stop,-2.37,-1795,35.92,
v1_tc_ext_100_b15,ASML,2026-04-23,1414.7101,1,2026-04-28,1387.9349727988995,stop,-1.89,-2864,1402.66,
v1_tc_ext_100_b15,WRD,2026-05-04,7.84,1,2026-05-05,7.630000114440918,caution_exit,-2.68,-2026,7.3,
v1_tc_ext_100_b15,MSFT,2026-06-04,422.2801,2,2026-06-09,405.62,stop,-3.95,-6105,405.62,
v1_tc_ext_100_b15,TSM,2026-04-20,365.3843,1,2026-06-16,425.8299865722656,caution_exit,16.54,24815,353.74,
v1_tc_ext_100_b15,WRD,2026-06-18,6.1829,2,2026-06-23,5.849999904632568,stop,-5.38,-8597,6.03,
v1_tc_ext_100_b15,AXTI,2026-06-23,77.91,1,2026-06-24,76.0,stop,-2.45,-1986,76.0,
v1_tc_ext_100_b15,NVDA,2026-06-11,204.87,1,2026-06-25,194.51,stop,-5.06,-7650,194.51,
v1_tc_ext_100_b15,SITM,2026-06-17,677.21,1,2026-06-26,633.32,stop,-6.48,-5089,633.32,
v1_tc_ext_100_b15,BE,2026-06-11,248.88,1,2026-07-01,289.5,caution_exit,16.32,24690,216.04,
v1_tc_ext_100_b15,GOOG,2026-06-11,356.56,1,2026-07-23,319.12,stop,-10.5,-15885,319.12,
v1_tc_ext_100_b15,NVDA,2026-06-29,194.97,1,2026-07-29,190.43,stop,-2.33,-3458,190.43,
v1_tc_ext_100_b15,LITE,2026-07-31,713.94,1,2026-08-03,680.43,stop,-4.69,-3686,680.43,
v1_tc_ext_100_b15,NVDA,2026-08-05,219.22,1,2026-08-06,218.99000549316406,caution_exit,-0.11,-84,205.65,
v1_tc_ext_100_b15,MU,2026-08-07,877.57,1,2026-08-11,854.22,stop,-2.66,-2129,854.22,
v1_tc_ext_100_b15,ASML,2026-08-13,1847.9,1,2026-08-18,1802.97998046875,caution_exit,-2.43,-2044,1768.73,
v1_tc_ext_100_b15,MU,2026-08-13,949.83,1,2026-08-24,891.66,stop,-6.12,-5150,891.66,
v1_tc_ext_100_b15,BE,2026-08-11,211.21,1,2026-09-08,277.2200012207031,caution_exit,31.25,25188,182.06,
v1_tc_ext_100_b15,IFX_DE,2026-08-24,54.8639,2,2026-09-14,54.06,stop,-2.15,-2362,54.06,
v1_tc_ext_100_b15,NOK,2026-08-03,9.36,2,2026-09-14,9.649999618530273,caution_exit,3.1,4918,7.79,
v1_tc_ext_100_b15,NVTS,2026-08-04,12.69,1,2026-09-14,10.649999618530273,stop,-16.08,-12756,10.74,
v1_tc_ext_100_b15,SITM,2026-09-09,589.87,1,2026-09-14,564.0,stop,-4.39,-3856,564.0,
v1_tc_ext_100_b15,MSFT,2026-06-30,378.625,2,2026-09-15,497.1199951171875,caution_exit,31.3,47970,355.51,
v1_tc_ext_100_b20,U11_SI,2026-04-23,36.19,1,2026-04-24,35.388947168651306,stop,-2.37,-2400,35.92,
v1_tc_ext_100_b20,ASML,2026-04-23,1414.7101,1,2026-04-28,1387.9349727988995,stop,-1.89,-3829,1402.66,
v1_tc_ext_100_b20,WRD,2026-05-04,7.84,1,2026-05-05,7.630000114440918,caution_exit,-2.68,-2708,7.3,
v1_tc_ext_100_b20,MSFT,2026-06-04,422.2791,2,2026-06-09,405.62,stop,-3.94,-8223,405.62,
v1_tc_ext_100_b20,TSM,2026-04-20,365.3843,1,2026-06-16,425.8299865722656,caution_exit,16.54,33086,353.74,
v1_tc_ext_100_b20,WRD,2026-06-18,6.195,2,2026-06-23,5.849999904632568,stop,-5.57,-11170,6.03,
v1_tc_ext_100_b20,AXTI,2026-06-23,77.91,1,2026-06-24,76.0,stop,-2.45,-2715,76.0,
v1_tc_ext_100_b20,NVDA,2026-06-11,204.87,1,2026-06-25,194.51,stop,-5.06,-10228,194.51,
v1_tc_ext_100_b20,SITM,2026-06-17,677.21,1,2026-06-26,633.32,stop,-6.48,-6888,633.32,
v1_tc_ext_100_b20,BE,2026-06-11,248.88,1,2026-07-01,289.5,caution_exit,16.32,33010,216.04,
v1_tc_ext_100_b20,GOOG,2026-06-11,356.56,1,2026-07-23,319.12,stop,-10.5,-21238,319.12,
v1_tc_ext_100_b20,NVDA,2026-06-29,194.97,1,2026-07-29,190.43,stop,-2.33,-4596,190.43,
v1_tc_ext_100_b20,LITE,2026-07-31,713.94,1,2026-08-03,680.43,stop,-4.69,-4991,680.43,
v1_tc_ext_100_b20,NVDA,2026-08-05,219.22,1,2026-08-06,218.99000549316406,caution_exit,-0.1,-114,205.65,
v1_tc_ext_100_b20,MU,2026-08-07,877.57,1,2026-08-11,854.22,stop,-2.66,-2899,854.22,
v1_tc_ext_100_b20,NOK,2026-08-03,9.36,2,2026-09-14,9.649999618530273,caution_exit,3.1,6681,7.79,
v1_tc_ext_100_b20,NVTS,2026-08-04,12.69,1,2026-09-14,10.649999618530273,stop,-16.08,-17327,10.74,
v1_tc_ext_100_b20,MSFT,2026-06-30,378.6441,2,2026-09-15,497.1199951171875,caution_exit,31.29,64410,355.51,
v1_tc_ext_100_b30,U11_SI,2026-04-23,36.19,1,2026-04-24,35.388947168651306,stop,-2.37,-3621,35.92,
v1_tc_ext_100_b30,ASML,2026-04-23,1414.7101,1,2026-04-28,1387.9349727988995,stop,-1.89,-5776,1402.66,
v1_tc_ext_100_b30,WRD,2026-05-04,7.84,1,2026-05-05,7.630000114440918,caution_exit,-2.68,-4085,7.3,
v1_tc_ext_100_b30,MSFT,2026-06-04,422.2772,2,2026-06-09,405.62,stop,-3.94,-12585,405.62,
v1_tc_ext_100_b30,TSM,2026-04-20,365.3843,1,2026-06-16,425.8299865722656,caution_exit,16.54,49629,353.74,
v1_tc_ext_100_b30,WRD,2026-06-18,6.35,1,2026-06-23,5.849999904632568,stop,-7.87,-12867,6.03,
v1_tc_ext_100_b30,AXTI,2026-06-23,77.91,1,2026-06-24,76.0,stop,-2.45,-4258,76.0,
v1_tc_ext_100_b30,SITM,2026-06-17,677.21,1,2026-06-26,633.32,stop,-6.48,-10569,633.32,
v1_tc_ext_100_b30,BE,2026-06-11,248.88,1,2026-07-01,289.5,caution_exit,16.32,49780,216.04,
v1_tc_ext_100_b30,GOOG,2026-06-11,352.8018,2,2026-07-23,319.12,stop,-9.55,-29974,319.12,
v1_tc_ext_100_b30,NVDA,2026-06-29,194.9315,2,2026-07-29,190.43,stop,-2.31,-7063,190.43,
v1_tc_ext_100_b30,LITE,2026-07-31,713.94,1,2026-08-03,680.43,stop,-4.69,-7446,680.43,
v1_tc_ext_100_b30,NVDA,2026-08-05,219.22,1,2026-08-06,218.99000549316406,caution_exit,-0.1,-167,205.65,
v1_tc_ext_100_b30,MU,2026-08-07,877.57,1,2026-08-11,854.22,stop,-2.66,-4221,854.22,
v1_tc_ext_100_b30,NOK,2026-08-03,9.36,2,2026-09-14,9.649999618530273,caution_exit,3.1,6613,7.79,
v1_tc_ext_100_b30,NVTS,2026-08-04,12.69,1,2026-09-14,10.649999618530273,stop,-16.08,-25311,10.74,
v1_tc_ext_100_b30_pr,U11_SI,2026-04-23,36.19,1,2026-04-24,35.388947168651306,stop,-2.37,-3621,35.92,
v1_tc_ext_100_b30_pr,ASML,2026-04-23,1414.7101,1,2026-04-28,1387.9349727988995,stop,-1.89,-5776,1402.66,
v1_tc_ext_100_b30_pr,WRD,2026-05-04,7.84,1,2026-05-05,7.630000114440918,caution_exit,-2.68,-4085,7.3,
v1_tc_ext_100_b30_pr,MSFT,2026-06-04,422.2772,2,2026-06-09,405.62,stop,-3.94,-12585,405.62,
v1_tc_ext_100_b30_pr,TSM,2026-04-20,365.3843,1,2026-06-16,425.8299865722656,caution_exit,16.54,49629,353.74,
v1_tc_ext_100_b30_pr,WRD,2026-06-18,6.35,1,2026-06-23,5.849999904632568,stop,-7.87,-12629,6.03,
v1_tc_ext_100_b30_pr,AXTI,2026-06-23,77.91,1,2026-06-24,76.0,stop,-2.45,-2318,76.0,
v1_tc_ext_100_b30_pr,NVDA,2026-06-11,204.87,1,2026-06-25,194.51,stop,-5.06,-8745,194.51,
v1_tc_ext_100_b30_pr,SITM,2026-06-17,677.21,1,2026-06-26,633.32,stop,-6.48,-10407,633.32,
v1_tc_ext_100_b30_pr,BE,2026-06-11,248.88,1,2026-07-01,289.5,caution_exit,16.32,28224,216.04,
v1_tc_ext_100_b30_pr,GOOG,2026-06-11,351.5363,3,2026-07-23,319.12,stop,-9.22,-29108,319.12,
v1_tc_ext_100_b30_pr,NVDA,2026-06-29,194.97,1,2026-07-29,190.43,stop,-2.33,-6947,190.43,
v1_tc_ext_100_b30_pr,LITE,2026-07-31,713.94,1,2026-08-03,680.43,stop,-4.69,-7325,680.43,
v1_tc_ext_100_b30_pr,NVDA,2026-08-05,219.22,1,2026-08-06,218.99000549316406,caution_exit,-0.1,-165,205.65,
v1_tc_ext_100_b30_pr,MU,2026-08-07,877.57,1,2026-08-11,854.22,stop,-2.66,-2707,854.22,
v1_tc_ext_100_b30_pr,BE,2026-08-11,211.21,1,2026-09-08,277.2200012207031,caution_exit,31.25,15474,182.06,
v1_tc_ext_100_b30_pr,NOK,2026-08-03,9.36,2,2026-09-14,9.649999618530273,caution_exit,3.1,7967,7.79,
v1_tc_ext_100_b30_pr,NVTS,2026-08-04,12.69,1,2026-09-14,10.649999618530273,stop,-16.08,-25012,10.74,
v1_tc_ext_100_b30_pr,SITM,2026-09-09,589.87,1,2026-09-14,564.0,stop,-4.39,-2850,564.0,
v1_tc_ext_100_b30_pr,MSFT,2026-06-30,373.02,1,2026-09-15,497.1199951171875,caution_exit,33.27,15774,355.51,
v1_tc_ext_33r,U11_SI,2026-04-23,36.19,1,2026-04-24,35.388947168651306,stop,-2.37,-1193,35.92,
v1_tc_ext_33r,ASML,2026-04-23,1414.7101,1,2026-04-28,1387.9349727988995,stop,-1.89,-1904,1402.66,
v1_tc_ext_33r,MSFT,2026-06-04,422.2811,2,2026-06-09,405.62,stop,-3.95,-4022,405.62,
v1_tc_ext_33r,WRD,2026-06-18,6.1835,2,2026-06-23,5.849999904632568,stop,-5.39,-5636,6.03,
v1_tc_ext_33r,AXTI,2026-06-23,77.91,1,2026-06-24,76.0,stop,-2.45,-1298,76.0,
v1_tc_ext_33r,NVDA,2026-06-11,204.87,1,2026-06-25,194.51,stop,-5.06,-5078,194.51,
v1_tc_ext_33r,SITM,2026-06-17,677.21,1,2026-06-26,633.32,stop,-6.48,-3337,633.32,
v1_tc_ext_33r,GOOG,2026-06-11,356.56,1,2026-07-23,319.12,stop,-10.5,-10544,319.12,
v1_tc_ext_33r,NVDA,2026-06-29,194.97,1,2026-07-29,190.43,stop,-2.33,-2313,190.43,
v1_tc_ext_33r,LITE,2026-07-31,713.94,1,2026-08-03,680.43,stop,-4.69,-2367,680.43,
v1_tc_ext_33r,MU,2026-08-07,877.57,1,2026-08-11,854.22,stop,-2.66,-1361,854.22,
v1_tc_ext_33r,MU,2026-08-13,949.83,1,2026-08-24,891.66,stop,-6.12,-3247,891.66,
v1_tc_ext_33r,IFX_DE,2026-08-24,55.6297,2,2026-09-14,54.06,stop,-3.44,-3621,54.06,
v1_tc_ext_33r,NVTS,2026-08-04,12.69,1,2026-09-14,10.649999618530273,stop,-16.08,-8167,10.74,
v1_tc_ext_33r,SITM,2026-09-09,611.7795,2,2026-09-14,564.0,stop,-7.81,-8496,564.0,
v1_tc_ext_33s,U11_SI,2026-04-23,36.19,1,2026-04-24,35.388947168651306,stop,-2.37,-1193,35.92,
v1_tc_ext_33s,ASML,2026-04-23,1414.7101,1,2026-04-28,1387.9349727988995,stop,-1.89,-1904,1402.66,
v1_tc_ext_33s,MSFT,2026-06-04,422.2811,2,2026-06-09,405.62,stop,-3.95,-4022,405.62,
v1_tc_ext_33s,WRD,2026-06-18,6.1835,2,2026-06-23,5.849999904632568,stop,-5.39,-5636,6.03,
v1_tc_ext_33s,AXTI,2026-06-23,77.91,1,2026-06-24,76.0,stop,-2.45,-1298,76.0,
v1_tc_ext_33s,NVDA,2026-06-11,204.87,1,2026-06-25,194.51,stop,-5.06,-5078,194.51,
v1_tc_ext_33s,SITM,2026-06-17,677.21,1,2026-06-26,633.32,stop,-6.48,-3337,633.32,
v1_tc_ext_33s,GOOG,2026-06-11,356.56,1,2026-07-23,319.12,stop,-10.5,-10544,319.12,
v1_tc_ext_33s,NVDA,2026-06-29,194.97,1,2026-07-29,190.43,stop,-2.33,-2313,190.43,
v1_tc_ext_33s,LITE,2026-07-31,713.94,1,2026-08-03,680.43,stop,-4.69,-2367,680.43,
v1_tc_ext_33s,MU,2026-08-07,877.57,1,2026-08-11,854.22,stop,-2.66,-1361,854.22,
v1_tc_ext_33s,MU,2026-08-13,949.83,1,2026-08-24,891.66,stop,-6.12,-3247,891.66,
v1_tc_ext_33s,IFX_DE,2026-08-24,55.6297,2,2026-09-14,54.06,stop,-3.44,-3621,54.06,
v1_tc_ext_33s,NVTS,2026-08-04,12.69,1,2026-09-14,10.649999618530273,stop,-16.08,-8167,10.74,
v1_tc_ext_33s,SITM,2026-09-09,611.7795,2,2026-09-14,564.0,stop,-7.81,-8496,564.0,
v1_tc_ext_50r,U11_SI,2026-04-23,36.19,1,2026-04-24,35.388947168651306,stop,-2.37,-1193,35.92,
v1_tc_ext_50r,ASML,2026-04-23,1414.7101,1,2026-04-28,1387.9349727988995,stop,-1.89,-1904,1402.66,
v1_tc_ext_50r,MSFT,2026-06-04,422.2812,2,2026-06-09,405.62,stop,-3.95,-4024,405.62,
v1_tc_ext_50r,WRD,2026-06-18,6.1836,2,2026-06-23,5.849999904632568,stop,-5.39,-5635,6.03,
v1_tc_ext_50r,AXTI,2026-06-23,77.91,1,2026-06-24,76.0,stop,-2.45,-1297,76.0,
v1_tc_ext_50r,NVDA,2026-06-11,204.87,1,2026-06-25,194.51,stop,-5.06,-5080,194.51,
v1_tc_ext_50r,SITM,2026-06-17,677.21,1,2026-06-26,633.32,stop,-6.48,-3338,633.32,
v1_tc_ext_50r,GOOG,2026-06-11,356.56,1,2026-07-23,319.12,stop,-10.5,-10549,319.12,
v1_tc_ext_50r,NVDA,2026-06-29,194.97,1,2026-07-29,190.43,stop,-2.33,-2313,190.43,
v1_tc_ext_50r,LITE,2026-07-31,713.94,1,2026-08-03,680.43,stop,-4.69,-2383,680.43,
v1_tc_ext_50r,MU,2026-08-07,877.57,1,2026-08-11,854.22,stop,-2.66,-1369,854.22,
v1_tc_ext_50r,MU,2026-08-13,949.83,1,2026-08-24,891.66,stop,-6.12,-3264,891.66,
v1_tc_ext_50r,IFX_DE,2026-08-24,55.6299,2,2026-09-14,54.06,stop,-3.44,-3644,54.06,
v1_tc_ext_50r,NVTS,2026-08-04,12.69,1,2026-09-14,10.649999618530273,stop,-16.08,-8221,10.74,
v1_tc_ext_50r,SITM,2026-09-09,611.7961,2,2026-09-14,564.0,stop,-7.81,-8545,564.0,
v1_tc_ext_50s,U11_SI,2026-04-23,36.19,1,2026-04-24,35.388947168651306,stop,-2.37,-1193,35.92,
v1_tc_ext_50s,ASML,2026-04-23,1414.7101,1,2026-04-28,1387.9349727988995,stop,-1.89,-1904,1402.66,
v1_tc_ext_50s,MSFT,2026-06-04,422.2812,2,2026-06-09,405.62,stop,-3.95,-4024,405.62,
v1_tc_ext_50s,WRD,2026-06-18,6.1836,2,2026-06-23,5.849999904632568,stop,-5.39,-5635,6.03,
v1_tc_ext_50s,AXTI,2026-06-23,77.91,1,2026-06-24,76.0,stop,-2.45,-1297,76.0,
v1_tc_ext_50s,NVDA,2026-06-11,204.87,1,2026-06-25,194.51,stop,-5.06,-5080,194.51,
v1_tc_ext_50s,SITM,2026-06-17,677.21,1,2026-06-26,633.32,stop,-6.48,-3338,633.32,
v1_tc_ext_50s,GOOG,2026-06-11,356.56,1,2026-07-23,319.12,stop,-10.5,-10549,319.12,
v1_tc_ext_50s,NVDA,2026-06-29,194.97,1,2026-07-29,190.43,stop,-2.33,-2313,190.43,
v1_tc_ext_50s,LITE,2026-07-31,713.94,1,2026-08-03,680.43,stop,-4.69,-2383,680.43,
v1_tc_ext_50s,MU,2026-08-07,877.57,1,2026-08-11,854.22,stop,-2.66,-1369,854.22,
v1_tc_ext_50s,MU,2026-08-13,949.83,1,2026-08-24,891.66,stop,-6.12,-3264,891.66,
v1_tc_ext_50s,IFX_DE,2026-08-24,55.6299,2,2026-09-14,54.06,stop,-3.44,-3644,54.06,
v1_tc_ext_50s,NVTS,2026-08-04,12.69,1,2026-09-14,10.649999618530273,stop,-16.08,-8221,10.74,
v1_tc_ext_50s,SITM,2026-09-09,611.7961,2,2026-09-14,564.0,stop,-7.81,-8545,564.0,
v1_tc_rsi_100,TSM,2026-04-20,365.3843,1,2026-04-23,381.7659606933594,caution_exit,4.48,4483,353.74,
v1_tc_rsi_100,U11_SI,2026-04-23,36.19,1,2026-04-24,35.388947168651306,stop,-2.37,-1193,35.92,
v1_tc_rsi_100,ASML,2026-04-23,1414.7101,1,2026-04-28,1387.9349727988995,stop,-1.89,-1904,1402.66,
v1_tc_rsi_100,O39_SI,2026-04-27,21.6,1,2026-05-11,22.5,caution_exit,4.91,2471,21.13,
v1_tc_rsi_100,WRD,2026-05-04,7.84,1,2026-05-13,7.190000057220459,stop,-8.29,-4152,7.3,
v1_tc_rsi_100,MSFT,2026-06-04,422.2836,2,2026-06-09,405.62,stop,-3.95,-3945,405.62,
v1_tc_rsi_100,WRD,2026-06-18,6.1838,2,2026-06-23,5.849999904632568,stop,-5.4,-5531,6.03,
v1_tc_rsi_100,AXTI,2026-06-23,77.91,1,2026-06-24,76.0,stop,-2.45,-1268,76.0,
v1_tc_rsi_100,NVDA,2026-06-11,204.87,1,2026-06-25,194.51,stop,-5.06,-5035,194.51,
v1_tc_rsi_100,SITM,2026-06-17,677.21,1,2026-06-26,633.32,stop,-6.48,-3285,633.32,
v1_tc_rsi_100,BE,2026-06-11,248.88,1,2026-07-16,216.04,stop,-13.19,-13139,216.04,
v1_tc_rsi_100,GOOG,2026-06-11,356.56,1,2026-07-23,319.12,stop,-10.5,-10456,319.12,
v1_tc_rsi_100,NVDA,2026-06-29,194.97,1,2026-07-29,190.43,stop,-2.33,-2272,190.43,
v1_tc_rsi_100,MSFT,2026-06-30,378.6062,2,2026-07-31,464.7200012207031,caution_exit,22.74,22665,355.51,
v1_tc_rsi_100,LITE,2026-07-31,713.94,1,2026-08-03,680.43,stop,-4.69,-2285,680.43,
v1_tc_rsi_100,MU,2026-08-07,877.57,1,2026-08-11,854.22,stop,-2.66,-1299,854.22,
v1_tc_rsi_100,ASML,2026-08-13,1847.9,1,2026-08-19,1768.73,stop,-4.28,-2161,1768.73,
v1_tc_rsi_100,MU,2026-08-13,949.83,1,2026-08-24,891.66,stop,-6.12,-3089,891.66,
v1_tc_rsi_100,IFX_DE,2026-08-24,55.6261,2,2026-09-14,54.06,stop,-3.44,-3435,54.06,
v1_tc_rsi_100,NVTS,2026-08-04,12.69,1,2026-09-14,10.649999618530273,stop,-16.08,-7838,10.74,
v1_tc_rsi_100,SITM,2026-09-09,611.7738,2,2026-09-14,564.0,stop,-7.81,-8046,564.0,
v1_tc_rsi_33r,U11_SI,2026-04-23,36.19,1,2026-04-24,35.388947168651306,stop,-2.37,-1193,35.92,
v1_tc_rsi_33r,ASML,2026-04-23,1414.7101,1,2026-04-28,1387.9349727988995,stop,-1.89,-1904,1402.66,
v1_tc_rsi_33r,WRD,2026-05-04,7.84,1,2026-05-13,7.190000057220459,stop,-8.29,-4163,7.3,
v1_tc_rsi_33r,MSFT,2026-06-04,422.2819,2,2026-06-09,405.62,stop,-3.95,-3993,405.62,
v1_tc_rsi_33r,WRD,2026-06-18,6.1835,2,2026-06-23,5.849999904632568,stop,-5.39,-5603,6.03,
v1_tc_rsi_33r,AXTI,2026-06-23,77.91,1,2026-06-24,76.0,stop,-2.45,-1290,76.0,
v1_tc_rsi_33r,NVDA,2026-06-11,204.87,1,2026-06-25,194.51,stop,-5.06,-5060,194.51,
v1_tc_rsi_33r,SITM,2026-06-17,677.21,1,2026-06-26,633.32,stop,-6.48,-3317,633.32,
v1_tc_rsi_33r,BE,2026-06-11,248.88,1,2026-07-16,216.04,stop,-13.19,-13202,216.04,
v1_tc_rsi_33r,GOOG,2026-06-11,356.56,1,2026-07-23,319.12,stop,-10.5,-10506,319.12,
v1_tc_rsi_33r,NVDA,2026-06-29,194.97,1,2026-07-29,190.43,stop,-2.33,-2299,190.43,
v1_tc_rsi_33r,LITE,2026-07-31,713.94,1,2026-08-03,680.43,stop,-4.69,-2311,680.43,
v1_tc_rsi_33r,MU,2026-08-07,877.57,1,2026-08-11,854.22,stop,-2.66,-1326,854.22,
v1_tc_rsi_33r,ASML,2026-08-13,1847.9,1,2026-08-19,1768.73,stop,-4.28,-2211,1768.73,
v1_tc_rsi_33r,MU,2026-08-13,949.83,1,2026-08-24,891.66,stop,-6.12,-3161,891.66,
v1_tc_rsi_33r,IFX_DE,2026-08-24,55.6281,2,2026-09-14,54.06,stop,-3.44,-3513,54.06,
v1_tc_rsi_33r,NVTS,2026-08-04,12.69,1,2026-09-14,10.649999618530273,stop,-16.08,-7962,10.74,
v1_tc_rsi_33r,SITM,2026-09-09,611.7467,2,2026-09-14,564.0,stop,-7.8,-8247,564.0,
v1_tc_rsi_33s,U11_SI,2026-04-23,36.19,1,2026-04-24,35.388947168651306,stop,-2.37,-1193,35.92,
v1_tc_rsi_33s,ASML,2026-04-23,1414.7101,1,2026-04-28,1387.9349727988995,stop,-1.89,-1904,1402.66,
v1_tc_rsi_33s,WRD,2026-05-04,7.84,1,2026-05-13,7.190000057220459,stop,-8.29,-4163,7.3,
v1_tc_rsi_33s,MSFT,2026-06-04,422.2819,2,2026-06-09,405.62,stop,-3.95,-3993,405.62,
v1_tc_rsi_33s,WRD,2026-06-18,6.1835,2,2026-06-23,5.849999904632568,stop,-5.39,-5603,6.03,
v1_tc_rsi_33s,AXTI,2026-06-23,77.91,1,2026-06-24,76.0,stop,-2.45,-1290,76.0,
v1_tc_rsi_33s,NVDA,2026-06-11,204.87,1,2026-06-25,194.51,stop,-5.06,-5060,194.51,
v1_tc_rsi_33s,SITM,2026-06-17,677.21,1,2026-06-26,633.32,stop,-6.48,-3317,633.32,
v1_tc_rsi_33s,BE,2026-06-11,248.88,1,2026-07-16,216.04,stop,-13.19,-13202,216.04,
v1_tc_rsi_33s,GOOG,2026-06-11,356.56,1,2026-07-23,319.12,stop,-10.5,-10506,319.12,
v1_tc_rsi_33s,NVDA,2026-06-29,194.97,1,2026-07-29,190.43,stop,-2.33,-2299,190.43,
v1_tc_rsi_33s,LITE,2026-07-31,713.94,1,2026-08-03,680.43,stop,-4.69,-2311,680.43,
v1_tc_rsi_33s,MU,2026-08-07,877.57,1,2026-08-11,854.22,stop,-2.66,-1326,854.22,
v1_tc_rsi_33s,ASML,2026-08-13,1847.9,1,2026-08-19,1768.73,stop,-4.28,-2211,1768.73,
v1_tc_rsi_33s,MU,2026-08-13,949.83,1,2026-08-24,891.66,stop,-6.12,-3161,891.66,
v1_tc_rsi_33s,IFX_DE,2026-08-24,55.6281,2,2026-09-14,54.06,stop,-3.44,-3513,54.06,
v1_tc_rsi_33s,NVTS,2026-08-04,12.69,1,2026-09-14,10.649999618530273,stop,-16.08,-7962,10.74,
v1_tc_rsi_33s,SITM,2026-09-09,611.7467,2,2026-09-14,564.0,stop,-7.8,-8247,564.0,
v1_tc_rsi_50r,U11_SI,2026-04-23,36.19,1,2026-04-24,35.388947168651306,stop,-2.37,-1193,35.92,
v1_tc_rsi_50r,ASML,2026-04-23,1414.7101,1,2026-04-28,1387.9349727988995,stop,-1.89,-1904,1402.66,
v1_tc_rsi_50r,WRD,2026-05-04,7.84,1,2026-05-13,7.190000057220459,stop,-8.29,-4160,7.3,
v1_tc_rsi_50r,MSFT,2026-06-04,422.2823,2,2026-06-09,405.62,stop,-3.95,-3981,405.62,
v1_tc_rsi_50r,WRD,2026-06-18,6.1835,2,2026-06-23,5.849999904632568,stop,-5.39,-5585,6.03,
v1_tc_rsi_50r,AXTI,2026-06-23,77.91,1,2026-06-24,76.0,stop,-2.45,-1285,76.0,
v1_tc_rsi_50r,NVDA,2026-06-11,204.87,1,2026-06-25,194.51,stop,-5.06,-5054,194.51,
v1_tc_rsi_50r,SITM,2026-06-17,677.21,1,2026-06-26,633.32,stop,-6.48,-3309,633.32,
v1_tc_rsi_50r,BE,2026-06-11,248.88,1,2026-07-16,216.04,stop,-13.19,-13186,216.04,
v1_tc_rsi_50r,GOOG,2026-06-11,356.56,1,2026-07-23,319.12,stop,-10.5,-10493,319.12,
v1_tc_rsi_50r,NVDA,2026-06-29,194.97,1,2026-07-29,190.43,stop,-2.33,-2292,190.43,
v1_tc_rsi_50r,LITE,2026-07-31,713.94,1,2026-08-03,680.43,stop,-4.69,-2302,680.43,
v1_tc_rsi_50r,MU,2026-08-07,877.57,1,2026-08-11,854.22,stop,-2.66,-1318,854.22,
v1_tc_rsi_50r,ASML,2026-08-13,1847.9,1,2026-08-19,1768.73,stop,-4.28,-2196,1768.73,
v1_tc_rsi_50r,MU,2026-08-13,949.83,1,2026-08-24,891.66,stop,-6.12,-3139,891.66,
v1_tc_rsi_50r,IFX_DE,2026-08-24,55.6275,2,2026-09-14,54.06,stop,-3.44,-3488,54.06,
v1_tc_rsi_50r,NVTS,2026-08-04,12.69,1,2026-09-14,10.649999618530273,stop,-16.08,-7924,10.74,
v1_tc_rsi_50r,SITM,2026-09-09,611.7541,2,2026-09-14,564.0,stop,-7.81,-8184,564.0,
v1_tc_rsi_50s,U11_SI,2026-04-23,36.19,1,2026-04-24,35.388947168651306,stop,-2.37,-1193,35.92,
v1_tc_rsi_50s,ASML,2026-04-23,1414.7101,1,2026-04-28,1387.9349727988995,stop,-1.89,-1904,1402.66,
v1_tc_rsi_50s,WRD,2026-05-04,7.84,1,2026-05-13,7.190000057220459,stop,-8.29,-4160,7.3,
v1_tc_rsi_50s,MSFT,2026-06-04,422.2823,2,2026-06-09,405.62,stop,-3.95,-3981,405.62,
v1_tc_rsi_50s,WRD,2026-06-18,6.1835,2,2026-06-23,5.849999904632568,stop,-5.39,-5585,6.03,
v1_tc_rsi_50s,AXTI,2026-06-23,77.91,1,2026-06-24,76.0,stop,-2.45,-1285,76.0,
v1_tc_rsi_50s,NVDA,2026-06-11,204.87,1,2026-06-25,194.51,stop,-5.06,-5054,194.51,
v1_tc_rsi_50s,SITM,2026-06-17,677.21,1,2026-06-26,633.32,stop,-6.48,-3309,633.32,
v1_tc_rsi_50s,BE,2026-06-11,248.88,1,2026-07-16,216.04,stop,-13.19,-13186,216.04,
v1_tc_rsi_50s,GOOG,2026-06-11,356.56,1,2026-07-23,319.12,stop,-10.5,-10493,319.12,
v1_tc_rsi_50s,NVDA,2026-06-29,194.97,1,2026-07-29,190.43,stop,-2.33,-2292,190.43,
v1_tc_rsi_50s,LITE,2026-07-31,713.94,1,2026-08-03,680.43,stop,-4.69,-2302,680.43,
v1_tc_rsi_50s,MU,2026-08-07,877.57,1,2026-08-11,854.22,stop,-2.66,-1318,854.22,
v1_tc_rsi_50s,ASML,2026-08-13,1847.9,1,2026-08-19,1768.73,stop,-4.28,-2196,1768.73,
v1_tc_rsi_50s,MU,2026-08-13,949.83,1,2026-08-24,891.66,stop,-6.12,-3139,891.66,
v1_tc_rsi_50s,IFX_DE,2026-08-24,55.6275,2,2026-09-14,54.06,stop,-3.44,-3488,54.06,
v1_tc_rsi_50s,NVTS,2026-08-04,12.69,1,2026-09-14,10.649999618530273,stop,-16.08,-7924,10.74,
v1_tc_rsi_50s,SITM,2026-09-09,611.7541,2,2026-09-14,564.0,stop,-7.81,-8184,564.0,
v1_tc_thesis_100,U11_SI,2026-04-23,36.19,1,2026-04-24,35.388947168651306,stop,-2.37,-1193,35.92,
v1_tc_thesis_100,ASML,2026-04-23,1414.7101,1,2026-04-28,1387.9349727988995,stop,-1.89,-1904,1402.66,
v1_tc_thesis_100,WRD,2026-05-04,7.84,1,2026-05-13,7.190000057220459,stop,-8.29,-4169,7.3,
v1_tc_thesis_100,MSFT,2026-06-04,422.2811,2,2026-06-09,405.62,stop,-3.95,-4018,405.62,
v1_tc_thesis_100,TSM,2026-04-20,365.3843,1,2026-06-10,407.7950134277344,caution_exit,11.61,11607,353.74,
v1_tc_thesis_100,BE,2026-06-11,248.88,1,2026-06-15,274.5,caution_exit,10.29,10324,216.04,
v1_tc_thesis_100,SITM,2026-06-17,677.21,1,2026-06-18,729.0399780273438,caution_exit,7.65,3907,633.32,
v1_tc_thesis_100,WRD,2026-06-18,6.1852,2,2026-06-23,5.849999904632568,stop,-5.42,-5539,6.03,
v1_tc_thesis_100,AXTI,2026-06-23,77.91,1,2026-06-24,76.0,stop,-2.45,-1244,76.0,
v1_tc_thesis_100,NVDA,2026-06-11,204.87,1,2026-06-25,194.51,stop,-5.06,-5072,194.51,
v1_tc_thesis_100,O39_SI,2026-04-27,21.6,1,2026-07-02,25.079999923706055,caution_exit,14.46,7311,21.13,
v1_tc_thesis_100,GOOG,2026-06-11,356.56,1,2026-07-23,319.12,stop,-10.5,-10531,319.12,
v1_tc_thesis_100,NVDA,2026-06-29,194.97,1,2026-07-29,190.43,stop,-2.33,-2334,190.43,
v1_tc_thesis_100,LITE,2026-07-31,713.94,1,2026-08-03,680.43,stop,-4.69,-2385,680.43,
v1_tc_thesis_100,MU,2026-08-07,877.57,1,2026-08-11,854.22,stop,-2.66,-1368,854.22,
v1_tc_thesis_100,ASML,2026-08-13,1847.9,1,2026-08-19,1768.73,stop,-4.28,-2271,1768.73,
v1_tc_thesis_100,MU,2026-08-13,949.83,1,2026-08-24,891.66,stop,-6.12,-3246,891.66,
v1_tc_thesis_100,IFX_DE,2026-08-24,55.6287,2,2026-09-14,54.06,stop,-3.44,-3613,54.06,
v1_tc_thesis_100,NVTS,2026-08-04,12.69,1,2026-09-14,10.649999618530273,stop,-16.07,-8227,10.74,
v1_tc_thesis_100,SITM,2026-09-09,611.7697,2,2026-09-14,564.0,stop,-7.81,-8459,564.0,
v1_tc_thesis_33r,U11_SI,2026-04-23,36.19,1,2026-04-24,35.388947168651306,stop,-2.37,-1193,35.92,
v1_tc_thesis_33r,ASML,2026-04-23,1414.7101,1,2026-04-28,1387.9349727988995,stop,-1.89,-1904,1402.66,
v1_tc_thesis_33r,WRD,2026-05-04,7.84,1,2026-05-13,7.190000057220459,stop,-8.29,-4169,7.3,
v1_tc_thesis_33r,MSFT,2026-06-04,422.2811,2,2026-06-09,405.62,stop,-3.95,-4018,405.62,
v1_tc_thesis_33r,WRD,2026-06-18,6.1839,2,2026-06-23,5.849999904632568,stop,-5.4,-5604,6.03,
v1_tc_thesis_33r,AXTI,2026-06-23,77.91,1,2026-06-24,76.0,stop,-2.45,-1283,76.0,
v1_tc_thesis_33r,NVDA,2026-06-11,204.87,1,2026-06-25,194.51,stop,-5.06,-5072,194.51,
v1_tc_thesis_33r,GOOG,2026-06-11,356.56,1,2026-07-23,319.12,stop,-10.5,-10531,319.12,
v1_tc_thesis_33r,NVDA,2026-06-29,194.97,1,2026-07-29,190.43,stop,-2.33,-2319,190.43,
v1_tc_thesis_33r,LITE,2026-07-31,713.94,1,2026-08-03,680.43,stop,-4.69,-2357,680.43,
v1_tc_thesis_33r,MU,2026-08-07,877.57,1,2026-08-11,854.22,stop,-2.66,-1356,854.22,
v1_tc_thesis_33r,ASML,2026-08-13,1847.9,1,2026-08-19,1768.73,stop,-4.28,-2260,1768.73,
v1_tc_thesis_33r,MU,2026-08-13,949.83,1,2026-08-24,891.66,stop,-6.12,-3230,891.66,
v1_tc_thesis_33r,IFX_DE,2026-08-24,55.6292,2,2026-09-14,54.06,stop,-3.44,-3595,54.06,
v1_tc_thesis_33r,NVTS,2026-08-04,12.69,1,2026-09-14,10.649999618530273,stop,-16.08,-8136,10.74,
v1_tc_thesis_33r,SITM,2026-09-09,611.7515,2,2026-09-14,564.0,stop,-7.81,-8433,564.0,
v1_tc_thesis_33s,U11_SI,2026-04-23,36.19,1,2026-04-24,35.388947168651306,stop,-2.37,-1193,35.92,
v1_tc_thesis_33s,ASML,2026-04-23,1414.7101,1,2026-04-28,1387.9349727988995,stop,-1.89,-1904,1402.66,
v1_tc_thesis_33s,WRD,2026-05-04,7.84,1,2026-05-13,7.190000057220459,stop,-8.29,-4169,7.3,
v1_tc_thesis_33s,MSFT,2026-06-04,422.2811,2,2026-06-09,405.62,stop,-3.95,-4018,405.62,
v1_tc_thesis_33s,WRD,2026-06-18,6.1839,2,2026-06-23,5.849999904632568,stop,-5.4,-5604,6.03,
v1_tc_thesis_33s,AXTI,2026-06-23,77.91,1,2026-06-24,76.0,stop,-2.45,-1283,76.0,
v1_tc_thesis_33s,NVDA,2026-06-11,204.87,1,2026-06-25,194.51,stop,-5.06,-5072,194.51,
v1_tc_thesis_33s,GOOG,2026-06-11,356.56,1,2026-07-23,319.12,stop,-10.5,-10531,319.12,
v1_tc_thesis_33s,NVDA,2026-06-29,194.97,1,2026-07-29,190.43,stop,-2.33,-2319,190.43,
v1_tc_thesis_33s,LITE,2026-07-31,713.94,1,2026-08-03,680.43,stop,-4.69,-2357,680.43,
v1_tc_thesis_33s,MU,2026-08-07,877.57,1,2026-08-11,854.22,stop,-2.66,-1356,854.22,
v1_tc_thesis_33s,ASML,2026-08-13,1847.9,1,2026-08-19,1768.73,stop,-4.28,-2260,1768.73,
v1_tc_thesis_33s,MU,2026-08-13,949.83,1,2026-08-24,891.66,stop,-6.12,-3230,891.66,
v1_tc_thesis_33s,IFX_DE,2026-08-24,55.6292,2,2026-09-14,54.06,stop,-3.44,-3595,54.06,
v1_tc_thesis_33s,NVTS,2026-08-04,12.69,1,2026-09-14,10.649999618530273,stop,-16.08,-8136,10.74,
v1_tc_thesis_33s,SITM,2026-09-09,611.7515,2,2026-09-14,564.0,stop,-7.81,-8433,564.0,
v1_tc_thesis_50r,U11_SI,2026-04-23,36.19,1,2026-04-24,35.388947168651306,stop,-2.37,-1193,35.92,
v1_tc_thesis_50r,ASML,2026-04-23,1414.7101,1,2026-04-28,1387.9349727988995,stop,-1.89,-1904,1402.66,
v1_tc_thesis_50r,WRD,2026-05-04,7.84,1,2026-05-13,7.190000057220459,stop,-8.29,-4169,7.3,
v1_tc_thesis_50r,MSFT,2026-06-04,422.2811,2,2026-06-09,405.62,stop,-3.95,-4018,405.62,
v1_tc_thesis_50r,WRD,2026-06-18,6.1842,2,2026-06-23,5.849999904632568,stop,-5.4,-5588,6.03,
v1_tc_thesis_50r,AXTI,2026-06-23,77.91,1,2026-06-24,76.0,stop,-2.45,-1273,76.0,
v1_tc_thesis_50r,NVDA,2026-06-11,204.87,1,2026-06-25,194.51,stop,-5.06,-5072,194.51,
v1_tc_thesis_50r,GOOG,2026-06-11,356.56,1,2026-07-23,319.12,stop,-10.5,-10531,319.12,
v1_tc_thesis_50r,NVDA,2026-06-29,194.97,1,2026-07-29,190.43,stop,-2.33,-2323,190.43,
v1_tc_thesis_50r,LITE,2026-07-31,713.94,1,2026-08-03,680.43,stop,-4.69,-2368,680.43,
v1_tc_thesis_50r,MU,2026-08-07,877.57,1,2026-08-11,854.22,stop,-2.66,-1360,854.22,
v1_tc_thesis_50r,ASML,2026-08-13,1847.9,1,2026-08-19,1768.73,stop,-4.29,-2265,1768.73,
v1_tc_thesis_50r,MU,2026-08-13,949.83,1,2026-08-24,891.66,stop,-6.12,-3237,891.66,
v1_tc_thesis_50r,IFX_DE,2026-08-24,55.6291,2,2026-09-14,54.06,stop,-3.44,-3604,54.06,
v1_tc_thesis_50r,NVTS,2026-08-04,12.69,1,2026-09-14,10.649999618530273,stop,-16.08,-8171,10.74,
v1_tc_thesis_50r,SITM,2026-09-09,611.7589,2,2026-09-14,564.0,stop,-7.81,-8447,564.0,
v1_tc_thesis_50s,U11_SI,2026-04-23,36.19,1,2026-04-24,35.388947168651306,stop,-2.37,-1193,35.92,
v1_tc_thesis_50s,ASML,2026-04-23,1414.7101,1,2026-04-28,1387.9349727988995,stop,-1.89,-1904,1402.66,
v1_tc_thesis_50s,WRD,2026-05-04,7.84,1,2026-05-13,7.190000057220459,stop,-8.29,-4169,7.3,
v1_tc_thesis_50s,MSFT,2026-06-04,422.2811,2,2026-06-09,405.62,stop,-3.95,-4018,405.62,
v1_tc_thesis_50s,WRD,2026-06-18,6.1842,2,2026-06-23,5.849999904632568,stop,-5.4,-5588,6.03,
v1_tc_thesis_50s,AXTI,2026-06-23,77.91,1,2026-06-24,76.0,stop,-2.45,-1273,76.0,
v1_tc_thesis_50s,NVDA,2026-06-11,204.87,1,2026-06-25,194.51,stop,-5.06,-5072,194.51,
v1_tc_thesis_50s,GOOG,2026-06-11,356.56,1,2026-07-23,319.12,stop,-10.5,-10531,319.12,
v1_tc_thesis_50s,NVDA,2026-06-29,194.97,1,2026-07-29,190.43,stop,-2.33,-2323,190.43,
v1_tc_thesis_50s,LITE,2026-07-31,713.94,1,2026-08-03,680.43,stop,-4.69,-2368,680.43,
v1_tc_thesis_50s,MU,2026-08-07,877.57,1,2026-08-11,854.22,stop,-2.66,-1360,854.22,
v1_tc_thesis_50s,ASML,2026-08-13,1847.9,1,2026-08-19,1768.73,stop,-4.29,-2265,1768.73,
v1_tc_thesis_50s,MU,2026-08-13,949.83,1,2026-08-24,891.66,stop,-6.12,-3237,891.66,
v1_tc_thesis_50s,IFX_DE,2026-08-24,55.6291,2,2026-09-14,54.06,stop,-3.44,-3604,54.06,
v1_tc_thesis_50s,NVTS,2026-08-04,12.69,1,2026-09-14,10.649999618530273,stop,-16.08,-8171,10.74,
v1_tc_thesis_50s,SITM,2026-09-09,611.7589,2,2026-09-14,564.0,stop,-7.81,-8447,564.0,
v1_tc_val_100,U11_SI,2026-04-23,36.19,1,2026-04-24,35.388947168651306,stop,-2.37,-1193,35.92,
v1_tc_val_100,ASML,2026-04-23,1414.7101,1,2026-04-28,1387.9349727988995,stop,-1.89,-1904,1402.66,
v1_tc_val_100,WRD,2026-05-04,7.84,1,2026-05-13,7.190000057220459,stop,-8.29,-4169,7.3,
v1_tc_val_100,MSFT,2026-06-04,422.2811,2,2026-06-09,405.62,stop,-3.95,-4018,405.62,
v1_tc_val_100,WRD,2026-06-18,6.1833,2,2026-06-23,5.849999904632568,stop,-5.39,-5637,6.03,
v1_tc_val_100,AXTI,2026-06-23,77.91,1,2026-06-24,76.0,stop,-2.45,-1302,76.0,
v1_tc_val_100,NVDA,2026-06-11,204.87,1,2026-06-25,194.51,stop,-5.06,-5072,194.51,
v1_tc_val_100,SITM,2026-06-17,677.21,1,2026-06-26,633.32,stop,-6.48,-3333,633.32,
v1_tc_val_100,BE,2026-06-11,248.88,1,2026-07-16,216.04,stop,-13.2,-13234,216.04,
v1_tc_val_100,GOOG,2026-06-11,356.56,1,2026-07-23,319.12,stop,-10.5,-10531,319.12,
v1_tc_val_100,NVDA,2026-06-29,194.97,1,2026-07-29,190.43,stop,-2.33,-2311,190.43,
v1_tc_val_100,LITE,2026-07-31,713.94,1,2026-08-03,680.43,stop,-4.69,-2330,680.43,
v1_tc_val_100,MU,2026-08-07,877.57,1,2026-08-11,854.22,stop,-2.66,-1344,854.22,
v1_tc_val_100,ASML,2026-08-13,1847.9,1,2026-08-19,1768.73,stop,-4.29,-2247,1768.73,
v1_tc_val_100,MU,2026-08-13,949.83,1,2026-08-24,891.66,stop,-6.12,-3211,891.66,
v1_tc_val_100,IFX_DE,2026-08-24,55.6294,2,2026-09-14,54.06,stop,-3.44,-3571,54.06,
v1_tc_val_100,NVTS,2026-08-04,12.69,1,2026-09-14,10.649999618530273,stop,-16.08,-8047,10.74,
v1_tc_val_100,SITM,2026-09-09,611.7321,2,2026-09-14,564.0,stop,-7.8,-8393,564.0,
v1_tc_val_33r,U11_SI,2026-04-23,36.19,1,2026-04-24,35.388947168651306,stop,-2.37,-1193,35.92,
v1_tc_val_33r,ASML,2026-04-23,1414.7101,1,2026-04-28,1387.9349727988995,stop,-1.89,-1904,1402.66,
v1_tc_val_33r,WRD,2026-05-04,7.84,1,2026-05-13,7.190000057220459,stop,-8.29,-4169,7.3,
v1_tc_val_33r,MSFT,2026-06-04,422.2811,2,2026-06-09,405.62,stop,-3.95,-4018,405.62,
v1_tc_val_33r,WRD,2026-06-18,6.1833,2,2026-06-23,5.849999904632568,stop,-5.39,-5637,6.03,
v1_tc_val_33r,AXTI,2026-06-23,77.91,1,2026-06-24,76.0,stop,-2.45,-1302,76.0,
v1_tc_val_33r,NVDA,2026-06-11,204.87,1,2026-06-25,194.51,stop,-5.06,-5072,194.51,
v1_tc_val_33r,SITM,2026-06-17,677.21,1,2026-06-26,633.32,stop,-6.48,-3333,633.32,
v1_tc_val_33r,BE,2026-06-11,248.88,1,2026-07-16,216.04,stop,-13.2,-13234,216.04,
v1_tc_val_33r,GOOG,2026-06-11,356.56,1,2026-07-23,319.12,stop,-10.5,-10531,319.12,
v1_tc_val_33r,NVDA,2026-06-29,194.97,1,2026-07-29,190.43,stop,-2.33,-2311,190.43,
v1_tc_val_33r,LITE,2026-07-31,713.94,1,2026-08-03,680.43,stop,-4.69,-2330,680.43,
v1_tc_val_33r,MU,2026-08-07,877.57,1,2026-08-11,854.22,stop,-2.66,-1344,854.22,
v1_tc_val_33r,ASML,2026-08-13,1847.9,1,2026-08-19,1768.73,stop,-4.29,-2247,1768.73,
v1_tc_val_33r,MU,2026-08-13,949.83,1,2026-08-24,891.66,stop,-6.12,-3211,891.66,
v1_tc_val_33r,IFX_DE,2026-08-24,55.6294,2,2026-09-14,54.06,stop,-3.44,-3571,54.06,
v1_tc_val_33r,NVTS,2026-08-04,12.69,1,2026-09-14,10.649999618530273,stop,-16.08,-8047,10.74,
v1_tc_val_33r,SITM,2026-09-09,611.7321,2,2026-09-14,564.0,stop,-7.8,-8393,564.0,
v1_tc_val_33s,U11_SI,2026-04-23,36.19,1,2026-04-24,35.388947168651306,stop,-2.37,-1193,35.92,
v1_tc_val_33s,ASML,2026-04-23,1414.7101,1,2026-04-28,1387.9349727988995,stop,-1.89,-1904,1402.66,
v1_tc_val_33s,WRD,2026-05-04,7.84,1,2026-05-13,7.190000057220459,stop,-8.29,-4169,7.3,
v1_tc_val_33s,MSFT,2026-06-04,422.2811,2,2026-06-09,405.62,stop,-3.95,-4018,405.62,
v1_tc_val_33s,WRD,2026-06-18,6.1833,2,2026-06-23,5.849999904632568,stop,-5.39,-5637,6.03,
v1_tc_val_33s,AXTI,2026-06-23,77.91,1,2026-06-24,76.0,stop,-2.45,-1302,76.0,
v1_tc_val_33s,NVDA,2026-06-11,204.87,1,2026-06-25,194.51,stop,-5.06,-5072,194.51,
v1_tc_val_33s,SITM,2026-06-17,677.21,1,2026-06-26,633.32,stop,-6.48,-3333,633.32,
v1_tc_val_33s,BE,2026-06-11,248.88,1,2026-07-16,216.04,stop,-13.2,-13234,216.04,
v1_tc_val_33s,GOOG,2026-06-11,356.56,1,2026-07-23,319.12,stop,-10.5,-10531,319.12,
v1_tc_val_33s,NVDA,2026-06-29,194.97,1,2026-07-29,190.43,stop,-2.33,-2311,190.43,
v1_tc_val_33s,LITE,2026-07-31,713.94,1,2026-08-03,680.43,stop,-4.69,-2330,680.43,
v1_tc_val_33s,MU,2026-08-07,877.57,1,2026-08-11,854.22,stop,-2.66,-1344,854.22,
v1_tc_val_33s,ASML,2026-08-13,1847.9,1,2026-08-19,1768.73,stop,-4.29,-2247,1768.73,
v1_tc_val_33s,MU,2026-08-13,949.83,1,2026-08-24,891.66,stop,-6.12,-3211,891.66,
v1_tc_val_33s,IFX_DE,2026-08-24,55.6294,2,2026-09-14,54.06,stop,-3.44,-3571,54.06,
v1_tc_val_33s,NVTS,2026-08-04,12.69,1,2026-09-14,10.649999618530273,stop,-16.08,-8047,10.74,
v1_tc_val_33s,SITM,2026-09-09,611.7321,2,2026-09-14,564.0,stop,-7.8,-8393,564.0,
v1_tc_val_50r,U11_SI,2026-04-23,36.19,1,2026-04-24,35.388947168651306,stop,-2.37,-1193,35.92,
v1_tc_val_50r,ASML,2026-04-23,1414.7101,1,2026-04-28,1387.9349727988995,stop,-1.89,-1904,1402.66,
v1_tc_val_50r,WRD,2026-05-04,7.84,1,2026-05-13,7.190000057220459,stop,-8.29,-4169,7.3,
v1_tc_val_50r,MSFT,2026-06-04,422.2811,2,2026-06-09,405.62,stop,-3.95,-4018,405.62,
v1_tc_val_50r,WRD,2026-06-18,6.1833,2,2026-06-23,5.849999904632568,stop,-5.39,-5637,6.03,
v1_tc_val_50r,AXTI,2026-06-23,77.91,1,2026-06-24,76.0,stop,-2.45,-1302,76.0,
v1_tc_val_50r,NVDA,2026-06-11,204.87,1,2026-06-25,194.51,stop,-5.06,-5072,194.51,
v1_tc_val_50r,SITM,2026-06-17,677.21,1,2026-06-26,633.32,stop,-6.48,-3333,633.32,
v1_tc_val_50r,BE,2026-06-11,248.88,1,2026-07-16,216.04,stop,-13.2,-13234,216.04,
v1_tc_val_50r,GOOG,2026-06-11,356.56,1,2026-07-23,319.12,stop,-10.5,-10531,319.12,
v1_tc_val_50r,NVDA,2026-06-29,194.97,1,2026-07-29,190.43,stop,-2.33,-2311,190.43,
v1_tc_val_50r,LITE,2026-07-31,713.94,1,2026-08-03,680.43,stop,-4.69,-2330,680.43,
v1_tc_val_50r,MU,2026-08-07,877.57,1,2026-08-11,854.22,stop,-2.66,-1344,854.22,
v1_tc_val_50r,ASML,2026-08-13,1847.9,1,2026-08-19,1768.73,stop,-4.29,-2247,1768.73,
v1_tc_val_50r,MU,2026-08-13,949.83,1,2026-08-24,891.66,stop,-6.12,-3211,891.66,
v1_tc_val_50r,IFX_DE,2026-08-24,55.6294,2,2026-09-14,54.06,stop,-3.44,-3571,54.06,
v1_tc_val_50r,NVTS,2026-08-04,12.69,1,2026-09-14,10.649999618530273,stop,-16.08,-8047,10.74,
v1_tc_val_50r,SITM,2026-09-09,611.7321,2,2026-09-14,564.0,stop,-7.8,-8393,564.0,
v1_tc_val_50s,U11_SI,2026-04-23,36.19,1,2026-04-24,35.388947168651306,stop,-2.37,-1193,35.92,
v1_tc_val_50s,ASML,2026-04-23,1414.7101,1,2026-04-28,1387.9349727988995,stop,-1.89,-1904,1402.66,
v1_tc_val_50s,WRD,2026-05-04,7.84,1,2026-05-13,7.190000057220459,stop,-8.29,-4169,7.3,
v1_tc_val_50s,MSFT,2026-06-04,422.2811,2,2026-06-09,405.62,stop,-3.95,-4018,405.62,
v1_tc_val_50s,WRD,2026-06-18,6.1833,2,2026-06-23,5.849999904632568,stop,-5.39,-5637,6.03,
v1_tc_val_50s,AXTI,2026-06-23,77.91,1,2026-06-24,76.0,stop,-2.45,-1302,76.0,
v1_tc_val_50s,NVDA,2026-06-11,204.87,1,2026-06-25,194.51,stop,-5.06,-5072,194.51,
v1_tc_val_50s,SITM,2026-06-17,677.21,1,2026-06-26,633.32,stop,-6.48,-3333,633.32,
v1_tc_val_50s,BE,2026-06-11,248.88,1,2026-07-16,216.04,stop,-13.2,-13234,216.04,
v1_tc_val_50s,GOOG,2026-06-11,356.56,1,2026-07-23,319.12,stop,-10.5,-10531,319.12,
v1_tc_val_50s,NVDA,2026-06-29,194.97,1,2026-07-29,190.43,stop,-2.33,-2311,190.43,
v1_tc_val_50s,LITE,2026-07-31,713.94,1,2026-08-03,680.43,stop,-4.69,-2330,680.43,
v1_tc_val_50s,MU,2026-08-07,877.57,1,2026-08-11,854.22,stop,-2.66,-1344,854.22,
v1_tc_val_50s,ASML,2026-08-13,1847.9,1,2026-08-19,1768.73,stop,-4.29,-2247,1768.73,
v1_tc_val_50s,MU,2026-08-13,949.83,1,2026-08-24,891.66,stop,-6.12,-3211,891.66,
v1_tc_val_50s,IFX_DE,2026-08-24,55.6294,2,2026-09-14,54.06,stop,-3.44,-3571,54.06,
v1_tc_val_50s,NVTS,2026-08-04,12.69,1,2026-09-14,10.649999618530273,stop,-16.08,-8047,10.74,
v1_tc_val_50s,SITM,2026-09-09,611.7321,2,2026-09-14,564.0,stop,-7.8,-8393,564.0,
v1_trail10,U11_SI,2026-04-23,36.19,1,2026-04-24,35.23,stop,-2.81,-1414,35.92,
v1_trail10,ASML,2026-04-23,1414.7101,1,2026-04-28,1387.9349727988995,stop,-1.89,-1904,1402.66,
v1_trail10,WRD,2026-05-04,7.84,1,2026-05-08,7.33,stop,-6.51,-3270,7.3,
v1_trail10,MSFT,2026-06-04,422.2811,2,2026-06-09,408.26144336727174,stop,-3.32,-3383,405.62,
v1_trail10,BE,2026-06-11,248.88,1,2026-06-12,246.0,stop,-1.16,-1162,216.04,
v1_trail10,NVDA,2026-06-11,204.87,1,2026-06-16,207.41,stop,1.24,1245,194.51,
v1_trail10,GOOG,2026-06-11,356.56,1,2026-06-17,362.22,stop,1.59,1594,319.12,
v1_trail10,AXTI,2026-06-23,77.91,1,2026-06-24,76.0,stop,-2.45,-1262,76.0,
v1_trail10,GOOG,2026-06-23,346.08,1,2026-06-24,343.63,stop,-0.71,-364,343.63,
v1_trail10,GOOG,2026-06-24,345.04,1,2026-06-25,336.70141725436105,stop,-2.42,-2443,343.63,
v1_trail10,SITM,2026-06-17,677.21,1,2026-06-26,653.8900146484375,stop,-3.44,-1745,633.32,
v1_trail10,NVDA,2026-06-29,194.97,1,2026-07-01,195.98069896251877,stop,0.52,518,190.43,
v1_trail10,MSFT,2026-06-30,378.5913,2,2026-07-06,380.89,stop,0.61,615,355.51,
v1_trail10,NVDA,2026-07-02,194.83,1,2026-07-06,194.20269428466304,stop,-0.32,-162,194.51,
v1_trail10,TSM,2026-04-20,365.3843,1,2026-07-13,423.37,stop,15.87,15870,353.74,
v1_trail10,NVDA,2026-07-14,211.8,1,2026-07-15,209.21,stop,-1.22,-1232,199.34,
v1_trail10,GOOG,2026-06-29,351.28,1,2026-07-16,369.14,stop,5.08,5078,319.12,
v1_trail10,WRD,2026-06-18,6.1849,2,2026-07-16,6.03,stop,-2.51,-2560,6.03,
v1_trail10,LITE,2026-07-31,713.94,1,2026-08-03,680.43,stop,-4.69,-2394,680.43,
v1_trail10,NOK,2026-08-03,9.36,1,2026-08-05,9.79,stop,4.59,2338,7.79,
v1_trail10,NVTS,2026-08-04,12.69,1,2026-08-05,12.270000457763672,stop,-3.31,-1684,10.74,
v1_trail10,NOK,2026-08-07,9.36,1,2026-08-10,9.26,stop,-1.07,-546,9.25,
v1_trail10,MU,2026-08-07,877.57,1,2026-08-11,854.22,stop,-2.66,-1359,854.22,
v1_trail10,AIXA_DE,2026-08-03,37.48,1,2026-08-13,42.4,stop,12.99,6612,32.41,
v1_trail10,BE,2026-08-11,211.21,1,2026-08-14,230.6,stop,9.18,4699,182.06,
v1_trail10,MU,2026-08-13,949.83,1,2026-08-18,957.0999755859375,stop,0.77,399,891.66,
v1_trail10,ASML,2026-08-13,1847.9,1,2026-08-19,1779.85,stop,-3.68,-1918,1768.73,
v1_trail10,000660_KS,2026-08-07,1420997.4102,2,2026-08-20,1612650.28614725,stop,15.55,15910,1246000.0,
v1_trail10,NVDA,2026-08-05,219.22,1,2026-08-24,207.58,stop,-5.31,-2705,205.65,
v1_trail10,NOK,2026-09-01,9.93,1,2026-09-02,9.78,stop,-1.51,-791,9.78,
v1_trail10,IFX_DE,2026-08-24,55.6259,2,2026-09-14,54.09,stop,-3.38,-3541,54.06,
v1_trail10,SITM,2026-09-09,611.8608,2,2026-09-14,595.0,stop,-2.76,-2892,564.0,
v1_wide10,U11_SI,2026-04-23,36.19,1,2026-04-24,35.15,stop,-3.03,-1525,35.15,
v1_wide10,WRD,2026-05-04,7.84,1,2026-05-13,7.190000057220459,stop,-8.29,-4186,7.3,
v1_wide10,MSFT,2026-06-04,422.2803,2,2026-06-09,398.58,stop,-5.61,-5929,398.58,
v1_wide10,WRD,2026-06-18,6.1829,2,2026-06-23,5.849999904632568,stop,-5.38,-5897,6.03,
v1_wide10,AXTI,2026-06-23,77.91,1,2026-06-25,65.02,stop,-16.55,-9219,65.02,
v1_wide10,SITM,2026-06-17,677.21,1,2026-07-02,609.15,stop,-10.05,-5367,609.15,
v1_wide_ext_100,U11_SI,2026-04-23,36.19,1,2026-04-24,35.15,stop,-3.03,-1525,35.15,
v1_wide_ext_100,WRD,2026-05-04,7.84,1,2026-05-05,7.630000114440918,caution_exit,-2.68,-1353,7.3,
v1_wide_ext_100,ASML,2026-04-23,1414.7101,1,2026-05-07,1516.5999755859375,caution_exit,7.2,7244,1314.33,
v1_wide_ext_100,MSFT,2026-06-04,422.2863,2,2026-06-09,398.58,stop,-5.61,-5857,398.58,
v1_wide_ext_100,TSM,2026-04-20,365.3843,1,2026-06-16,425.8299865722656,caution_exit,16.54,16543,330.99,
v1_wide_ext_100,WRD,2026-06-18,6.1838,2,2026-06-23,5.849999904632568,stop,-5.4,-5748,6.03,
v1_wide_ext_100,AXTI,2026-06-23,77.91,1,2026-06-25,65.02,stop,-16.54,-8903,65.02,
v1_wide_ext_100,BE,2026-06-11,248.88,1,2026-07-01,289.5,caution_exit,16.32,16660,147.23,
v1_wide_ext_100,SITM,2026-06-17,677.21,1,2026-07-01,703.8400268554688,caution_exit,3.93,2065,609.15,
v1_wide_ext_100,NVDA,2026-06-11,204.87,1,2026-08-06,218.99000549316406,caution_exit,6.89,7035,188.79,
v1_wide_ext_100,ASML,2026-08-13,1847.9,1,2026-08-18,1802.97998046875,caution_exit,-2.43,-1415,1714.78,
v1_wide_ext_100,LITE,2026-07-31,713.94,1,2026-08-21,866.7100219726562,caution_exit,21.4,11489,646.6,
v1_wide_ext_100,BE,2026-08-11,211.21,1,2026-09-08,277.2200012207031,caution_exit,31.25,17577,157.33,
v1_wide_ext_100,MU,2026-08-07,912.9951,2,2026-09-08,1000.260009765625,caution_exit,9.56,10913,804.0,
v1_wide_ext_100,NOK,2026-08-03,9.36,2,2026-09-14,9.649999618530273,caution_exit,3.1,3416,7.56,
v1_wide_ext_100,SITM,2026-09-09,611.7965,2,2026-09-14,558.3499755859375,caution_exit,-8.74,-10549,520.02,
v1_wide_ext_100,MSFT,2026-06-30,378.6101,2,2026-09-15,497.1199951171875,caution_exit,31.3,32427,355.51,
v1_wide_ext_100_all,U11_SI,2026-04-23,36.19,1,2026-04-24,35.15,stop,-3.03,-1832,35.15,
v1_wide_ext_100_all,WRD,2026-05-04,7.84,1,2026-05-05,7.630000114440918,caution_exit,-2.68,-1626,7.3,
v1_wide_ext_100_all,ASML,2026-04-23,1414.7101,1,2026-05-07,1516.5999755859375,caution_exit,7.2,8703,1314.33,
v1_wide_ext_100_all,MSFT,2026-06-04,422.2869,2,2026-06-09,398.58,stop,-5.61,-7087,398.58,
v1_wide_ext_100_all,TSM,2026-04-20,365.3843,1,2026-06-16,425.8299865722656,caution_exit,16.54,19852,330.99,
v1_wide_ext_100_all,WRD,2026-06-18,6.1834,2,2026-06-23,5.849999904632568,stop,-5.39,-6975,6.03,
v1_wide_ext_100_all,AXTI,2026-06-23,77.91,1,2026-06-25,65.02,stop,-16.54,-10837,65.02,
v1_wide_ext_100_all,BE,2026-06-11,248.88,1,2026-07-01,289.5,caution_exit,16.32,20072,147.23,
v1_wide_ext_100_all,SITM,2026-06-17,677.21,1,2026-07-01,703.8400268554688,caution_exit,3.93,2502,609.15,
v1_wide_ext_100_all,NVDA,2026-06-11,204.87,1,2026-08-06,218.99000549316406,caution_exit,6.89,8476,188.79,
v1_wide_ext_100_all,ASML,2026-08-13,1847.9,1,2026-08-18,1802.97998046875,caution_exit,-2.43,-1749,1714.78,
v1_wide_ext_100_all,LITE,2026-07-31,713.94,1,2026-08-21,866.7100219726562,caution_exit,21.4,13976,646.6,
v1_wide_ext_100_all,BE,2026-08-11,211.21,1,2026-09-08,277.2200012207031,caution_exit,31.25,21568,157.33,
v1_wide_ext_100_all,MU,2026-08-07,913.1343,2,2026-09-08,1000.260009765625,caution_exit,9.54,13407,804.0,
v1_wide_ext_100_all,NOK,2026-08-03,9.36,2,2026-09-14,9.649999618530273,caution_exit,3.1,4177,7.56,
v1_wide_ext_100_all,SITM,2026-08-28,573.782,2,2026-09-14,558.3499755859375,caution_exit,-2.69,-3990,520.02,
v1_wide_ext_100_all,MSFT,2026-06-30,378.6188,2,2026-09-15,497.1199951171875,caution_exit,31.3,39173,355.51,
v1_wide_ext_100_b12,U11_SI,2026-04-23,36.19,1,2026-04-24,35.15,stop,-3.03,-1832,35.15,
v1_wide_ext_100_b12,WRD,2026-05-04,7.84,1,2026-05-05,7.630000114440918,caution_exit,-2.68,-1626,7.3,
v1_wide_ext_100_b12,ASML,2026-04-23,1414.7101,1,2026-05-07,1516.5999755859375,caution_exit,7.2,8703,1314.33,
v1_wide_ext_100_b12,MSFT,2026-06-04,422.2869,2,2026-06-09,398.58,stop,-5.61,-7087,398.58,
v1_wide_ext_100_b12,TSM,2026-04-20,365.3843,1,2026-06-16,425.8299865722656,caution_exit,16.54,19852,330.99,
v1_wide_ext_100_b12,WRD,2026-06-18,6.1834,2,2026-06-23,5.849999904632568,stop,-5.39,-6975,6.03,
v1_wide_ext_100_b12,AXTI,2026-06-23,77.91,1,2026-06-25,65.02,stop,-16.54,-10837,65.02,
v1_wide_ext_100_b12,BE,2026-06-11,248.88,1,2026-07-01,289.5,caution_exit,16.32,20072,147.23,
v1_wide_ext_100_b12,SITM,2026-06-17,677.21,1,2026-07-01,703.8400268554688,caution_exit,3.93,2502,609.15,
v1_wide_ext_100_b12,NVDA,2026-06-11,204.87,1,2026-08-06,218.99000549316406,caution_exit,6.89,8476,188.79,
v1_wide_ext_100_b12,LITE,2026-07-31,713.94,1,2026-08-21,866.7100219726562,caution_exit,21.4,13976,646.6,
v1_wide_ext_100_b12,BE,2026-08-11,211.21,1,2026-09-08,277.2200012207031,caution_exit,31.25,19083,157.33,
v1_wide_ext_100_b12,MU,2026-08-07,877.57,1,2026-09-08,1000.260009765625,caution_exit,13.98,9588,804.0,
v1_wide_ext_100_b12,NOK,2026-08-03,9.36,2,2026-09-14,9.649999618530273,caution_exit,3.1,4177,7.56,
v1_wide_ext_100_b12,SITM,2026-09-09,611.8376,2,2026-09-14,558.3499755859375,caution_exit,-8.74,-13047,520.02,
v1_wide_ext_100_b12,MSFT,2026-06-30,378.6188,2,2026-09-15,497.1199951171875,caution_exit,31.3,39173,355.51,
v1_wide_ext_100_b30,U11_SI,2026-04-23,36.19,1,2026-04-24,35.15,stop,-3.03,-4627,35.15,
v1_wide_ext_100_b30,ASML,2026-04-23,1414.7101,1,2026-05-07,1516.5999755859375,caution_exit,7.2,21982,1314.33,
v1_wide_ext_100_b30,MSFT,2026-06-04,422.4816,2,2026-06-09,398.58,stop,-5.66,-18511,398.58,
v1_wide_ext_100_b30,TSM,2026-04-20,365.3843,1,2026-06-16,425.8299865722656,caution_exit,16.54,49629,330.99,
v1_wide_ext_100_b30,WRD,2026-06-18,6.35,1,2026-06-23,5.849999904632568,stop,-7.87,-13537,6.03,
v1_wide_ext_100_b30,AXTI,2026-06-23,77.91,1,2026-06-25,65.02,stop,-16.54,-27493,65.02,
v1_wide_ext_100_b30,BE,2026-06-11,248.88,1,2026-07-01,289.5,caution_exit,16.32,50380,147.23,
v1_wide_ext_100_b30,SITM,2026-06-17,677.21,1,2026-07-01,703.8400268554688,caution_exit,3.93,6682,609.15,
v1_wide_ext_100_b30,NVDA,2026-07-02,203.1257,2,2026-07-29,190.73,stop,-6.1,-20877,190.73,
v1_wide_ext_100_b30,LITE,2026-07-31,713.94,1,2026-08-21,866.7100219726562,caution_exit,21.4,37134,646.6,
v1_wide_ext_100_b30,NOK,2026-08-03,9.36,1,2026-09-14,9.649999618530273,caution_exit,3.1,5162,7.56,
v1_wide_extthesis_100,U11_SI,2026-04-23,36.19,1,2026-04-24,35.15,stop,-3.03,-1525,35.15,
v1_wide_extthesis_100,WRD,2026-05-04,7.84,1,2026-05-05,7.630000114440918,caution_exit,-2.68,-1353,7.3,
v1_wide_extthesis_100,ASML,2026-04-23,1414.7101,1,2026-05-07,1516.5999755859375,caution_exit,7.2,7244,1314.33,
v1_wide_extthesis_100,MSFT,2026-06-04,422.2863,2,2026-06-09,398.58,stop,-5.61,-5857,398.58,
v1_wide_extthesis_100,TSM,2026-04-20,365.3843,1,2026-06-10,407.7950134277344,caution_exit,11.61,11607,330.99,
v1_wide_extthesis_100,BE,2026-06-11,248.88,1,2026-06-15,274.5,caution_exit,10.29,10508,147.23,
v1_wide_extthesis_100,SITM,2026-06-17,677.21,1,2026-06-18,729.0399780273438,caution_exit,7.65,3991,609.15,
v1_wide_extthesis_100,WRD,2026-06-18,6.1852,2,2026-06-23,5.849999904632568,stop,-5.42,-5671,6.03,
v1_wide_extthesis_100,AXTI,2026-06-23,77.91,1,2026-06-25,65.02,stop,-16.54,-8605,65.02,
v1_wide_extthesis_100,D05_SI,2026-04-23,56.1639,2,2026-07-02,66.43000030517578,caution_exit,16.56,16629,52.99,
v1_wide_extthesis_100,O39_SI,2026-04-27,21.6,1,2026-07-02,25.079999923706055,caution_exit,14.46,7299,20.44,
v1_wide_extthesis_100,NVDA,2026-06-11,204.87,1,2026-08-06,218.99000549316406,caution_exit,6.89,7035,188.79,
v1_wide_extthesis_100,ASML,2026-08-13,1847.9,1,2026-08-18,1802.97998046875,caution_exit,-2.43,-1365,1714.78,
v1_wide_extthesis_100,LITE,2026-07-31,713.94,1,2026-08-21,866.7100219726562,caution_exit,21.4,11149,646.6,
v1_wide_extthesis_100,BE,2026-08-11,211.21,1,2026-09-08,277.2200012207031,caution_exit,31.25,16966,157.33,
v1_wide_extthesis_100,MU,2026-08-07,912.9025,2,2026-09-08,1000.260009765625,caution_exit,9.57,10562,804.0,
v1_wide_extthesis_100,NOK,2026-08-03,9.36,2,2026-09-14,9.649999618530273,caution_exit,3.1,3315,7.56,
v1_wide_extthesis_100,SITM,2026-08-28,573.6773,2,2026-09-14,558.3499755859375,caution_exit,-2.67,-3062,520.02,
v1_wide_extthesis_100,MSFT,2026-06-30,378.5719,2,2026-09-15,497.1199951171875,caution_exit,31.31,32115,355.51,
v1_wide_extthesis_100_all,U11_SI,2026-04-23,36.19,1,2026-04-24,35.15,stop,-3.03,-2294,35.15,
v1_wide_extthesis_100_all,WRD,2026-05-04,7.84,1,2026-05-05,7.630000114440918,caution_exit,-2.68,-2039,7.3,
v1_wide_extthesis_100_all,ASML,2026-04-23,1414.7101,1,2026-05-07,1516.5999755859375,caution_exit,7.2,10897,1314.33,
v1_wide_extthesis_100_all,MSFT,2026-06-04,422.2878,2,2026-06-09,398.58,stop,-5.61,-8969,398.58,
v1_wide_extthesis_100_all,TSM,2026-04-20,365.3843,1,2026-06-10,407.7950134277344,caution_exit,11.61,17411,330.99,
v1_wide_extthesis_100_all,BE,2026-06-11,248.88,1,2026-06-15,274.5,caution_exit,10.29,15920,147.23,
v1_wide_extthesis_100_all,SITM,2026-06-17,677.21,1,2026-06-18,729.0399780273438,caution_exit,7.65,6110,609.15,
v1_wide_extthesis_100_all,WRD,2026-06-18,6.1848,2,2026-06-23,5.849999904632568,stop,-5.41,-8689,6.03,
v1_wide_extthesis_100_all,AXTI,2026-06-23,77.91,1,2026-06-25,65.02,stop,-16.54,-13158,65.02,
v1_wide_extthesis_100_all,D05_SI,2026-04-23,56.164,2,2026-07-02,66.43000030517578,caution_exit,16.56,24994,52.99,
v1_wide_extthesis_100_all,O39_SI,2026-04-27,21.6,1,2026-07-02,25.079999923706055,caution_exit,14.46,11002,20.44,
v1_wide_extthesis_100_all,NVDA,2026-06-11,204.87,1,2026-08-06,218.99000549316406,caution_exit,6.89,10659,188.79,
v1_wide_extthesis_100_all,ASML,2026-08-13,1847.9,1,2026-08-18,1802.97998046875,caution_exit,-2.43,-2165,1714.78,
v1_wide_extthesis_100_all,LITE,2026-07-31,713.94,1,2026-08-21,866.7100219726562,caution_exit,21.4,17061,646.6,
v1_wide_extthesis_100_all,BE,2026-08-11,211.21,1,2026-09-08,277.2200012207031,caution_exit,31.25,26473,157.33,
v1_wide_extthesis_100_all,MU,2026-08-07,913.2077,2,2026-09-08,1000.260009765625,caution_exit,9.53,16551,804.0,
v1_wide_extthesis_100_all,NOK,2026-08-03,9.36,2,2026-09-14,9.649999618530273,caution_exit,3.1,5136,7.56,
v1_wide_extthesis_100_all,SITM,2026-08-28,573.7996,2,2026-09-14,558.3499755859375,caution_exit,-2.69,-4943,520.02,
v1_wide_extthesis_100_all,MSFT,2026-06-30,378.5748,2,2026-09-15,497.1199951171875,caution_exit,31.31,48757,355.51,
v1_wide_extthesis_100_b15,U11_SI,2026-04-23,36.19,1,2026-04-24,35.15,stop,-3.03,-2294,35.15,
v1_wide_extthesis_100_b15,WRD,2026-05-04,7.84,1,2026-05-05,7.630000114440918,caution_exit,-2.68,-2039,7.3,
v1_wide_extthesis_100_b15,ASML,2026-04-23,1414.7101,1,2026-05-07,1516.5999755859375,caution_exit,7.2,10897,1314.33,
v1_wide_extthesis_100_b15,MSFT,2026-06-04,422.2878,2,2026-06-09,398.58,stop,-5.61,-8969,398.58,
v1_wide_extthesis_100_b15,TSM,2026-04-20,365.3843,1,2026-06-10,407.7950134277344,caution_exit,11.61,17411,330.99,
v1_wide_extthesis_100_b15,BE,2026-06-11,248.88,1,2026-06-15,274.5,caution_exit,10.29,15920,147.23,
v1_wide_extthesis_100_b15,SITM,2026-06-17,677.21,1,2026-06-18,729.0399780273438,caution_exit,7.65,6110,609.15,
v1_wide_extthesis_100_b15,WRD,2026-06-18,6.1848,2,2026-06-23,5.849999904632568,stop,-5.41,-8689,6.03,
v1_wide_extthesis_100_b15,AXTI,2026-06-23,77.91,1,2026-06-25,65.02,stop,-16.54,-13158,65.02,
v1_wide_extthesis_100_b15,D05_SI,2026-04-23,56.164,2,2026-07-02,66.43000030517578,caution_exit,16.56,24994,52.99,
v1_wide_extthesis_100_b15,O39_SI,2026-04-27,21.6,1,2026-07-02,25.079999923706055,caution_exit,14.46,11002,20.44,
v1_wide_extthesis_100_b15,NVDA,2026-06-11,204.87,1,2026-08-06,218.99000549316406,caution_exit,6.89,10659,188.79,
v1_wide_extthesis_100_b15,LITE,2026-07-31,713.94,1,2026-08-21,866.7100219726562,caution_exit,21.4,17061,646.6,
v1_wide_extthesis_100_b15,BE,2026-08-11,211.21,1,2026-09-08,277.2200012207031,caution_exit,31.25,26473,157.33,
v1_wide_extthesis_100_b15,MU,2026-08-07,877.57,1,2026-09-08,1000.260009765625,caution_exit,13.98,11822,804.0,
v1_wide_extthesis_100_b15,NOK,2026-08-03,9.36,2,2026-09-14,9.649999618530273,caution_exit,3.1,5136,7.56,
v1_wide_extthesis_100_b15,SITM,2026-09-09,611.8596,2,2026-09-14,558.3499755859375,caution_exit,-8.75,-16174,520.02,
v1_wide_extthesis_100_b15,MSFT,2026-06-30,378.5748,2,2026-09-15,497.1199951171875,caution_exit,31.31,48757,355.51,
v1_wide_extthesis_100_b15_fees,U11_SI,2026-04-23,36.1972,1,2026-04-24,35.14297,stop,-3.37,-2547,35.15,224.0
v1_wide_extthesis_100_b15_fees,WRD,2026-05-04,7.8439,1,2026-05-05,7.626185114383698,caution_exit,-2.87,-2182,7.3,71.0
v1_wide_extthesis_100_b15_fees,ASML,2026-04-23,1414.993,1,2026-05-07,1516.2966555908204,caution_exit,7.15,10822,1314.33,10.0
v1_wide_extthesis_100_b15_fees,MSFT,2026-06-04,422.3723,2,2026-06-09,398.50028399999997,stop,-5.66,-9035,398.58,13.0
v1_wide_extthesis_100_b15_fees,TSM,2026-04-20,365.4574,1,2026-06-10,407.71345442504884,caution_exit,11.56,17334,330.99,10.0
v1_wide_extthesis_100_b15_fees,BE,2026-06-11,248.9298,1,2026-06-15,274.4451,caution_exit,10.24,15826,147.23,10.0
v1_wide_extthesis_100_b15_fees,SITM,2026-06-17,677.5486,1,2026-06-18,728.6754580383301,caution_exit,7.54,6009,609.15,8.0
v1_wide_extthesis_100_b15_fees,WRD,2026-06-18,6.1879,2,2026-06-23,5.847074904680253,stop,-5.63,-9020,6.03,190.0
v1_wide_extthesis_100_b15_fees,AXTI,2026-06-23,77.949,1,2026-06-25,64.98749,stop,-16.64,-13213,65.02,9.0
v1_wide_extthesis_100_b15_fees,D05_SI,2026-04-23,56.1752,2,2026-07-02,66.41671430511475,caution_exit,16.21,24453,52.99,464.0
v1_wide_extthesis_100_b15_fees,O39_SI,2026-04-27,21.6043,1,2026-07-02,25.074983923721312,caution_exit,14.09,10719,20.44,242.0
v1_wide_extthesis_100_b15_fees,NVDA,2026-06-11,204.911,1,2026-08-06,218.94620749206544,caution_exit,6.84,10572,188.79,10.0
v1_wide_extthesis_100_b15_fees,LITE,2026-07-31,714.0828,1,2026-08-21,866.5366799682618,caution_exit,21.34,16978,646.6,9.0
v1_wide_extthesis_100_b15_fees,BE,2026-08-11,211.2522,1,2026-09-08,277.164557220459,caution_exit,31.19,26355,157.33,9.0
v1_wide_extthesis_100_b15_fees,MU,2026-08-07,877.7455,1,2026-09-08,1000.059957763672,caution_exit,13.93,11749,804.0,8.0
v1_wide_extthesis_100_b15_fees,NOK,2026-08-03,9.3619,2,2026-09-14,9.648069618606568,caution_exit,2.98,4926,7.56,131.0
v1_wide_extthesis_100_b15_fees,SITM,2026-09-09,612.165,2,2026-09-14,558.0708005981446,caution_exit,-8.84,-16312,520.02,13.0
v1_wide_extthesis_100_b15_fees,MSFT,2026-06-30,378.6504,2,2026-09-15,497.02057111816407,caution_exit,31.25,48584,355.51,14.0
v1_wide_extthesis_100_b15_lc,U11_SI,2026-04-23,36.19,1,2026-04-24,35.15,stop,-3.03,-2294,35.15,
v1_wide_extthesis_100_b15_lc,ASML,2026-04-23,1414.7101,1,2026-05-07,1516.5999755859375,caution_exit,7.2,10897,1314.33,
v1_wide_extthesis_100_b15_lc,MSFT,2026-06-04,422.2878,2,2026-06-09,398.58,stop,-5.61,-8986,398.58,
v1_wide_extthesis_100_b15_lc,TSM,2026-04-20,365.3843,1,2026-06-10,407.7950134277344,caution_exit,11.61,17411,330.99,
v1_wide_extthesis_100_b15_lc,BE,2026-06-11,248.88,1,2026-06-15,274.5,caution_exit,10.29,15951,147.23,
v1_wide_extthesis_100_b15_lc,D05_SI,2026-04-23,56.164,2,2026-07-02,66.43000030517578,caution_exit,16.56,24994,52.99,
v1_wide_extthesis_100_b15_lc,O39_SI,2026-04-27,21.6,1,2026-07-02,25.079999923706055,caution_exit,14.46,11002,20.44,
v1_wide_extthesis_100_b15_lc,NVDA,2026-06-11,204.87,1,2026-08-06,218.99000549316406,caution_exit,6.89,10680,188.79,
v1_wide_extthesis_100_b15_lc,ASML,2026-08-13,1847.9,1,2026-08-18,1802.97998046875,caution_exit,-2.43,-2164,1714.78,
v1_wide_extthesis_100_b15_lc,LITE,2026-07-31,713.94,1,2026-08-21,866.7100219726562,caution_exit,21.4,17354,646.6,
v1_wide_extthesis_100_b15_lc,BE,2026-08-11,211.21,1,2026-09-08,277.2200012207031,caution_exit,31.25,26687,157.33,
v1_wide_extthesis_100_b15_lc,MU,2026-08-07,911.9943,2,2026-09-08,1000.260009765625,caution_exit,9.68,16491,804.0,
v1_wide_extthesis_100_b15_lc,NOK,2026-08-03,9.36,2,2026-09-14,9.649999618530273,caution_exit,3.1,5219,7.56,
v1_wide_extthesis_100_b15_lc,MSFT,2026-06-30,378.5746,2,2026-09-15,497.1199951171875,caution_exit,31.31,49592,355.51,
v1_wide_extthesis_100_b15_lev,U11_SI,2026-04-23,36.19,1,2026-04-24,35.15,stop,-3.03,-2294,35.15,
v1_wide_extthesis_100_b15_lev,WRD,2026-05-04,7.84,1,2026-05-05,7.630000114440918,caution_exit,-2.68,-2039,7.3,
v1_wide_extthesis_100_b15_lev,ASML,2026-04-23,1414.7101,1,2026-05-07,1516.5999755859375,caution_exit,7.2,10897,1314.33,
v1_wide_extthesis_100_b15_lev,MSFT,2026-06-04,422.2878,2,2026-06-09,398.58,stop,-5.61,-8969,398.58,
v1_wide_extthesis_100_b15_lev,TSM,2026-04-20,365.3843,1,2026-06-10,407.7950134277344,caution_exit,11.61,17411,330.99,
v1_wide_extthesis_100_b15_lev,BE,2026-06-11,248.88,1,2026-06-15,274.5,caution_exit,10.29,15920,147.23,
v1_wide_extthesis_100_b15_lev,SITM,2026-06-17,677.21,1,2026-06-18,729.0399780273438,caution_exit,7.65,6110,609.15,
v1_wide_extthesis_100_b15_lev,WRD,2026-06-18,6.1848,2,2026-06-23,5.849999904632568,stop,-5.41,-8689,6.03,
v1_wide_extthesis_100_b15_lev,AXTI,2026-06-23,77.91,1,2026-06-25,65.02,stop,-16.54,-13158,65.02,
v1_wide_extthesis_100_b15_lev,D05_SI,2026-04-23,56.164,2,2026-07-02,66.43000030517578,caution_exit,16.56,24994,52.99,
v1_wide_extthesis_100_b15_lev,O39_SI,2026-04-27,21.6,1,2026-07-02,25.079999923706055,caution_exit,14.46,11002,20.44,
v1_wide_extthesis_100_b15_lev,NVDA,2026-06-11,204.87,1,2026-08-06,218.99000549316406,caution_exit,6.89,10659,188.79,
v1_wide_extthesis_100_b15_lev,LITE,2026-07-31,713.94,1,2026-08-21,866.7100219726562,caution_exit,21.4,17061,646.6,
v1_wide_extthesis_100_b15_lev,BE,2026-08-11,211.21,1,2026-09-08,277.2200012207031,caution_exit,31.25,26473,157.33,
v1_wide_extthesis_100_b15_lev,MU,2026-08-07,877.57,1,2026-09-08,1000.260009765625,caution_exit,13.98,11822,804.0,
v1_wide_extthesis_100_b15_lev,NOK,2026-08-03,9.36,2,2026-09-14,9.649999618530273,caution_exit,3.1,5136,7.56,
v1_wide_extthesis_100_b15_lev,SITM,2026-09-09,611.8596,2,2026-09-14,558.3499755859375,caution_exit,-8.75,-16174,520.02,
v1_wide_extthesis_100_b15_lev,MSFT,2026-06-30,378.5748,2,2026-09-15,497.1199951171875,caution_exit,31.31,48757,355.51,
v1_wide_extthesis_100_b15_pr,U11_SI,2026-04-23,36.19,1,2026-04-24,35.15,stop,-3.03,-2294,35.15,
v1_wide_extthesis_100_b15_pr,WRD,2026-05-04,7.84,1,2026-05-05,7.630000114440918,caution_exit,-2.68,-2039,7.3,
v1_wide_extthesis_100_b15_pr,ASML,2026-04-23,1414.7101,1,2026-05-07,1516.5999755859375,caution_exit,7.2,10897,1314.33,
v1_wide_extthesis_100_b15_pr,MSFT,2026-06-04,422.2878,2,2026-06-09,398.58,stop,-5.61,-8969,398.58,
v1_wide_extthesis_100_b15_pr,TSM,2026-04-20,365.3843,1,2026-06-10,407.7950134277344,caution_exit,11.61,17411,330.99,
v1_wide_extthesis_100_b15_pr,BE,2026-06-11,248.88,1,2026-06-15,274.5,caution_exit,10.29,15920,147.23,
v1_wide_extthesis_100_b15_pr,SITM,2026-06-17,677.21,1,2026-06-18,729.0399780273438,caution_exit,7.65,6110,609.15,
v1_wide_extthesis_100_b15_pr,WRD,2026-06-18,6.1848,2,2026-06-23,5.849999904632568,stop,-5.41,-8689,6.03,
v1_wide_extthesis_100_b15_pr,AXTI,2026-06-23,77.91,1,2026-06-25,65.02,stop,-16.54,-13158,65.02,
v1_wide_extthesis_100_b15_pr,D05_SI,2026-04-23,56.164,2,2026-07-02,66.43000030517578,caution_exit,16.56,24994,52.99,
v1_wide_extthesis_100_b15_pr,O39_SI,2026-04-27,21.6,1,2026-07-02,25.079999923706055,caution_exit,14.46,11002,20.44,
v1_wide_extthesis_100_b15_pr,NVDA,2026-06-11,204.87,1,2026-08-06,218.99000549316406,caution_exit,6.89,10659,188.79,
v1_wide_extthesis_100_b15_pr,LITE,2026-07-31,713.94,1,2026-08-21,866.7100219726562,caution_exit,21.4,17061,646.6,
v1_wide_extthesis_100_b15_pr,BE,2026-08-11,211.21,1,2026-09-08,277.2200012207031,caution_exit,31.25,26473,157.33,
v1_wide_extthesis_100_b15_pr,MU,2026-08-07,877.57,1,2026-09-08,1000.260009765625,caution_exit,13.98,11822,804.0,
v1_wide_extthesis_100_b15_pr,NOK,2026-08-03,9.36,2,2026-09-14,9.649999618530273,caution_exit,3.1,5136,7.56,
v1_wide_extthesis_100_b15_pr,SITM,2026-09-09,611.8522,2,2026-09-14,558.3499755859375,caution_exit,-8.74,-16195,520.02,
v1_wide_extthesis_100_b15_pr,MSFT,2026-06-30,378.5748,2,2026-09-15,497.1199951171875,caution_exit,31.31,48757,355.51,
v1_wide_extthesis_100_b15_rot,U11_SI,2026-04-23,36.19,1,2026-04-24,35.15,stop,-3.03,-2294,35.15,
v1_wide_extthesis_100_b15_rot,WRD,2026-05-04,7.84,1,2026-05-05,7.630000114440918,caution_exit,-2.68,-2039,7.3,
v1_wide_extthesis_100_b15_rot,ASML,2026-04-23,1414.7101,1,2026-05-07,1516.5999755859375,caution_exit,7.2,10897,1314.33,
v1_wide_extthesis_100_b15_rot,MSFT,2026-06-04,422.2878,2,2026-06-09,398.58,stop,-5.61,-8969,398.58,
v1_wide_extthesis_100_b15_rot,TSM,2026-04-20,365.3843,1,2026-06-10,407.7950134277344,caution_exit,11.61,17411,330.99,
v1_wide_extthesis_100_b15_rot,BE,2026-06-11,248.88,1,2026-06-15,274.5,caution_exit,10.29,15920,147.23,
v1_wide_extthesis_100_b15_rot,SITM,2026-06-17,677.21,1,2026-06-18,729.0399780273438,caution_exit,7.65,6110,609.15,
v1_wide_extthesis_100_b15_rot,WRD,2026-06-18,6.1848,2,2026-06-23,5.849999904632568,stop,-5.41,-8689,6.03,
v1_wide_extthesis_100_b15_rot,AXTI,2026-06-23,77.91,1,2026-06-25,65.02,stop,-16.54,-13158,65.02,
v1_wide_extthesis_100_b15_rot,D05_SI,2026-04-23,56.164,2,2026-07-02,66.43000030517578,caution_exit,16.56,24994,52.99,
v1_wide_extthesis_100_b15_rot,O39_SI,2026-04-27,21.6,1,2026-07-02,25.079999923706055,caution_exit,14.46,11002,20.44,
v1_wide_extthesis_100_b15_rot,NVDA,2026-06-11,204.87,1,2026-08-06,218.99000549316406,caution_exit,6.89,10659,188.79,
v1_wide_extthesis_100_b15_rot,GOOG,2026-06-11,356.56,1,2026-08-13,343.71685791015625,rotation_exit,-3.6,-5570,308.38,
v1_wide_extthesis_100_b15_rot,ASML,2026-08-13,1847.9,1,2026-08-18,1802.97998046875,caution_exit,-2.43,-2166,1714.78,
v1_wide_extthesis_100_b15_rot,LITE,2026-07-31,713.94,1,2026-08-21,866.7100219726562,caution_exit,21.4,17061,646.6,
v1_wide_extthesis_100_b15_rot,NVTS,2026-08-04,12.69,1,2026-08-28,11.489999771118164,rotation_exit,-9.46,-7879,9.03,
v1_wide_extthesis_100_b15_rot,BE,2026-08-11,211.21,1,2026-09-08,277.2200012207031,caution_exit,31.25,26473,157.33,
v1_wide_extthesis_100_b15_rot,MU,2026-08-07,906.7049,2,2026-09-08,1000.260009765625,caution_exit,10.32,15105,804.0,
v1_wide_extthesis_100_b15_rot,NOK,2026-08-03,9.36,2,2026-09-14,9.649999618530273,caution_exit,3.1,5136,7.56,
v1_wide_extthesis_100_b15_rot,SITM,2026-08-28,576.5932,3,2026-09-14,558.3499755859375,caution_exit,-3.16,-5801,520.02,
v1_wide_extthesis_100_b15_rot,MSFT,2026-06-30,378.5748,2,2026-09-15,497.1199951171875,caution_exit,31.31,48757,355.51,
v1_wide_extthesis_100_b15_rot_ow,U11_SI,2026-04-23,36.19,1,2026-04-24,35.15,stop,-3.03,-2294,35.15,
v1_wide_extthesis_100_b15_rot_ow,WRD,2026-05-04,7.84,1,2026-05-05,7.630000114440918,caution_exit,-2.68,-2039,7.3,
v1_wide_extthesis_100_b15_rot_ow,ASML,2026-04-23,1414.7101,1,2026-05-07,1516.5999755859375,caution_exit,7.2,10897,1314.33,
v1_wide_extthesis_100_b15_rot_ow,MSFT,2026-06-04,422.2878,2,2026-06-09,398.58,stop,-5.61,-8969,398.58,
v1_wide_extthesis_100_b15_rot_ow,TSM,2026-04-20,365.3843,1,2026-06-10,407.7950134277344,caution_exit,11.61,17411,330.99,
v1_wide_extthesis_100_b15_rot_ow,BE,2026-06-11,248.88,1,2026-06-15,274.5,caution_exit,10.29,15920,147.23,
v1_wide_extthesis_100_b15_rot_ow,SITM,2026-06-17,677.21,1,2026-06-18,729.0399780273438,caution_exit,7.65,6110,609.15,
v1_wide_extthesis_100_b15_rot_ow,WRD,2026-06-18,6.1848,2,2026-06-23,5.849999904632568,stop,-5.41,-8689,6.03,
v1_wide_extthesis_100_b15_rot_ow,AXTI,2026-06-23,77.91,1,2026-06-25,65.02,stop,-16.54,-13158,65.02,
v1_wide_extthesis_100_b15_rot_ow,D05_SI,2026-04-23,56.164,2,2026-07-02,66.43000030517578,caution_exit,16.56,24994,52.99,
v1_wide_extthesis_100_b15_rot_ow,O39_SI,2026-04-27,21.6,1,2026-07-02,25.079999923706055,caution_exit,14.46,11002,20.44,
v1_wide_extthesis_100_b15_rot_ow,NVDA,2026-06-11,204.87,1,2026-08-06,218.99000549316406,caution_exit,6.89,10659,188.79,
v1_wide_extthesis_100_b15_rot_ow,ASML,2026-08-13,1847.9,1,2026-08-18,1802.97998046875,caution_exit,-2.43,-1207,1714.78,
v1_wide_extthesis_100_b15_rot_ow,LITE,2026-07-31,713.94,1,2026-08-21,866.7100219726562,caution_exit,21.4,17061,646.6,
v1_wide_extthesis_100_b15_rot_ow,BE,2026-08-11,211.21,1,2026-09-08,277.2200012207031,caution_exit,31.25,26473,157.33,
v1_wide_extthesis_100_b15_rot_ow,MU,2026-08-07,877.57,1,2026-09-08,1000.260009765625,caution_exit,13.98,11822,804.0,
v1_wide_extthesis_100_b15_rot_ow,SITM,2026-08-28,599.4057,3,2026-09-14,558.3499755859375,caution_exit,-6.85,-12610,520.02,
v1_wide_extthesis_100_b15_rot_top20,U11_SI,2026-04-23,36.19,1,2026-04-24,35.15,stop,-3.03,-2294,35.15,
v1_wide_extthesis_100_b15_rot_top20,WRD,2026-05-04,7.84,1,2026-05-05,7.630000114440918,caution_exit,-2.68,-2039,7.3,
v1_wide_extthesis_100_b15_rot_top20,ASML,2026-04-23,1414.7101,1,2026-05-07,1516.5999755859375,caution_exit,7.2,10897,1314.33,
v1_wide_extthesis_100_b15_rot_top20,MSFT,2026-06-04,422.2878,2,2026-06-09,398.58,stop,-5.61,-8969,398.58,
v1_wide_extthesis_100_b15_rot_top20,TSM,2026-04-20,365.3843,1,2026-06-10,407.7950134277344,caution_exit,11.61,17411,330.99,
v1_wide_extthesis_100_b15_rot_top20,BE,2026-06-11,248.88,1,2026-06-15,274.5,caution_exit,10.29,15920,147.23,
v1_wide_extthesis_100_b15_rot_top20,SITM,2026-06-17,677.21,1,2026-06-18,729.0399780273438,caution_exit,7.65,6110,609.15,
v1_wide_extthesis_100_b15_rot_top20,WRD,2026-06-18,6.1848,2,2026-06-23,5.849999904632568,stop,-5.41,-8689,6.03,
v1_wide_extthesis_100_b15_rot_top20,AXTI,2026-06-23,77.91,1,2026-06-25,65.02,stop,-16.54,-13158,65.02,
v1_wide_extthesis_100_b15_rot_top20,D05_SI,2026-04-23,56.164,2,2026-07-02,66.43000030517578,caution_exit,16.56,24994,52.99,
v1_wide_extthesis_100_b15_rot_top20,O39_SI,2026-04-27,21.6,1,2026-07-02,25.079999923706055,caution_exit,14.46,11002,20.44,
v1_wide_extthesis_100_b15_rot_top20,NVDA,2026-06-11,204.87,1,2026-08-06,218.99000549316406,caution_exit,6.89,10659,188.79,
v1_wide_extthesis_100_b15_rot_top20,LITE,2026-07-31,713.94,1,2026-08-13,880.4099731445312,rotation_exit,23.32,18591,646.6,
v1_wide_extthesis_100_b15_rot_top20,ASML,2026-08-13,1847.9,1,2026-08-18,1802.97998046875,caution_exit,-2.43,-2154,1714.78,
v1_wide_extthesis_100_b15_rot_top20,MSFT,2026-06-30,378.5748,2,2026-08-24,487.30999755859375,rotation_exit,28.72,44723,355.51,
v1_wide_extthesis_100_b15_rot_top20,BE,2026-08-11,211.21,1,2026-09-08,277.2200012207031,caution_exit,31.25,26473,157.33,
v1_wide_extthesis_100_b15_rot_top20,MU,2026-08-07,877.57,1,2026-09-08,1000.260009765625,caution_exit,13.98,11822,804.0,
v1_wide_extthesis_100_b15_rot_top20,NOK,2026-08-03,9.36,2,2026-09-14,9.649999618530273,caution_exit,3.1,5136,7.56,
v1_wide_extthesis_100_b15_rot_top20,SITM,2026-08-28,597.2143,3,2026-09-14,558.3499755859375,caution_exit,-6.51,-12000,520.02,
v1_wide_extthesis_100_b15_rt,U11_SI,2026-04-23,36.19,1,2026-04-24,35.15,stop,-3.03,-2294,35.15,
v1_wide_extthesis_100_b15_rt,WRD,2026-05-04,7.84,1,2026-05-05,7.630000114440918,caution_exit,-2.68,-2039,7.3,
v1_wide_extthesis_100_b15_rt,ASML,2026-04-23,1414.7101,1,2026-05-07,1516.5999755859375,caution_exit,7.2,10897,1314.33,
v1_wide_extthesis_100_b15_rt,MSFT,2026-06-04,422.2878,2,2026-06-09,398.58,stop,-5.61,-8969,398.58,
v1_wide_extthesis_100_b15_rt,TSM,2026-04-20,365.3843,1,2026-06-10,407.7950134277344,caution_exit,11.61,17411,330.99,
v1_wide_extthesis_100_b15_rt,BE,2026-06-11,248.88,1,2026-06-15,274.5,caution_exit,10.29,15920,147.23,
v1_wide_extthesis_100_b15_rt,SITM,2026-06-17,677.21,1,2026-06-18,729.0399780273438,caution_exit,7.65,6110,609.15,
v1_wide_extthesis_100_b15_rt,WRD,2026-06-18,6.1848,2,2026-06-23,5.849999904632568,stop,-5.41,-8689,6.03,
v1_wide_extthesis_100_b15_rt,AXTI,2026-06-23,77.91,1,2026-06-25,65.02,stop,-16.54,-13158,65.02,
v1_wide_extthesis_100_b15_rt,D05_SI,2026-04-23,56.164,2,2026-07-02,66.43000030517578,caution_exit,16.56,24994,52.99,
v1_wide_extthesis_100_b15_rt,O39_SI,2026-04-27,21.6,1,2026-07-02,25.079999923706055,caution_exit,14.46,11002,20.44,
v1_wide_extthesis_100_b15_rt,NVDA,2026-06-11,204.87,1,2026-08-06,218.99000549316406,caution_exit,6.89,10659,188.79,
v1_wide_extthesis_100_b15_rt,LITE,2026-07-31,713.94,1,2026-08-21,866.7100219726562,caution_exit,21.4,17061,646.6,
v1_wide_extthesis_100_b15_rt,BE,2026-08-11,211.21,1,2026-09-08,277.2200012207031,caution_exit,31.25,26473,157.33,
v1_wide_extthesis_100_b15_rt,MU,2026-08-07,877.57,1,2026-09-08,1000.260009765625,caution_exit,13.98,11822,804.0,
v1_wide_extthesis_100_b15_rt,NOK,2026-08-03,9.36,2,2026-09-14,9.649999618530273,caution_exit,3.1,5136,7.56,
v1_wide_extthesis_100_b15_rt,SITM,2026-09-09,611.8596,2,2026-09-14,558.3499755859375,caution_exit,-8.75,-16174,520.02,
v1_wide_extthesis_100_b15_rt,MSFT,2026-06-30,378.5748,2,2026-09-15,497.1199951171875,caution_exit,31.31,48757,355.51,
v1_wide_extthesis_100_b15_spy,U11_SI,2026-04-23,36.19,1,2026-04-24,35.15,stop,-3.03,-2293,35.15,
v1_wide_extthesis_100_b15_spy,WRD,2026-05-04,7.84,1,2026-05-05,7.630000114440918,caution_exit,-2.68,-2052,7.3,
v1_wide_extthesis_100_b15_spy,ASML,2026-04-23,1414.7101,1,2026-05-07,1516.5999755859375,caution_exit,7.2,10894,1314.33,
v1_wide_extthesis_100_b15_spy,MSFT,2026-06-04,422.3268,2,2026-06-09,398.58,stop,-5.62,-9237,398.58,
v1_wide_extthesis_100_b15_spy,TSM,2026-04-20,365.3843,1,2026-06-10,407.7950134277344,caution_exit,11.61,17411,330.99,
v1_wide_extthesis_100_b15_spy,BE,2026-06-11,248.88,1,2026-06-15,274.5,caution_exit,10.29,16312,147.23,
v1_wide_extthesis_100_b15_spy,SITM,2026-06-17,677.21,1,2026-06-18,729.0399780273438,caution_exit,7.65,6249,609.15,
v1_wide_extthesis_100_b15_spy,WRD,2026-06-18,6.1849,2,2026-06-23,5.849999904632568,stop,-5.42,-8919,6.03,
v1_wide_extthesis_100_b15_spy,AXTI,2026-06-23,77.91,1,2026-06-25,65.02,stop,-16.54,-13429,65.02,
v1_wide_extthesis_100_b15_spy,D05_SI,2026-04-23,56.1639,2,2026-07-02,66.43000030517578,caution_exit,16.56,25039,52.99,
v1_wide_extthesis_100_b15_spy,O39_SI,2026-04-27,21.6,1,2026-07-02,25.079999923706055,caution_exit,14.46,11055,20.44,
v1_wide_extthesis_100_b15_spy,NVDA,2026-06-11,204.87,1,2026-08-06,218.99000549316406,caution_exit,6.89,10921,188.79,
v1_wide_extthesis_100_b15_spy,LITE,2026-07-31,713.94,1,2026-08-21,866.7100219726562,caution_exit,21.4,17568,646.6,
v1_wide_extthesis_100_b15_spy,BE,2026-08-11,211.21,1,2026-09-08,277.2200012207031,caution_exit,31.25,27618,157.33,
v1_wide_extthesis_100_b15_spy,MU,2026-08-07,877.57,1,2026-09-08,1000.260009765625,caution_exit,13.98,12338,804.0,
v1_wide_extthesis_100_b15_spy,NOK,2026-08-03,9.36,2,2026-09-14,9.649999618530273,caution_exit,3.1,5343,7.56,
v1_wide_extthesis_100_b15_spy,SITM,2026-09-09,611.8633,2,2026-09-14,558.3499755859375,caution_exit,-8.75,-16860,520.02,
v1_wide_extthesis_100_b15_spy,MSFT,2026-06-30,378.5733,2,2026-09-15,497.1199951171875,caution_exit,31.31,50163,355.51,
v1_wide_extthesis_100_b15_spy_fees,U11_SI,2026-04-23,36.1972,1,2026-04-24,35.14297,stop,-3.37,-2546,35.15,224.0
v1_wide_extthesis_100_b15_spy_fees,WRD,2026-05-04,7.8439,1,2026-05-05,7.626185114383698,caution_exit,-2.87,-2197,7.3,72.0
v1_wide_extthesis_100_b15_spy_fees,ASML,2026-04-23,1414.993,1,2026-05-07,1516.2966555908204,caution_exit,7.15,10818,1314.33,10.0
v1_wide_extthesis_100_b15_spy_fees,MSFT,2026-06-04,422.4113,2,2026-06-09,398.50028399999997,stop,-5.67,-9304,398.58,13.0
v1_wide_extthesis_100_b15_spy_fees,TSM,2026-04-20,365.4574,1,2026-06-10,407.71345442504884,caution_exit,11.56,17334,330.99,10.0
v1_wide_extthesis_100_b15_spy_fees,BE,2026-06-11,248.9298,1,2026-06-15,274.4451,caution_exit,10.24,16216,147.23,10.0
v1_wide_extthesis_100_b15_spy_fees,SITM,2026-06-17,677.5486,1,2026-06-18,728.6754580383301,caution_exit,7.54,6146,609.15,8.0
v1_wide_extthesis_100_b15_spy_fees,WRD,2026-06-18,6.188,2,2026-06-23,5.847074904680253,stop,-5.63,-9258,6.03,194.0
v1_wide_extthesis_100_b15_spy_fees,AXTI,2026-06-23,77.949,1,2026-06-25,64.98749,stop,-16.64,-13485,65.02,9.0
v1_wide_extthesis_100_b15_spy_fees,D05_SI,2026-04-23,56.1751,2,2026-07-02,66.41671430511475,caution_exit,16.21,24498,52.99,464.0
v1_wide_extthesis_100_b15_spy_fees,O39_SI,2026-04-27,21.6043,1,2026-07-02,25.074983923721312,caution_exit,14.09,10772,20.44,242.0
v1_wide_extthesis_100_b15_spy_fees,NVDA,2026-06-11,204.911,1,2026-08-06,218.94620749206544,caution_exit,6.84,10833,188.79,10.0
v1_wide_extthesis_100_b15_spy_fees,LITE,2026-07-31,714.0828,1,2026-08-21,866.5366799682618,caution_exit,21.34,17484,646.6,9.0
v1_wide_extthesis_100_b15_spy_fees,BE,2026-08-11,211.2522,1,2026-09-08,277.164557220459,caution_exit,31.19,27494,157.33,9.0
v1_wide_extthesis_100_b15_spy_fees,MU,2026-08-07,877.7455,1,2026-09-08,1000.059957763672,caution_exit,13.93,12260,804.0,9.0
v1_wide_extthesis_100_b15_spy_fees,NOK,2026-08-03,9.3619,2,2026-09-14,9.648069618606568,caution_exit,2.98,5124,7.56,136.0
v1_wide_extthesis_100_b15_spy_fees,SITM,2026-09-09,612.1686,2,2026-09-14,558.0708005981446,caution_exit,-8.84,-17003,520.02,13.0
v1_wide_extthesis_100_b15_spy_fees,MSFT,2026-06-30,378.6489,2,2026-09-15,497.02057111816407,caution_exit,31.25,49985,355.51,14.0
v1_wide_extthesis_100_b15_tb,U11_SI,2026-04-23,36.19,1,2026-04-24,35.15,stop,-3.03,-2294,35.15,
v1_wide_extthesis_100_b15_tb,WRD,2026-05-04,7.84,1,2026-05-05,7.630000114440918,caution_exit,-2.68,-2040,7.3,
v1_wide_extthesis_100_b15_tb,ASML,2026-04-23,1414.7101,1,2026-05-07,1516.5999755859375,caution_exit,7.2,10901,1314.33,
v1_wide_extthesis_100_b15_tb,MSFT,2026-06-04,422.2875,2,2026-06-09,398.58,stop,-5.61,-8993,398.58,
v1_wide_extthesis_100_b15_tb,TSM,2026-04-20,365.3843,1,2026-06-10,407.7950134277344,caution_exit,11.61,17411,330.99,
v1_wide_extthesis_100_b15_tb,BE,2026-06-11,248.88,1,2026-06-15,274.5,caution_exit,10.29,15969,147.23,
v1_wide_extthesis_100_b15_tb,SITM,2026-06-17,677.21,1,2026-06-18,729.0399780273438,caution_exit,7.65,6130,609.15,
v1_wide_extthesis_100_b15_tb,WRD,2026-06-18,6.1848,2,2026-06-23,5.849999904632568,stop,-5.41,-8718,6.03,
v1_wide_extthesis_100_b15_tb,AXTI,2026-06-23,77.91,1,2026-06-25,65.02,stop,-16.54,-13203,65.02,
v1_wide_extthesis_100_b15_tb,D05_SI,2026-04-23,56.164,2,2026-07-02,66.43000030517578,caution_exit,16.56,25004,52.99,
v1_wide_extthesis_100_b15_tb,O39_SI,2026-04-27,21.6,1,2026-07-02,25.079999923706055,caution_exit,14.46,11008,20.44,
v1_wide_extthesis_100_b15_tb,NVDA,2026-06-11,204.87,1,2026-08-06,218.99000549316406,caution_exit,6.89,10691,188.79,
v1_wide_extthesis_100_b15_tb,LITE,2026-07-31,713.94,1,2026-08-21,866.7100219726562,caution_exit,21.4,17154,646.6,
v1_wide_extthesis_100_b15_tb,BE,2026-08-11,211.21,1,2026-09-08,277.2200012207031,caution_exit,31.25,26623,157.33,
v1_wide_extthesis_100_b15_tb,MU,2026-08-07,877.57,1,2026-09-08,1000.260009765625,caution_exit,13.98,11889,804.0,
v1_wide_extthesis_100_b15_tb,NOK,2026-08-03,9.36,2,2026-09-14,9.649999618530273,caution_exit,3.1,5165,7.56,
v1_wide_extthesis_100_b15_tb,SITM,2026-09-09,611.86,2,2026-09-14,558.3499755859375,caution_exit,-8.75,-16267,520.02,
v1_wide_extthesis_100_b15_tb,MSFT,2026-06-30,378.5749,2,2026-09-15,497.1199951171875,caution_exit,31.31,48941,355.51,
v1_wide_extthesis_100_lev,U11_SI,2026-04-23,36.19,1,2026-04-24,35.15,stop,-3.03,-1525,35.15,
v1_wide_extthesis_100_lev,WRD,2026-05-04,7.84,1,2026-05-05,7.630000114440918,caution_exit,-2.68,-1353,7.3,
v1_wide_extthesis_100_lev,ASML,2026-04-23,1414.7101,1,2026-05-07,1516.5999755859375,caution_exit,7.2,7244,1314.33,
v1_wide_extthesis_100_lev,MSFT,2026-06-04,422.2863,2,2026-06-09,398.58,stop,-5.61,-5857,398.58,
v1_wide_extthesis_100_lev,TSM,2026-04-20,365.3843,1,2026-06-10,407.7950134277344,caution_exit,11.61,11607,330.99,
v1_wide_extthesis_100_lev,BE,2026-06-11,248.88,1,2026-06-15,274.5,caution_exit,10.29,10508,147.23,
v1_wide_extthesis_100_lev,SITM,2026-06-17,677.21,1,2026-06-18,729.0399780273438,caution_exit,7.65,3991,609.15,
v1_wide_extthesis_100_lev,WRD,2026-06-18,6.1852,2,2026-06-23,5.849999904632568,stop,-5.42,-5671,6.03,
v1_wide_extthesis_100_lev,AXTI,2026-06-23,77.91,1,2026-06-25,65.02,stop,-16.54,-8605,65.02,
v1_wide_extthesis_100_lev,D05_SI,2026-04-23,56.1639,2,2026-07-02,66.43000030517578,caution_exit,16.56,16629,52.99,
v1_wide_extthesis_100_lev,O39_SI,2026-04-27,21.6,1,2026-07-02,25.079999923706055,caution_exit,14.46,7299,20.44,
v1_wide_extthesis_100_lev,NVDA,2026-06-11,204.87,1,2026-08-06,218.99000549316406,caution_exit,6.89,7035,188.79,
v1_wide_extthesis_100_lev,ASML,2026-08-13,1847.9,1,2026-08-18,1802.97998046875,caution_exit,-2.43,-1365,1714.78,
v1_wide_extthesis_100_lev,LITE,2026-07-31,713.94,1,2026-08-21,866.7100219726562,caution_exit,21.4,11149,646.6,
v1_wide_extthesis_100_lev,BE,2026-08-11,211.21,1,2026-09-08,277.2200012207031,caution_exit,31.25,16966,157.33,
v1_wide_extthesis_100_lev,MU,2026-08-07,912.9025,2,2026-09-08,1000.260009765625,caution_exit,9.57,10562,804.0,
v1_wide_extthesis_100_lev,NOK,2026-08-03,9.36,2,2026-09-14,9.649999618530273,caution_exit,3.1,3315,7.56,
v1_wide_extthesis_100_lev,SITM,2026-08-28,573.6773,2,2026-09-14,558.3499755859375,caution_exit,-2.67,-3062,520.02,
v1_wide_extthesis_100_lev,MSFT,2026-06-30,378.5719,2,2026-09-15,497.1199951171875,caution_exit,31.31,32115,355.51,
v1_wide_thesis_100,U11_SI,2026-04-23,36.19,1,2026-04-24,35.15,stop,-3.03,-1525,35.15,
v1_wide_thesis_100,WRD,2026-05-04,7.84,1,2026-05-13,7.190000057220459,stop,-8.29,-4186,7.3,
v1_wide_thesis_100,MSFT,2026-06-04,422.2803,2,2026-06-09,398.58,stop,-5.61,-5929,398.58,
v1_wide_thesis_100,TSM,2026-04-20,365.3843,1,2026-06-10,407.7950134277344,caution_exit,11.61,11607,330.99,
v1_wide_thesis_100,BE,2026-06-11,248.88,1,2026-06-15,274.5,caution_exit,10.29,10635,147.23,
v1_wide_thesis_100,SITM,2026-06-17,677.21,1,2026-06-18,729.0399780273438,caution_exit,7.65,4058,609.15,
v1_wide_thesis_100,WRD,2026-06-18,6.1848,2,2026-06-23,5.849999904632568,stop,-5.41,-5798,6.03,
v1_wide_thesis_100,AXTI,2026-06-23,77.91,1,2026-06-25,65.02,stop,-16.54,-8823,65.02,
v1_wide_thesis_100,D05_SI,2026-04-23,56.1639,2,2026-07-02,66.43000030517578,caution_exit,16.56,16629,52.99,
v1_wide_thesis_100,O39_SI,2026-04-27,21.6,1,2026-07-02,25.079999923706055,caution_exit,14.46,7299,20.44,
v1_wide_thesis_100,ASML,2026-04-23,1414.7101,1,2026-07-15,1815.27001953125,caution_exit,28.31,28478,1314.33,
v1_wide_thesis_100,ASML,2026-08-13,1847.9,1,2026-08-28,1714.78,stop,-7.2,-4126,1714.78,
v2_starter_b15,U11_SI,2026-04-23,36.19,1,2026-04-24,35.15,stop,-3.03,-2294,35.15,
v2_starter_b15,WRD,2026-05-04,7.84,1,2026-05-05,7.630000114440918,caution_exit,-2.68,-1018,7.3,
v2_starter_b15,ASML,2026-04-23,1414.7101,1,2026-05-07,1516.5999755859375,caution_exit,7.2,10897,1314.33,
v2_starter_b15,MSFT,2026-06-04,428.05,1,2026-06-09,398.58,stop,-6.89,-5453,398.58,
v2_starter_b15,TSM,2026-04-20,365.3843,1,2026-06-10,407.7950134277344,caution_exit,11.61,17411,330.99,
v2_starter_b15,BE,2026-06-11,248.88,1,2026-06-15,274.5,caution_exit,10.29,15895,147.23,
v2_starter_b15,SITM,2026-06-17,677.21,1,2026-06-18,729.0399780273438,caution_exit,7.65,3042,609.15,
v2_starter_b15,WRD,2026-06-18,6.35,1,2026-06-23,5.849999904632568,stop,-7.87,-3121,6.03,
v2_starter_b15,AXTI,2026-06-23,77.91,1,2026-06-25,65.02,stop,-16.54,-6550,65.02,
v2_starter_b15,D05_SI,2026-04-23,56.2132,1,2026-07-02,66.43000030517578,caution_exit,16.37,12381,52.99,
v2_starter_b15,O39_SI,2026-04-27,21.6,1,2026-07-02,25.079999923706055,caution_exit,14.46,11011,20.44,
v2_starter_b15,NVDA,2026-06-11,204.87,1,2026-08-06,218.99000549316406,caution_exit,6.89,10642,188.79,
v2_starter_b15,ASML,2026-08-13,1847.9,1,2026-08-18,1802.97998046875,caution_exit,-2.43,-2083,1714.78,
v2_starter_b15,LITE,2026-07-31,713.94,1,2026-08-21,866.7100219726562,caution_exit,21.4,16863,646.6,
v2_starter_b15,BE,2026-08-11,211.21,1,2026-09-08,277.2200012207031,caution_exit,31.25,25855,157.33,
v2_starter_b15,MU,2026-08-07,877.57,1,2026-09-08,1000.260009765625,caution_exit,13.98,11578,804.0,
v2_starter_b15,NOK,2026-08-03,9.36,1,2026-09-14,9.649999618530273,caution_exit,3.1,2481,7.56,
v2_starter_b15,SITM,2026-08-28,557.86,1,2026-09-14,558.3499755859375,caution_exit,0.09,38,520.02,
v2_starter_b15,MSFT,2026-06-30,373.02,1,2026-09-15,497.1199951171875,caution_exit,33.27,25922,355.51,
v2_starter_b15_all,U11_SI,2026-04-23,36.1972,1,2026-04-24,35.14297,stop,-3.37,-2547,35.15,224.0
v2_starter_b15_all,WRD,2026-05-04,7.8439,1,2026-05-05,7.626185114383698,caution_exit,-2.87,-1090,7.3,36.0
v2_starter_b15_all,ASML,2026-04-23,1414.993,1,2026-05-07,1516.2966555908204,caution_exit,7.15,10822,1314.33,10.0
v2_starter_b15_all,MSFT,2026-06-04,428.1356,1,2026-06-09,398.50028399999997,stop,-6.93,-5487,398.58,8.0
v2_starter_b15_all,TSM,2026-04-20,365.4574,1,2026-06-10,407.71345442504884,caution_exit,11.56,17334,330.99,10.0
v2_starter_b15_all,BE,2026-06-11,248.9298,1,2026-06-15,274.4451,caution_exit,10.24,15805,147.23,10.0
v2_starter_b15_all,SITM,2026-06-17,677.5486,1,2026-06-18,728.6754580383301,caution_exit,7.53,2990,609.15,7.0
v2_starter_b15_all,WRD,2026-06-18,6.3532,1,2026-06-23,5.847074904680253,stop,-8.08,-3200,6.03,46.0
v2_starter_b15_all,AXTI,2026-06-23,77.949,1,2026-06-25,64.98749,stop,-16.65,-6583,65.02,7.0
v2_starter_b15_all,D05_SI,2026-04-23,56.2244,1,2026-07-02,66.41671430511475,caution_exit,16.0,12102,52.99,243.0
v2_starter_b15_all,O39_SI,2026-04-27,21.6043,1,2026-07-02,25.074983923721312,caution_exit,14.09,10729,20.44,242.0
v2_starter_b15_all,NVDA,2026-06-11,204.911,1,2026-08-06,218.94620749206544,caution_exit,6.84,10558,188.79,10.0
v2_starter_b15_all,ASML,2026-08-13,1848.2696,1,2026-08-18,1802.6193844726563,caution_exit,-2.48,-2121,1714.78,8.0
v2_starter_b15_all,LITE,2026-07-31,714.0828,1,2026-08-21,866.5366799682618,caution_exit,21.34,16794,646.6,8.0
v2_starter_b15_all,BE,2026-08-11,211.2522,1,2026-09-08,277.164557220459,caution_exit,31.19,25761,157.33,9.0
v2_starter_b15_all,MU,2026-08-07,877.7455,1,2026-09-08,1000.059957763672,caution_exit,13.92,11514,804.0,8.0
v2_starter_b15_all,NOK,2026-08-03,9.3619,1,2026-09-14,9.648069618606568,caution_exit,2.98,2382,7.56,63.0
v2_starter_b15_all,SITM,2026-08-28,558.1389,1,2026-09-14,558.0708005981446,caution_exit,-0.03,-12,520.02,7.0
v2_starter_b15_all,MSFT,2026-06-30,373.0946,1,2026-09-15,497.02057111816407,caution_exit,33.2,25845,355.51,9.0
v2_starter_b15_regime_fees,U11_SI,2026-04-23,36.1972,1,2026-04-24,35.14297,stop,-3.36,-2648,35.15,231.0
v2_starter_b15_regime_fees,WRD,2026-05-04,7.8439,1,2026-05-05,7.626185114383698,caution_exit,-2.87,-1162,7.3,38.0
v2_starter_b15_regime_fees,ASML,2026-04-23,1414.993,1,2026-05-07,1516.2966555908204,caution_exit,7.15,11264,1314.33,10.0
v2_starter_b15_regime_fees,MSFT,2026-06-04,428.1356,1,2026-06-09,398.50028399999997,stop,-6.93,-6971,398.58,8.0
v2_starter_b15_regime_fees,TSM,2026-04-20,365.4574,1,2026-06-10,407.71345442504884,caution_exit,11.56,17334,330.99,10.0
v2_starter_b15_regime_fees,BE,2026-06-11,248.9298,1,2026-06-15,274.4451,caution_exit,10.24,20095,147.23,11.0
v2_starter_b15_regime_fees,SITM,2026-06-17,677.5486,1,2026-06-18,728.6754580383301,caution_exit,7.53,3804,609.15,8.0
v2_starter_b15_regime_fees,WRD,2026-06-18,6.3532,1,2026-06-23,5.847074904680253,stop,-8.08,-4213,6.03,60.0
v2_starter_b15_regime_fees,AXTI,2026-06-23,77.949,1,2026-06-25,64.98749,stop,-16.64,-8393,65.02,7.0
v2_starter_b15_regime_fees,D05_SI,2026-04-23,56.2244,1,2026-07-02,66.41671430511475,caution_exit,16.0,12598,52.99,250.0
v2_starter_b15_regime_fees,O39_SI,2026-04-27,21.6043,1,2026-07-02,25.074983923721312,caution_exit,14.1,11355,20.44,254.0
v2_starter_b15_regime_fees,NVDA,2026-06-11,204.911,1,2026-08-06,218.94620749206544,caution_exit,6.84,13425,188.79,11.0
v2_starter_b15_regime_fees,ASML,2026-08-13,1848.2696,1,2026-08-18,1802.6193844726563,caution_exit,-2.48,-2513,1714.78,9.0
v2_starter_b15_regime_fees,LITE,2026-07-31,714.0828,1,2026-08-21,866.5366799682618,caution_exit,21.34,19853,646.6,9.0
v2_starter_b15_regime_fees,BE,2026-08-11,211.2522,1,2026-09-08,277.164557220459,caution_exit,31.19,30553,157.33,9.0
v2_starter_b15_regime_fees,MU,2026-08-07,877.7455,1,2026-09-08,1000.059957763672,caution_exit,13.93,13654,804.0,9.0
v2_starter_b15_regime_fees,NOK,2026-08-03,9.3619,1,2026-09-14,9.648069618606568,caution_exit,2.98,2820,7.56,74.0
v2_starter_b15_regime_fees,SITM,2026-08-28,558.1389,1,2026-09-14,558.0708005981446,caution_exit,-0.03,-14,520.02,8.0
v2_starter_b15_regime_fees,MSFT,2026-06-30,373.0946,1,2026-09-15,497.02057111816407,caution_exit,33.21,33276,355.51,9.0
v2_starter_b15_regime_fees_hyst,U11_SI,2026-04-23,36.1972,1,2026-04-24,35.14297,stop,-3.37,-2548,35.15,225.0
v2_starter_b15_regime_fees_hyst,WRD,2026-05-04,7.8439,1,2026-05-05,7.626185114383698,caution_exit,-2.87,-1091,7.3,36.0
v2_starter_b15_regime_fees_hyst,ASML,2026-04-23,1414.993,1,2026-05-07,1516.2966555908204,caution_exit,7.15,10826,1314.33,10.0
v2_starter_b15_regime_fees_hyst,MSFT,2026-06-04,428.1356,1,2026-06-09,398.50028399999997,stop,-6.93,-6529,398.58,8.0
v2_starter_b15_regime_fees_hyst,TSM,2026-04-20,365.4574,1,2026-06-10,407.71345442504884,caution_exit,11.56,17334,330.99,10.0
v2_starter_b15_regime_fees_hyst,BE,2026-06-11,248.9298,1,2026-06-15,274.4451,caution_exit,10.24,18823,147.23,11.0
v2_starter_b15_regime_fees_hyst,SITM,2026-06-17,677.5486,1,2026-06-18,728.6754580383301,caution_exit,7.53,3563,609.15,8.0
v2_starter_b15_regime_fees_hyst,WRD,2026-06-18,6.3532,1,2026-06-23,5.847074904680253,stop,-8.08,-3946,6.03,56.0
v2_starter_b15_regime_fees_hyst,AXTI,2026-06-23,77.949,1,2026-06-25,64.98749,stop,-16.64,-7863,65.02,7.0
v2_starter_b15_regime_fees_hyst,D05_SI,2026-04-23,56.2244,1,2026-07-02,66.41671430511475,caution_exit,16.0,12106,52.99,243.0
v2_starter_b15_regime_fees_hyst,O39_SI,2026-04-27,21.6043,1,2026-07-02,25.074983923721312,caution_exit,14.09,10735,20.44,242.0
v2_starter_b15_regime_fees_hyst,NVDA,2026-06-11,204.911,1,2026-08-06,218.94620749206544,caution_exit,6.84,12574,188.79,11.0
v2_starter_b15_regime_fees_hyst,ASML,2026-08-13,1848.2696,1,2026-08-18,1802.6193844726563,caution_exit,-2.48,-2306,1714.78,8.0
v2_starter_b15_regime_fees_hyst,LITE,2026-07-31,714.0828,1,2026-08-21,866.5366799682618,caution_exit,21.34,18203,646.6,9.0
v2_starter_b15_regime_fees_hyst,BE,2026-08-11,211.2522,1,2026-09-08,277.164557220459,caution_exit,31.19,28046,157.33,9.0
v2_starter_b15_regime_fees_hyst,MU,2026-08-07,877.7455,1,2026-09-08,1000.059957763672,caution_exit,13.92,12532,804.0,9.0
v2_starter_b15_regime_fees_hyst,NOK,2026-08-03,9.3619,1,2026-09-14,9.648069618606568,caution_exit,2.98,2587,7.56,68.0
v2_starter_b15_regime_fees_hyst,SITM,2026-08-28,558.1389,1,2026-09-14,558.0708005981446,caution_exit,-0.03,-13,520.02,7.0
v2_starter_b15_regime_fees_hyst,MSFT,2026-06-30,373.0946,1,2026-09-15,497.02057111816407,caution_exit,33.21,31944,355.51,9.0
v2_starter_b15_spy_fees,U11_SI,2026-04-23,36.1972,1,2026-04-24,35.14297,stop,-3.37,-2546,35.15,224.0
v2_starter_b15_spy_fees,WRD,2026-05-04,7.8439,1,2026-05-05,7.626185114383698,caution_exit,-2.87,-1098,7.3,36.0
v2_starter_b15_spy_fees,ASML,2026-04-23,1414.993,1,2026-05-07,1516.2966555908204,caution_exit,7.15,10818,1314.33,10.0
v2_starter_b15_spy_fees,MSFT,2026-06-04,428.1356,1,2026-06-09,398.50028399999997,stop,-6.93,-5707,398.58,8.0
v2_starter_b15_spy_fees,TSM,2026-04-20,365.4574,1,2026-06-10,407.71345442504884,caution_exit,11.56,17334,330.99,10.0
v2_starter_b15_spy_fees,BE,2026-06-11,248.9298,1,2026-06-15,274.4451,caution_exit,10.24,16238,147.23,10.0
v2_starter_b15_spy_fees,SITM,2026-06-17,677.5486,1,2026-06-18,728.6754580383301,caution_exit,7.53,3067,609.15,7.0
v2_starter_b15_spy_fees,WRD,2026-06-18,6.3532,1,2026-06-23,5.847074904680253,stop,-8.08,-3300,6.03,47.0
v2_starter_b15_spy_fees,AXTI,2026-06-23,77.949,1,2026-06-25,64.98749,stop,-16.65,-6727,65.02,7.0
v2_starter_b15_spy_fees,D05_SI,2026-04-23,56.2244,1,2026-07-02,66.41671430511475,caution_exit,16.0,12099,52.99,242.0
v2_starter_b15_spy_fees,O39_SI,2026-04-27,21.6043,1,2026-07-02,25.074983923721312,caution_exit,14.09,10782,20.44,243.0
v2_starter_b15_spy_fees,NVDA,2026-06-11,204.911,1,2026-08-06,218.94620749206544,caution_exit,6.84,10847,188.79,10.0
v2_starter_b15_spy_fees,ASML,2026-08-13,1848.2696,1,2026-08-18,1802.6193844726563,caution_exit,-2.48,-2230,1714.78,8.0
v2_starter_b15_spy_fees,LITE,2026-07-31,714.0828,1,2026-08-21,866.5366799682618,caution_exit,21.34,17339,646.6,9.0
v2_starter_b15_spy_fees,BE,2026-08-11,211.2522,1,2026-09-08,277.164557220459,caution_exit,31.19,27018,157.33,9.0
v2_starter_b15_spy_fees,MU,2026-08-07,877.7455,1,2026-09-08,1000.059957763672,caution_exit,13.92,12092,804.0,9.0
v2_starter_b15_spy_fees,NOK,2026-08-03,9.3619,1,2026-09-14,9.648069618606568,caution_exit,2.98,2478,7.56,66.0
v2_starter_b15_spy_fees,SITM,2026-08-28,558.1389,1,2026-09-14,558.0708005981446,caution_exit,-0.03,-12,520.02,7.0
v2_starter_b15_spy_fees,MSFT,2026-06-30,373.0946,1,2026-09-15,497.02057111816407,caution_exit,33.21,26669,355.51,9.0
v2_starter_b15_tb_fees,U11_SI,2026-04-23,36.1972,1,2026-04-24,35.14297,stop,-3.37,-2548,35.15,225.0
v2_starter_b15_tb_fees,WRD,2026-05-04,7.8439,1,2026-05-05,7.626185114383698,caution_exit,-2.87,-1091,7.3,36.0
v2_starter_b15_tb_fees,ASML,2026-04-23,1414.993,1,2026-05-07,1516.2966555908204,caution_exit,7.15,10826,1314.33,10.0
v2_starter_b15_tb_fees,MSFT,2026-06-04,428.1356,1,2026-06-09,398.50028399999997,stop,-6.93,-5503,398.58,8.0
v2_starter_b15_tb_fees,TSM,2026-04-20,365.4574,1,2026-06-10,407.71345442504884,caution_exit,11.56,17334,330.99,10.0
v2_starter_b15_tb_fees,BE,2026-06-11,248.9298,1,2026-06-15,274.4451,caution_exit,10.24,15859,147.23,10.0
v2_starter_b15_tb_fees,SITM,2026-06-17,677.5486,1,2026-06-18,728.6754580383301,caution_exit,7.53,3001,609.15,7.0
v2_starter_b15_tb_fees,WRD,2026-06-18,6.3532,1,2026-06-23,5.847074904680253,stop,-8.08,-3212,6.03,46.0
v2_starter_b15_tb_fees,AXTI,2026-06-23,77.949,1,2026-06-25,64.98749,stop,-16.65,-6609,65.02,7.0
v2_starter_b15_tb_fees,D05_SI,2026-04-23,56.2244,1,2026-07-02,66.41671430511475,caution_exit,16.0,12106,52.99,243.0
v2_starter_b15_tb_fees,O39_SI,2026-04-27,21.6043,1,2026-07-02,25.074983923721312,caution_exit,14.09,10735,20.44,242.0
v2_starter_b15_tb_fees,NVDA,2026-06-11,204.911,1,2026-08-06,218.94620749206544,caution_exit,6.84,10594,188.79,10.0
v2_starter_b15_tb_fees,ASML,2026-08-13,1848.2696,1,2026-08-18,1802.6193844726563,caution_exit,-2.48,-2135,1714.78,8.0
v2_starter_b15_tb_fees,LITE,2026-07-31,714.0828,1,2026-08-21,866.5366799682618,caution_exit,21.34,16900,646.6,9.0
v2_starter_b15_tb_fees,BE,2026-08-11,211.2522,1,2026-09-08,277.164557220459,caution_exit,31.19,25934,157.33,9.0
v2_starter_b15_tb_fees,MU,2026-08-07,877.7455,1,2026-09-08,1000.059957763672,caution_exit,13.93,11591,804.0,8.0
v2_starter_b15_tb_fees,NOK,2026-08-03,9.3619,1,2026-09-14,9.648069618606568,caution_exit,2.98,2398,7.56,63.0
v2_starter_b15_tb_fees,SITM,2026-08-28,558.1389,1,2026-09-14,558.0708005981446,caution_exit,-0.03,-12,520.02,7.0
v2_starter_b15_tb_fees,MSFT,2026-06-30,373.0946,1,2026-09-15,497.02057111816407,caution_exit,33.2,25956,355.51,9.0
v2_starter_b15_tb_fees_full,U11_SI,2026-04-23,36.1972,1,2026-04-24,35.14297,stop,-3.37,-2548,35.15,225.0
v2_starter_b15_tb_fees_full,WRD,2026-05-04,7.8439,1,2026-05-05,7.626185114383698,caution_exit,-2.87,-2181,7.3,71.0
v2_starter_b15_tb_fees_full,ASML,2026-04-23,1414.993,1,2026-05-07,1516.2966555908204,caution_exit,7.15,10826,1314.33,10.0
v2_starter_b15_tb_fees_full,MSFT,2026-06-04,428.1356,1,2026-06-09,398.50028399999997,stop,-6.93,-5497,398.58,8.0
v2_starter_b15_tb_fees_full,TSM,2026-04-20,365.4574,1,2026-06-10,407.71345442504884,caution_exit,11.56,17334,330.99,10.0
v2_starter_b15_tb_fees_full,BE,2026-06-11,248.9298,1,2026-06-15,274.4451,caution_exit,10.24,15843,147.23,10.0
v2_starter_b15_tb_fees_full,SITM,2026-06-17,677.5486,1,2026-06-18,728.6754580383301,caution_exit,7.54,6001,609.15,8.0
v2_starter_b15_tb_fees_full,WRD,2026-06-18,6.3532,1,2026-06-23,5.847074904680253,stop,-8.08,-6418,6.03,92.0
v2_starter_b15_tb_fees_full,AXTI,2026-06-23,77.949,1,2026-06-25,64.98749,stop,-16.64,-13196,65.02,9.0
v2_starter_b15_tb_fees_full,D05_SI,2026-04-23,56.2244,1,2026-07-02,66.41671430511475,caution_exit,16.0,12106,52.99,243.0
v2_starter_b15_tb_fees_full,O39_SI,2026-04-27,21.6043,1,2026-07-02,25.074983923721312,caution_exit,14.09,10735,20.44,242.0
v2_starter_b15_tb_fees_full,NVDA,2026-06-11,204.911,1,2026-08-06,218.94620749206544,caution_exit,6.84,10583,188.79,10.0
v2_starter_b15_tb_fees_full,ASML,2026-08-13,1848.2696,1,2026-08-18,1802.6193844726563,caution_exit,-2.48,-2137,1714.78,8.0
v2_starter_b15_tb_fees_full,LITE,2026-07-31,714.0828,1,2026-08-21,866.5366799682618,caution_exit,21.34,16772,646.6,8.0
v2_starter_b15_tb_fees_full,BE,2026-08-11,211.2522,1,2026-09-08,277.164557220459,caution_exit,31.19,25849,157.33,9.0
v2_starter_b15_tb_fees_full,MU,2026-08-07,877.7455,1,2026-09-08,1000.059957763672,caution_exit,13.93,11512,804.0,8.0
v2_starter_b15_tb_fees_full,NOK,2026-08-03,9.3619,1,2026-09-14,9.648069618606568,caution_exit,2.98,2379,7.56,63.0
v2_starter_b15_tb_fees_full,SITM,2026-08-28,558.1389,1,2026-09-14,558.0708005981446,caution_exit,-0.02,-18,520.02,8.0
v2_starter_b15_tb_fees_full,MSFT,2026-06-30,373.0946,1,2026-09-15,497.02057111816407,caution_exit,33.2,25759,355.51,9.0
v2_starter_b15_tb_fees_mc67,U11_SI,2026-04-23,36.1972,1,2026-04-24,35.14297,stop,-3.37,-2548,35.15,225.0
v2_starter_b15_tb_fees_mc67,WRD,2026-05-04,7.8439,1,2026-05-05,7.626185114383698,caution_exit,-2.87,-1455,7.3,48.0
v2_starter_b15_tb_fees_mc67,ASML,2026-04-23,1414.993,1,2026-05-07,1516.2966555908204,caution_exit,7.15,10826,1314.33,10.0
v2_starter_b15_tb_fees_mc67,MSFT,2026-06-04,428.1356,1,2026-06-09,398.50028399999997,stop,-6.93,-5501,398.58,8.0
v2_starter_b15_tb_fees_mc67,TSM,2026-04-20,365.4574,1,2026-06-10,407.71345442504884,caution_exit,11.56,17334,330.99,10.0
v2_starter_b15_tb_fees_mc67,BE,2026-06-11,248.9298,1,2026-06-15,274.4451,caution_exit,10.24,15854,147.23,10.0
v2_starter_b15_tb_fees_mc67,SITM,2026-06-17,677.5486,1,2026-06-18,728.6754580383301,caution_exit,7.53,4001,609.15,8.0
v2_starter_b15_tb_fees_mc67,WRD,2026-06-18,6.3532,1,2026-06-23,5.847074904680253,stop,-8.08,-4281,6.03,61.0
v2_starter_b15_tb_fees_mc67,AXTI,2026-06-23,77.949,1,2026-06-25,64.98749,stop,-16.64,-8807,65.02,8.0
v2_starter_b15_tb_fees_mc67,D05_SI,2026-04-23,56.2244,1,2026-07-02,66.41671430511475,caution_exit,16.0,12106,52.99,243.0
v2_starter_b15_tb_fees_mc67,O39_SI,2026-04-27,21.6043,1,2026-07-02,25.074983923721312,caution_exit,14.09,10735,20.44,242.0
v2_starter_b15_tb_fees_mc67,NVDA,2026-06-11,204.911,1,2026-08-06,218.94620749206544,caution_exit,6.84,10591,188.79,10.0
v2_starter_b15_tb_fees_mc67,ASML,2026-08-13,1848.2696,1,2026-08-18,1802.6193844726563,caution_exit,-2.48,-2136,1714.78,8.0
v2_starter_b15_tb_fees_mc67,LITE,2026-07-31,714.0828,1,2026-08-21,866.5366799682618,caution_exit,21.34,16858,646.6,8.0
v2_starter_b15_tb_fees_mc67,BE,2026-08-11,211.2522,1,2026-09-08,277.164557220459,caution_exit,31.19,25905,157.33,9.0
v2_starter_b15_tb_fees_mc67,MU,2026-08-07,877.7455,1,2026-09-08,1000.059957763672,caution_exit,13.93,11564,804.0,8.0
v2_starter_b15_tb_fees_mc67,NOK,2026-08-03,9.3619,1,2026-09-14,9.648069618606568,caution_exit,2.98,2391,7.56,63.0
v2_starter_b15_tb_fees_mc67,SITM,2026-08-28,558.1389,1,2026-09-14,558.0708005981446,caution_exit,-0.03,-15,520.02,8.0
v2_starter_b15_tb_fees_mc67,MSFT,2026-06-30,373.0946,1,2026-09-15,497.02057111816407,caution_exit,33.2,25891,355.51,9.0
v2_starter_b15_tb_fees_mcstop,U11_SI,2026-04-23,36.1972,1,2026-04-24,35.14297,stop,-3.37,-2548,35.15,225.0
v2_starter_b15_tb_fees_mcstop,WRD,2026-05-04,7.8439,1,2026-05-05,7.626185114383698,caution_exit,-2.87,-1091,7.3,36.0
v2_starter_b15_tb_fees_mcstop,ASML,2026-04-23,1414.993,1,2026-05-07,1516.2966555908204,caution_exit,7.15,10826,1314.33,10.0
v2_starter_b15_tb_fees_mcstop,MSFT,2026-06-04,428.1356,1,2026-06-09,398.50028399999997,stop,-6.93,-5503,398.58,8.0
v2_starter_b15_tb_fees_mcstop,TSM,2026-04-20,365.4574,1,2026-06-10,407.71345442504884,caution_exit,11.56,17334,330.99,10.0
v2_starter_b15_tb_fees_mcstop,BE,2026-06-11,248.9298,1,2026-06-15,274.4451,caution_exit,10.24,15859,147.23,10.0
v2_starter_b15_tb_fees_mcstop,SITM,2026-06-17,677.5486,1,2026-06-18,728.6754580383301,caution_exit,7.53,3001,633.32,7.0
v2_starter_b15_tb_fees_mcstop,WRD,2026-06-18,6.3532,1,2026-06-23,5.847074904680253,stop,-8.08,-3212,6.03,46.0
v2_starter_b15_tb_fees_mcstop,AXTI,2026-06-23,77.949,1,2026-06-24,75.962,stop,-2.57,-1019,76.0,7.0
v2_starter_b15_tb_fees_mcstop,D05_SI,2026-04-23,56.2244,1,2026-07-02,66.41671430511475,caution_exit,16.0,12106,52.99,243.0
v2_starter_b15_tb_fees_mcstop,O39_SI,2026-04-27,21.6043,1,2026-07-02,25.074983923721312,caution_exit,14.09,10735,20.44,242.0
v2_starter_b15_tb_fees_mcstop,NVDA,2026-06-11,204.911,1,2026-08-06,218.94620749206544,caution_exit,6.84,10594,188.79,10.0
v2_starter_b15_tb_fees_mcstop,ASML,2026-08-13,1848.2696,1,2026-08-18,1802.6193844726563,caution_exit,-2.48,-2146,1714.78,8.0
v2_starter_b15_tb_fees_mcstop,LITE,2026-07-31,714.0828,1,2026-08-21,866.5366799682618,caution_exit,21.34,16991,646.6,9.0
v2_starter_b15_tb_fees_mcstop,BE,2026-08-11,211.2522,1,2026-09-08,277.164557220459,caution_exit,31.19,26070,157.33,9.0
v2_starter_b15_tb_fees_mcstop,MU,2026-08-07,877.7455,1,2026-09-08,1000.059957763672,caution_exit,13.93,11652,804.0,8.0
v2_starter_b15_tb_fees_mcstop,NOK,2026-08-03,9.3619,1,2026-09-14,9.648069618606568,caution_exit,2.98,2410,7.56,64.0
v2_starter_b15_tb_fees_mcstop,NVTS,2026-08-04,12.6963,1,2026-09-14,10.644674618721009,stop,-16.22,-6704,10.74,24.0
v2_starter_b15_tb_fees_mcstop,SITM,2026-09-09,590.1649,1,2026-09-14,563.7180000000001,stop,-4.5,-2004,564.0,7.0
v2_starter_b15_tb_fees_mcstop,MSFT,2026-06-30,373.0946,1,2026-09-15,497.02057111816407,caution_exit,33.2,26096,355.51,9.0
v2_starter_b15_tb_fees_time,U11_SI,2026-04-23,36.1972,1,2026-04-24,35.14297,stop,-3.37,-2548,35.15,225.0
v2_starter_b15_tb_fees_time,WRD,2026-05-04,7.8439,1,2026-05-05,7.626185114383698,caution_exit,-2.87,-1091,7.3,36.0
v2_starter_b15_tb_fees_time,ASML,2026-04-23,1414.993,1,2026-05-07,1516.2966555908204,caution_exit,7.15,10826,1314.33,10.0
v2_starter_b15_tb_fees_time,MSFT,2026-06-04,428.1356,1,2026-06-09,398.50028399999997,stop,-6.93,-5503,398.58,8.0
v2_starter_b15_tb_fees_time,TSM,2026-04-20,365.4574,1,2026-06-10,407.71345442504884,caution_exit,11.56,17334,330.99,10.0
v2_starter_b15_tb_fees_time,BE,2026-06-11,248.9298,1,2026-06-15,274.4451,caution_exit,10.24,15859,147.23,10.0
v2_starter_b15_tb_fees_time,SITM,2026-06-17,677.5486,1,2026-06-18,728.6754580383301,caution_exit,7.53,3001,609.15,7.0
v2_starter_b15_tb_fees_time,WRD,2026-06-18,6.3532,1,2026-06-23,5.847074904680253,stop,-8.08,-3212,6.03,46.0
v2_starter_b15_tb_fees_time,AXTI,2026-06-23,77.949,1,2026-06-25,64.98749,stop,-16.65,-6609,65.02,7.0
v2_starter_b15_tb_fees_time,D05_SI,2026-04-23,56.2244,1,2026-07-02,66.41671430511475,caution_exit,16.0,12106,52.99,243.0
v2_starter_b15_tb_fees_time,O39_SI,2026-04-27,21.6043,1,2026-07-02,25.074983923721312,caution_exit,14.09,10735,20.44,242.0
v2_starter_b15_tb_fees_time,NVDA,2026-06-11,204.911,1,2026-08-06,218.94620749206544,caution_exit,6.84,10594,188.79,10.0
v2_starter_b15_tb_fees_time,GOOG,2026-06-11,356.6313,1,2026-08-10,355.53800903320314,time_stop,-0.31,-485,308.38,10.0
v2_starter_b15_tb_fees_time,ASML,2026-08-13,1848.2696,1,2026-08-18,1802.6193844726563,caution_exit,-2.48,-2146,1714.78,8.0
v2_starter_b15_tb_fees_time,LITE,2026-07-31,714.0828,1,2026-08-21,866.5366799682618,caution_exit,21.34,16900,646.6,9.0
v2_starter_b15_tb_fees_time,BE,2026-08-11,211.2522,1,2026-09-08,277.164557220459,caution_exit,31.19,25933,157.33,9.0
v2_starter_b15_tb_fees_time,MU,2026-08-07,877.7455,1,2026-09-08,1000.059957763672,caution_exit,13.93,11591,804.0,8.0
v2_starter_b15_tb_fees_time,NOK,2026-08-03,9.3619,1,2026-09-14,9.648069618606568,caution_exit,2.98,2398,7.56,63.0
v2_starter_b15_tb_fees_time,SITM,2026-08-28,558.1389,1,2026-09-14,558.0708005981446,caution_exit,-0.03,-12,520.02,7.0
v2_starter_b15_tb_fees_time,MSFT,2026-06-30,373.0946,1,2026-09-15,497.02057111816407,caution_exit,33.2,25956,355.51,9.0
v2_starter_b15_tb_fees_trail,U11_SI,2026-04-23,36.1972,1,2026-04-24,35.14297,stop,-3.37,-2548,35.15,225.0
v2_starter_b15_tb_fees_trail,WRD,2026-05-04,7.8439,1,2026-05-05,7.626185114383698,caution_exit,-2.87,-1091,7.3,36.0
v2_starter_b15_tb_fees_trail,ASML,2026-04-23,1414.993,1,2026-05-07,1516.2966555908204,caution_exit,7.15,10826,1314.33,10.0
v2_starter_b15_tb_fees_trail,MSFT,2026-06-04,428.1356,1,2026-06-09,398.50028399999997,stop,-6.93,-5503,398.58,8.0
v2_starter_b15_tb_fees_trail,TSM,2026-04-20,365.4574,1,2026-06-10,407.71345442504884,caution_exit,11.56,17334,330.99,10.0
v2_starter_b15_tb_fees_trail,BE,2026-06-11,248.9298,1,2026-06-15,274.4451,caution_exit,10.24,15859,147.23,10.0
v2_starter_b15_tb_fees_trail,SITM,2026-06-17,677.5486,1,2026-06-18,728.6754580383301,caution_exit,7.53,3001,609.15,7.0
v2_starter_b15_tb_fees_trail,WRD,2026-06-18,6.3532,1,2026-06-23,5.847074904680253,stop,-8.08,-3212,6.03,46.0
v2_starter_b15_tb_fees_trail,AXTI,2026-06-23,77.949,1,2026-06-24,75.11941994438172,trail_stop,-3.65,-1448,65.02,7.0
v2_starter_b15_tb_fees_trail,D05_SI,2026-04-23,56.2244,1,2026-07-02,66.41671430511475,caution_exit,16.0,12106,52.99,243.0
v2_starter_b15_tb_fees_trail,O39_SI,2026-04-27,21.6043,1,2026-07-02,25.074983923721312,caution_exit,14.09,10735,20.44,242.0
v2_starter_b15_tb_fees_trail,GOOG,2026-06-11,356.6313,1,2026-07-23,317.92745926935805,trail_stop,-10.86,-16811,308.38,9.0
v2_starter_b15_tb_fees_trail,NVDA,2026-06-11,204.911,1,2026-08-06,218.94620749206544,caution_exit,6.84,10594,188.79,10.0
v2_starter_b15_tb_fees_trail,LITE,2026-07-31,714.0828,1,2026-08-11,796.29071,trail_stop,11.5,9098,646.6,8.0
v2_starter_b15_tb_fees_trail,ASML,2026-08-13,1848.2696,1,2026-08-18,1802.6193844726563,caution_exit,-2.48,-2097,1714.78,8.0
v2_starter_b15_tb_fees_trail,BE,2026-08-11,211.2522,1,2026-08-18,215.27043522521973,trail_stop,1.89,1555,157.33,8.0
v2_starter_b15_tb_fees_trail,000660_KS,2026-08-07,1422284.4,1,2026-08-19,1522565.2618932368,trail_stop,7.32,6034,1203007.79,320.0
v2_starter_b15_tb_fees_trail,AIXA_DE,2026-08-03,37.4987,1,2026-08-19,37.54271808328628,trail_stop,0.22,89,30.9,80.0
v2_starter_b15_tb_fees_trail,NVTS,2026-08-04,12.6963,1,2026-08-19,12.70114608795643,trail_stop,-0.02,-9,9.03,24.0
v2_starter_b15_tb_fees_trail,MU,2026-08-07,877.7455,1,2026-09-08,1000.059957763672,caution_exit,13.93,11474,804.0,8.0
v2_starter_b15_tb_fees_trail,AIXA_DE,2026-08-24,36.7684,1,2026-09-14,34.352815,stop,-7.46,-3150,34.37,81.0
v2_starter_b15_tb_fees_trail,NOK,2026-08-03,9.3619,1,2026-09-14,9.648069618606568,caution_exit,2.98,2372,7.56,63.0
v2_starter_b15_tb_fees_trail,SITM,2026-08-28,558.1389,1,2026-09-14,558.0708005981446,caution_exit,-0.03,-12,520.02,7.0
v2_starter_b15_tb_fees_trail,MSFT,2026-06-30,373.0946,1,2026-09-15,497.02057111816407,caution_exit,33.2,26085,355.51,9.0
v2_starter_b15_tb_fees_trail_loss,U11_SI,2026-04-23,36.1972,1,2026-04-24,35.14297,stop,-3.37,-2548,35.15,225.0
v2_starter_b15_tb_fees_trail_loss,WRD,2026-05-04,7.8439,1,2026-05-05,7.626185114383698,caution_exit,-2.87,-1091,7.3,36.0
v2_starter_b15_tb_fees_trail_loss,ASML,2026-04-23,1414.993,1,2026-05-07,1516.2966555908204,caution_exit,7.15,10826,1314.33,10.0
v2_starter_b15_tb_fees_trail_loss,MSFT,2026-06-04,428.1356,1,2026-06-09,398.50028399999997,stop,-6.93,-5503,398.58,8.0
v2_starter_b15_tb_fees_trail_loss,TSM,2026-04-20,365.4574,1,2026-06-10,407.71345442504884,caution_exit,11.56,17334,330.99,10.0
v2_starter_b15_tb_fees_trail_loss,BE,2026-06-11,248.9298,1,2026-06-15,274.4451,caution_exit,10.24,15859,147.23,10.0
v2_starter_b15_tb_fees_trail_loss,SITM,2026-06-17,677.5486,1,2026-06-18,728.6754580383301,caution_exit,7.53,3001,609.15,7.0
v2_starter_b15_tb_fees_trail_loss,WRD,2026-06-18,6.3532,1,2026-06-23,5.847074904680253,stop,-8.08,-3212,6.03,46.0
v2_starter_b15_tb_fees_trail_loss,AXTI,2026-06-23,77.949,1,2026-06-24,75.11941994438172,trail_stop,-3.65,-1448,65.02,7.0
v2_starter_b15_tb_fees_trail_loss,D05_SI,2026-04-23,56.2244,1,2026-07-02,66.41671430511475,caution_exit,16.0,12106,52.99,243.0
v2_starter_b15_tb_fees_trail_loss,O39_SI,2026-04-27,21.6043,1,2026-07-02,25.074983923721312,caution_exit,14.09,10735,20.44,242.0
v2_starter_b15_tb_fees_trail_loss,GOOG,2026-06-11,356.6313,1,2026-07-23,317.92745926935805,trail_stop,-10.86,-16811,308.38,9.0
v2_starter_b15_tb_fees_trail_loss,NVDA,2026-06-11,204.911,1,2026-08-06,218.94620749206544,caution_exit,6.84,10594,188.79,10.0
v2_starter_b15_tb_fees_trail_loss,ASML,2026-08-13,1848.2696,1,2026-08-18,1802.6193844726563,caution_exit,-2.48,-2125,1714.78,8.0
v2_starter_b15_tb_fees_trail_loss,BE,2026-08-11,211.2522,1,2026-08-19,212.50749305114746,trail_stop,0.58,481,157.33,8.0
v2_starter_b15_tb_fees_trail_loss,AIXA_DE,2026-08-03,37.4987,1,2026-08-20,37.54271808328628,trail_stop,1.04,415,30.9,80.0
v2_starter_b15_tb_fees_trail_loss,LITE,2026-07-31,714.0828,1,2026-08-21,866.5366799682618,caution_exit,21.34,16879,646.6,8.0
v2_starter_b15_tb_fees_trail_loss,NVTS,2026-08-04,12.6963,1,2026-08-25,12.70114608795643,trail_stop,-0.02,-9,9.03,24.0
v2_starter_b15_tb_fees_trail_loss,MU,2026-08-07,877.7455,1,2026-09-08,1000.059957763672,caution_exit,13.93,11474,804.0,8.0
v2_starter_b15_tb_fees_trail_loss,AIXA_DE,2026-08-24,36.7684,1,2026-09-14,34.352815,stop,-7.46,-3171,34.37,81.0
v2_starter_b15_tb_fees_trail_loss,NOK,2026-08-03,9.3619,1,2026-09-14,9.648069618606568,caution_exit,2.98,2372,7.56,63.0
v2_starter_b15_tb_fees_trail_loss,SITM,2026-08-28,558.1389,1,2026-09-14,558.0708005981446,caution_exit,-0.03,-12,520.02,7.0
v2_starter_b15_tb_fees_trail_loss,MSFT,2026-06-30,373.0946,1,2026-09-15,497.02057111816407,caution_exit,33.2,26085,355.51,9.0
v2_starter_b15_tb_fees_trail_win,U11_SI,2026-04-23,36.1972,1,2026-04-24,35.14297,stop,-3.37,-2548,35.15,225.0
v2_starter_b15_tb_fees_trail_win,WRD,2026-05-04,7.8439,1,2026-05-05,7.626185114383698,caution_exit,-2.87,-1091,7.3,36.0
v2_starter_b15_tb_fees_trail_win,ASML,2026-04-23,1414.993,1,2026-05-07,1516.2966555908204,caution_exit,7.15,10826,1314.33,10.0
v2_starter_b15_tb_fees_trail_win,MSFT,2026-06-04,428.1356,1,2026-06-09,398.50028399999997,stop,-6.93,-5503,398.58,8.0
v2_starter_b15_tb_fees_trail_win,TSM,2026-04-20,365.4574,1,2026-06-10,407.71345442504884,caution_exit,11.56,17334,330.99,10.0
v2_starter_b15_tb_fees_trail_win,BE,2026-06-11,248.9298,1,2026-06-15,274.4451,caution_exit,10.24,15859,147.23,10.0
v2_starter_b15_tb_fees_trail_win,SITM,2026-06-17,677.5486,1,2026-06-18,728.6754580383301,caution_exit,7.53,3001,609.15,7.0
v2_starter_b15_tb_fees_trail_win,WRD,2026-06-18,6.3532,1,2026-06-23,5.847074904680253,stop,-8.08,-3212,6.03,46.0
v2_starter_b15_tb_fees_trail_win,AXTI,2026-06-23,77.949,1,2026-06-24,75.11941994438172,trail_stop,-3.65,-1448,65.02,7.0
v2_starter_b15_tb_fees_trail_win,D05_SI,2026-04-23,56.2244,1,2026-07-02,66.41671430511475,caution_exit,16.0,12106,52.99,243.0
v2_starter_b15_tb_fees_trail_win,O39_SI,2026-04-27,21.6043,1,2026-07-02,25.074983923721312,caution_exit,14.09,10735,20.44,242.0
v2_starter_b15_tb_fees_trail_win,NVDA,2026-06-11,204.911,1,2026-08-06,218.94620749206544,caution_exit,6.84,10594,188.79,10.0
v2_starter_b15_tb_fees_trail_win,LITE,2026-07-31,714.0828,1,2026-08-11,796.29071,trail_stop,11.5,9155,646.6,8.0
v2_starter_b15_tb_fees_trail_win,ASML,2026-08-13,1848.2696,1,2026-08-18,1802.6193844726563,caution_exit,-2.48,-2117,1714.78,8.0
v2_starter_b15_tb_fees_trail_win,BE,2026-08-11,211.2522,1,2026-08-18,215.27043522521973,trail_stop,1.89,1578,157.33,8.0
v2_starter_b15_tb_fees_trail_win,000660_KS,2026-08-07,1422284.4,1,2026-08-19,1522565.2618932368,trail_stop,7.32,6126,1203007.79,324.0
v2_starter_b15_tb_fees_trail_win,AIXA_DE,2026-08-03,37.4987,1,2026-08-19,37.54271808328628,trail_stop,0.23,92,30.9,80.0
v2_starter_b15_tb_fees_trail_win,NVTS,2026-08-04,12.6963,1,2026-08-19,12.70114608795643,trail_stop,-0.02,-8,9.03,24.0
v2_starter_b15_tb_fees_trail_win,MU,2026-08-07,877.7455,1,2026-09-08,1000.059957763672,caution_exit,13.93,11647,804.0,8.0
v2_starter_b15_tb_fees_trail_win,AIXA_DE,2026-08-24,36.7684,1,2026-09-14,34.352815,stop,-7.46,-3178,34.37,81.0
v2_starter_b15_tb_fees_trail_win,NOK,2026-08-03,9.3619,1,2026-09-14,9.648069618606568,caution_exit,2.98,2409,7.56,64.0
v2_starter_b15_tb_fees_trail_win,SITM,2026-08-28,558.1389,1,2026-09-14,558.0708005981446,caution_exit,-0.03,-12,520.02,7.0
v2_starter_b15_tb_fees_trail_win,MSFT,2026-06-30,373.0946,1,2026-09-15,497.02057111816407,caution_exit,33.2,26085,355.51,9.0
